m,n,x1,b391,b392,b393,b394,b395,b396,b397,b398,b399,b400,b401,b402,b403,b404,b405,b406,b407,b408,b409,b410,b411,b412,b413,b414,b415,b416,b417,b418,b419,b420,b421,b422,b423,b424,b425,b426,b427,b428,b429,b430,b431,b432,b433,b434,b435,b436,b437,b438,b439,b440,b441,b442,b443,b444,b445,b446,b447,b448
52.99176795,-66.76316211,70.49393076,2.5,1.5,2.5,1.5,1.5,2.5,0.5,0.5,1.5,2.5,0.5,0.5,2.5,1.5,0.5,0.5,1.5,2.5,0.5,0.5,1.5,2.5,0.5,0.5,1.5,2.5,0.5,0.5,2.5,1.5,0.5,0.5,0.5,0.5,1.5,2.5,2.5,1.5,2.5,1.5,2.5,1.5,0.5,0.5,1.5,2.5,0.5,0.5,0.5,0.5,1.5,2.5,0.5,0.5,0.5,0.5,2.5,1.5
-42.45262705,-81.29517379,-194.4451611,2.5,1.5,2.5,1.5,1.5,2.5,0.5,0.5,1.5,2.5,0.5,0.5,2.5,1.5,0.5,0.5,1.5,2.5,0.5,0.5,1.5,2.5,0.5,0.5,1.5,2.5,0.5,0.5,2.5,1.5,0.5,0.5,0.5,0.5,1.5,2.5,2.5,1.5,2.5,1.5,2.5,1.5,0.5,0.5,1.5,2.5,0.5,0.5,0.5,0.5,1.5,2.5,0.5,0.5,0.5,0.5,2.5,1.5
59.37776476,-96.76925653,120.9247786,2.5,1.5,2.5,1.5,1.5,2.5,0.5,0.5,1.5,2.5,0.5,0.5,2.5,1.5,0.5,0.5,1.5,2.5,0.5,0.5,1.5,2.5,0.5,0.5,1.5,2.5,0.5,0.5,2.5,1.5,0.5,0.5,0.5,0.5,1.5,2.5,2.5,1.5,2.5,1.5,2.5,1.5,0.5,0.5,1.5,2.5,0.5,0.5,0.5,0.5,1.5,2.5,0.5,0.5,0.5,0.5,2.5,1.5
52.04674054,-77.17886561,-195.5317361,2.5,1.5,2.5,1.5,1.5,2.5,0.5,0.5,1.5,2.5,0.5,0.5,2.5,1.5,0.5,0.5,2.5,1.5,1.5,2.5,1.5,2.5,0.5,0.5,1.5,2.5,0.5,0.5,2.5,1.5,0.5,0.5,0.5,0.5,0.5,0.5,1.5,2.5,0.5,0.5,0.5,0.5,1.5,2.5,2.5,1.5,2.5,1.5,2.5,1.5,2.5,1.5,1.5,2.5,0.5,0.5,0.5,0.5
-10.9374794,-92.16926421,-175.7646048,2.5,1.5,2.5,1.5,1.5,2.5,0.5,0.5,1.5,2.5,0.5,0.5,2.5,1.5,0.5,0.5,1.5,2.5,0.5,0.5,1.5,2.5,0.5,0.5,1.5,2.5,0.5,0.5,2.5,1.5,0.5,0.5,0.5,0.5,1.5,2.5,2.5,1.5,2.5,1.5,2.5,1.5,0.5,0.5,1.5,2.5,0.5,0.5,0.5,0.5,1.5,2.5,0.5,0.5,0.5,0.5,2.5,1.5
62.70983295,-12.82228835,145.9989659,2.5,1.5,2.5,1.5,1.5,2.5,0.5,0.5,1.5,2.5,0.5,0.5,2.5,1.5,0.5,0.5,1.5,2.5,0.5,0.5,1.5,2.5,0.5,0.5,1.5,2.5,0.5,0.5,2.5,1.5,0.5,0.5,0.5,0.5,1.5,2.5,2.5,1.5,2.5,1.5,2.5,1.5,0.5,0.5,1.5,2.5,0.5,0.5,0.5,0.5,1.5,2.5,0.5,0.5,0.5,0.5,2.5,1.5
1.968375095,-48.73158688,-185.3163178,2.5,1.5,2.5,1.5,1.5,2.5,0.5,0.5,1.5,2.5,0.5,0.5,2.5,1.5,0.5,0.5,2.5,1.5,1.5,2.5,1.5,2.5,0.5,0.5,1.5,2.5,0.5,0.5,2.5,1.5,0.5,0.5,0.5,0.5,0.5,0.5,1.5,2.5,0.5,0.5,0.5,0.5,2.5,1.5,2.5,1.5,2.5,1.5,2.5,1.5,0.5,0.5,0.5,0.5,0.5,0.5,0.5,0.5
60.08026657,-47.54423647,-143.0082997,2.5,1.5,2.5,1.5,1.5,2.5,0.5,0.5,1.5,2.5,0.5,0.5,2.5,1.5,0.5,0.5,2.5,1.5,1.5,2.5,1.5,2.5,0.5,0.5,1.5,2.5,0.5,0.5,2.5,1.5,0.5,0.5,0.5,0.5,0.5,0.5,1.5,2.5,0.5,0.5,0.5,0.5,1.5,2.5,2.5,1.5,2.5,1.5,2.5,1.5,2.5,1.5,1.5,2.5,0.5,0.5,0.5,0.5
95.72561684,-27.46255794,-126.2334566,2.5,1.5,2.5,1.5,1.5,2.5,0.5,0.5,1.5,2.5,0.5,0.5,2.5,1.5,0.5,0.5,2.5,1.5,1.5,2.5,1.5,2.5,0.5,0.5,1.5,2.5,0.5,0.5,2.5,1.5,0.5,0.5,0.5,0.5,0.5,0.5,1.5,2.5,0.5,0.5,0.5,0.5,1.5,2.5,2.5,1.5,2.5,1.5,2.5,1.5,2.5,1.5,2.5,1.5,1.5,2.5,1.5,2.5
-26.55679399,-81.93189916,-89.68428435,2.5,1.5,2.5,1.5,1.5,2.5,0.5,0.5,1.5,2.5,0.5,0.5,2.5,1.5,0.5,0.5,1.5,2.5,0.5,0.5,1.5,2.5,0.5,0.5,1.5,2.5,0.5,0.5,2.5,1.5,0.5,0.5,0.5,0.5,1.5,2.5,2.5,1.5,2.5,1.5,2.5,1.5,0.5,0.5,1.5,2.5,0.5,0.5,0.5,0.5,1.5,2.5,0.5,0.5,0.5,0.5,2.5,1.5
5.806907725,-84.82778803,192.7011166,2.5,1.5,2.5,1.5,1.5,2.5,0.5,0.5,1.5,2.5,0.5,0.5,2.5,1.5,0.5,0.5,1.5,2.5,0.5,0.5,1.5,2.5,0.5,0.5,1.5,2.5,0.5,0.5,2.5,1.5,0.5,0.5,0.5,0.5,1.5,2.5,2.5,1.5,2.5,1.5,2.5,1.5,0.5,0.5,1.5,2.5,0.5,0.5,0.5,0.5,1.5,2.5,0.5,0.5,0.5,0.5,2.5,1.5
54.81803066,-10.14960506,-162.7612634,2.5,1.5,2.5,1.5,1.5,2.5,0.5,0.5,1.5,2.5,0.5,0.5,2.5,1.5,0.5,0.5,2.5,1.5,1.5,2.5,1.5,2.5,0.5,0.5,1.5,2.5,0.5,0.5,2.5,1.5,0.5,0.5,0.5,0.5,0.5,0.5,1.5,2.5,0.5,0.5,0.5,0.5,1.5,2.5,2.5,1.5,2.5,1.5,2.5,1.5,2.5,1.5,2.5,1.5,1.5,2.5,1.5,2.5
-59.15516271,-41.29785626,-129.3014788,2.5,1.5,2.5,1.5,1.5,2.5,0.5,0.5,1.5,2.5,0.5,0.5,2.5,1.5,0.5,0.5,1.5,2.5,0.5,0.5,1.5,2.5,0.5,0.5,1.5,2.5,0.5,0.5,2.5,1.5,0.5,0.5,0.5,0.5,1.5,2.5,2.5,1.5,2.5,1.5,2.5,1.5,0.5,0.5,1.5,2.5,0.5,0.5,0.5,0.5,1.5,2.5,0.5,0.5,0.5,0.5,2.5,1.5
64.20843286,-88.51540263,32.55048529,2.5,1.5,2.5,1.5,1.5,2.5,0.5,0.5,1.5,2.5,0.5,0.5,2.5,1.5,0.5,0.5,1.5,2.5,0.5,0.5,1.5,2.5,0.5,0.5,1.5,2.5,0.5,0.5,2.5,1.5,0.5,0.5,0.5,0.5,1.5,2.5,2.5,1.5,2.5,1.5,2.5,1.5,0.5,0.5,1.5,2.5,0.5,0.5,0.5,0.5,1.5,2.5,0.5,0.5,0.5,0.5,2.5,1.5
-27.41135519,-32.49671451,59.65628398,2.5,1.5,2.5,1.5,1.5,2.5,0.5,0.5,1.5,2.5,0.5,0.5,2.5,1.5,1.5,2.5,2.5,1.5,2.5,1.5,1.5,2.5,0.5,0.5,1.5,2.5,0.5,0.5,2.5,1.5,0.5,0.5,0.5,0.5,0.5,0.5,1.5,2.5,0.5,0.5,0.5,0.5,0.5,0.5,1.5,2.5,0.5,0.5,0.5,0.5,2.5,1.5,2.5,1.5,2.5,1.5,0.5,0.5
36.85271477,-48.26449072,-30.99539482,2.5,1.5,2.5,1.5,1.5,2.5,0.5,0.5,1.5,2.5,0.5,0.5,2.5,1.5,0.5,0.5,2.5,1.5,1.5,2.5,1.5,2.5,0.5,0.5,1.5,2.5,0.5,0.5,2.5,1.5,0.5,0.5,0.5,0.5,0.5,0.5,1.5,2.5,0.5,0.5,0.5,0.5,0.5,0.5,1.5,2.5,0.5,0.5,0.5,0.5,2.5,1.5,2.5,1.5,1.5,2.5,1.5,2.5
-89.99186387,-76.86647237,-23.29931435,2.5,1.5,2.5,1.5,1.5,2.5,0.5,0.5,1.5,2.5,0.5,0.5,2.5,1.5,0.5,0.5,1.5,2.5,0.5,0.5,1.5,2.5,0.5,0.5,1.5,2.5,0.5,0.5,2.5,1.5,0.5,0.5,0.5,0.5,0.5,0.5,1.5,2.5,0.5,0.5,0.5,0.5,0.5,0.5,1.5,2.5,0.5,0.5,0.5,0.5,1.5,2.5,0.5,0.5,0.5,0.5,2.5,1.5
-38.41656555,-92.08083863,31.53231028,2.5,1.5,2.5,1.5,1.5,2.5,0.5,0.5,1.5,2.5,0.5,0.5,2.5,1.5,1.5,2.5,2.5,1.5,2.5,1.5,1.5,2.5,0.5,0.5,1.5,2.5,0.5,0.5,2.5,1.5,0.5,0.5,0.5,0.5,0.5,0.5,1.5,2.5,0.5,0.5,0.5,0.5,0.5,0.5,1.5,2.5,0.5,0.5,0.5,0.5,2.5,1.5,1.5,2.5,0.5,0.5,0.5,0.5
-58.67691322,-62.2065683,171.5001653,2.5,1.5,2.5,1.5,1.5,2.5,0.5,0.5,1.5,2.5,0.5,0.5,2.5,1.5,1.5,2.5,2.5,1.5,2.5,1.5,1.5,2.5,0.5,0.5,1.5,2.5,0.5,0.5,2.5,1.5,0.5,0.5,0.5,0.5,0.5,0.5,1.5,2.5,0.5,0.5,0.5,0.5,1.5,2.5,2.5,1.5,2.5,1.5,2.5,1.5,2.5,1.5,1.5,2.5,0.5,0.5,0.5,0.5
-78.04685777,-90.48680208,-5.84034037,2.5,1.5,2.5,1.5,1.5,2.5,0.5,0.5,1.5,2.5,0.5,0.5,2.5,1.5,0.5,0.5,1.5,2.5,0.5,0.5,1.5,2.5,0.5,0.5,1.5,2.5,0.5,0.5,2.5,1.5,0.5,0.5,0.5,0.5,0.5,0.5,1.5,2.5,0.5,0.5,0.5,0.5,0.5,0.5,1.5,2.5,0.5,0.5,0.5,0.5,1.5,2.5,0.5,0.5,0.5,0.5,2.5,1.5
-59.26235349,-92.09693355,-50.28762908,2.5,1.5,2.5,1.5,1.5,2.5,0.5,0.5,1.5,2.5,0.5,0.5,2.5,1.5,0.5,0.5,1.5,2.5,0.5,0.5,1.5,2.5,0.5,0.5,1.5,2.5,0.5,0.5,2.5,1.5,0.5,0.5,0.5,0.5,1.5,2.5,2.5,1.5,2.5,1.5,2.5,1.5,0.5,0.5,1.5,2.5,0.5,0.5,0.5,0.5,1.5,2.5,0.5,0.5,0.5,0.5,2.5,1.5
47.49370593,-70.31645119,-97.34517472,2.5,1.5,2.5,1.5,1.5,2.5,0.5,0.5,1.5,2.5,0.5,0.5,2.5,1.5,0.5,0.5,2.5,1.5,1.5,2.5,1.5,2.5,0.5,0.5,1.5,2.5,0.5,0.5,2.5,1.5,0.5,0.5,0.5,0.5,0.5,0.5,1.5,2.5,0.5,0.5,0.5,0.5,0.5,0.5,1.5,2.5,0.5,0.5,0.5,0.5,2.5,1.5,1.5,2.5,0.5,0.5,0.5,0.5
-48.37909429,-2.03401004,176.1439138,2.5,1.5,2.5,1.5,1.5,2.5,0.5,0.5,1.5,2.5,0.5,0.5,2.5,1.5,0.5,0.5,2.5,1.5,1.5,2.5,1.5,2.5,0.5,0.5,1.5,2.5,0.5,0.5,2.5,1.5,0.5,0.5,0.5,0.5,0.5,0.5,1.5,2.5,0.5,0.5,0.5,0.5,1.5,2.5,2.5,1.5,2.5,1.5,2.5,1.5,2.5,1.5,1.5,2.5,0.5,0.5,0.5,0.5
-83.86018015,-14.1027829,-147.4527556,2.5,1.5,2.5,1.5,1.5,2.5,0.5,0.5,1.5,2.5,0.5,0.5,2.5,1.5,0.5,0.5,1.5,2.5,0.5,0.5,1.5,2.5,0.5,0.5,1.5,2.5,0.5,0.5,2.5,1.5,0.5,0.5,0.5,0.5,1.5,2.5,2.5,1.5,2.5,1.5,2.5,1.5,0.5,0.5,1.5,2.5,0.5,0.5,0.5,0.5,1.5,2.5,0.5,0.5,0.5,0.5,2.5,1.5
78.03044643,-65.9146965,125.3549202,2.5,1.5,2.5,1.5,1.5,2.5,0.5,0.5,1.5,2.5,0.5,0.5,2.5,1.5,0.5,0.5,1.5,2.5,0.5,0.5,1.5,2.5,0.5,0.5,1.5,2.5,0.5,0.5,2.5,1.5,0.5,0.5,0.5,0.5,1.5,2.5,2.5,1.5,2.5,1.5,2.5,1.5,0.5,0.5,1.5,2.5,0.5,0.5,0.5,0.5,1.5,2.5,0.5,0.5,0.5,0.5,2.5,1.5
55.69182589,-40.70026618,158.0768417,2.5,1.5,2.5,1.5,1.5,2.5,0.5,0.5,1.5,2.5,0.5,0.5,2.5,1.5,0.5,0.5,1.5,2.5,0.5,0.5,1.5,2.5,0.5,0.5,1.5,2.5,0.5,0.5,2.5,1.5,0.5,0.5,0.5,0.5,1.5,2.5,2.5,1.5,2.5,1.5,2.5,1.5,0.5,0.5,1.5,2.5,0.5,0.5,0.5,0.5,1.5,2.5,0.5,0.5,0.5,0.5,2.5,1.5
55.22749313,-35.99699063,59.82749119,2.5,1.5,2.5,1.5,1.5,2.5,0.5,0.5,1.5,2.5,0.5,0.5,2.5,1.5,0.5,0.5,1.5,2.5,0.5,0.5,1.5,2.5,0.5,0.5,1.5,2.5,0.5,0.5,2.5,1.5,0.5,0.5,0.5,0.5,1.5,2.5,2.5,1.5,2.5,1.5,2.5,1.5,0.5,0.5,1.5,2.5,0.5,0.5,0.5,0.5,1.5,2.5,0.5,0.5,0.5,0.5,2.5,1.5
65.36471767,-12.99458144,184.9348162,2.5,1.5,2.5,1.5,1.5,2.5,0.5,0.5,1.5,2.5,0.5,0.5,2.5,1.5,0.5,0.5,1.5,2.5,0.5,0.5,1.5,2.5,0.5,0.5,1.5,2.5,0.5,0.5,2.5,1.5,0.5,0.5,0.5,0.5,1.5,2.5,2.5,1.5,2.5,1.5,2.5,1.5,0.5,0.5,1.5,2.5,0.5,0.5,0.5,0.5,1.5,2.5,0.5,0.5,0.5,0.5,2.5,1.5
8.625293189,-56.89894051,25.36327308,2.5,1.5,2.5,1.5,1.5,2.5,0.5,0.5,1.5,2.5,0.5,0.5,2.5,1.5,0.5,0.5,1.5,2.5,0.5,0.5,1.5,2.5,0.5,0.5,1.5,2.5,0.5,0.5,2.5,1.5,0.5,0.5,0.5,0.5,0.5,0.5,1.5,2.5,0.5,0.5,0.5,0.5,0.5,0.5,1.5,2.5,0.5,0.5,0.5,0.5,1.5,2.5,0.5,0.5,0.5,0.5,2.5,1.5
-13.1467685,-42.34987487,11.3509221,2.5,1.5,2.5,1.5,1.5,2.5,0.5,0.5,1.5,2.5,0.5,0.5,2.5,1.5,1.5,2.5,2.5,1.5,2.5,1.5,1.5,2.5,0.5,0.5,1.5,2.5,0.5,0.5,2.5,1.5,0.5,0.5,0.5,0.5,0.5,0.5,1.5,2.5,0.5,0.5,0.5,0.5,0.5,0.5,1.5,2.5,0.5,0.5,0.5,0.5,2.5,1.5,2.5,1.5,2.5,1.5,0.5,0.5
-13.54144642,-45.92207697,102.0818541,2.5,1.5,2.5,1.5,1.5,2.5,0.5,0.5,1.5,2.5,0.5,0.5,2.5,1.5,1.5,2.5,2.5,1.5,2.5,1.5,1.5,2.5,0.5,0.5,1.5,2.5,0.5,0.5,2.5,1.5,0.5,0.5,0.5,0.5,0.5,0.5,1.5,2.5,0.5,0.5,0.5,0.5,1.5,2.5,2.5,1.5,2.5,1.5,2.5,1.5,2.5,1.5,2.5,1.5,2.5,1.5,0.5,0.5
-86.99711832,-24.04027741,11.98571753,2.5,1.5,2.5,1.5,1.5,2.5,0.5,0.5,1.5,2.5,0.5,0.5,2.5,1.5,0.5,0.5,2.5,1.5,1.5,2.5,1.5,2.5,0.5,0.5,1.5,2.5,0.5,0.5,2.5,1.5,0.5,0.5,0.5,0.5,0.5,0.5,1.5,2.5,0.5,0.5,0.5,0.5,0.5,0.5,1.5,2.5,0.5,0.5,0.5,0.5,2.5,1.5,2.5,1.5,1.5,2.5,1.5,2.5
43.80452493,-26.9323418,-41.56849382,2.5,1.5,2.5,1.5,1.5,2.5,0.5,0.5,1.5,2.5,0.5,0.5,2.5,1.5,0.5,0.5,2.5,1.5,1.5,2.5,1.5,2.5,0.5,0.5,1.5,2.5,0.5,0.5,2.5,1.5,0.5,0.5,0.5,0.5,0.5,0.5,1.5,2.5,0.5,0.5,0.5,0.5,0.5,0.5,1.5,2.5,0.5,0.5,0.5,0.5,2.5,1.5,2.5,1.5,1.5,2.5,1.5,2.5
30.12387509,-20.7040805,23.17092573,2.5,1.5,2.5,1.5,1.5,2.5,0.5,0.5,1.5,2.5,0.5,0.5,2.5,1.5,0.5,0.5,1.5,2.5,0.5,0.5,1.5,2.5,0.5,0.5,1.5,2.5,0.5,0.5,2.5,1.5,0.5,0.5,0.5,0.5,0.5,0.5,1.5,2.5,0.5,0.5,0.5,0.5,0.5,0.5,1.5,2.5,0.5,0.5,0.5,0.5,1.5,2.5,0.5,0.5,0.5,0.5,2.5,1.5
-14.94703933,-65.73832849,115.5931837,2.5,1.5,2.5,1.5,1.5,2.5,0.5,0.5,1.5,2.5,0.5,0.5,2.5,1.5,1.5,2.5,2.5,1.5,2.5,1.5,1.5,2.5,0.5,0.5,1.5,2.5,0.5,0.5,2.5,1.5,0.5,0.5,0.5,0.5,0.5,0.5,1.5,2.5,0.5,0.5,0.5,0.5,1.5,2.5,2.5,1.5,2.5,1.5,2.5,1.5,2.5,1.5,1.5,2.5,0.5,0.5,0.5,0.5
-92.64261562,-7.308212512,165.3892158,2.5,1.5,2.5,1.5,1.5,2.5,0.5,0.5,1.5,2.5,0.5,0.5,2.5,1.5,0.5,0.5,2.5,1.5,1.5,2.5,1.5,2.5,0.5,0.5,1.5,2.5,0.5,0.5,2.5,1.5,0.5,0.5,0.5,0.5,0.5,0.5,1.5,2.5,0.5,0.5,0.5,0.5,1.5,2.5,2.5,1.5,2.5,1.5,2.5,1.5,2.5,1.5,1.5,2.5,0.5,0.5,0.5,0.5
79.23603123,-46.72262871,114.0545078,2.5,1.5,2.5,1.5,1.5,2.5,0.5,0.5,1.5,2.5,0.5,0.5,2.5,1.5,0.5,0.5,1.5,2.5,0.5,0.5,1.5,2.5,0.5,0.5,1.5,2.5,0.5,0.5,2.5,1.5,0.5,0.5,0.5,0.5,1.5,2.5,2.5,1.5,2.5,1.5,2.5,1.5,0.5,0.5,1.5,2.5,0.5,0.5,0.5,0.5,1.5,2.5,0.5,0.5,0.5,0.5,2.5,1.5
-94.6298146,-87.24611948,-177.9366957,2.5,1.5,2.5,1.5,1.5,2.5,0.5,0.5,1.5,2.5,0.5,0.5,2.5,1.5,0.5,0.5,1.5,2.5,0.5,0.5,1.5,2.5,0.5,0.5,1.5,2.5,0.5,0.5,2.5,1.5,0.5,0.5,0.5,0.5,1.5,2.5,2.5,1.5,2.5,1.5,2.5,1.5,0.5,0.5,1.5,2.5,0.5,0.5,0.5,0.5,1.5,2.5,0.5,0.5,0.5,0.5,2.5,1.5
-54.93249716,-99.74058239,84.76962415,2.5,1.5,2.5,1.5,1.5,2.5,0.5,0.5,1.5,2.5,0.5,0.5,2.5,1.5,1.5,2.5,2.5,1.5,2.5,1.5,1.5,2.5,0.5,0.5,1.5,2.5,0.5,0.5,2.5,1.5,0.5,0.5,0.5,0.5,0.5,0.5,1.5,2.5,0.5,0.5,0.5,0.5,0.5,0.5,1.5,2.5,0.5,0.5,0.5,0.5,2.5,1.5,1.5,2.5,0.5,0.5,0.5,0.5
65.01198668,-3.147481024,44.95524887,2.5,1.5,2.5,1.5,1.5,2.5,0.5,0.5,1.5,2.5,0.5,0.5,2.5,1.5,0.5,0.5,1.5,2.5,0.5,0.5,1.5,2.5,0.5,0.5,1.5,2.5,0.5,0.5,2.5,1.5,0.5,0.5,0.5,0.5,1.5,2.5,2.5,1.5,2.5,1.5,2.5,1.5,0.5,0.5,1.5,2.5,0.5,0.5,0.5,0.5,1.5,2.5,0.5,0.5,0.5,0.5,2.5,1.5
-25.65732634,-44.02265134,64.9858746,2.5,1.5,2.5,1.5,1.5,2.5,0.5,0.5,1.5,2.5,0.5,0.5,2.5,1.5,1.5,2.5,2.5,1.5,2.5,1.5,1.5,2.5,0.5,0.5,1.5,2.5,0.5,0.5,2.5,1.5,0.5,0.5,0.5,0.5,0.5,0.5,1.5,2.5,0.5,0.5,0.5,0.5,0.5,0.5,1.5,2.5,0.5,0.5,0.5,0.5,2.5,1.5,2.5,1.5,2.5,1.5,0.5,0.5
-25.68919772,-99.09128747,93.70561624,2.5,1.5,2.5,1.5,1.5,2.5,0.5,0.5,1.5,2.5,0.5,0.5,2.5,1.5,1.5,2.5,2.5,1.5,2.5,1.5,1.5,2.5,0.5,0.5,1.5,2.5,0.5,0.5,2.5,1.5,0.5,0.5,0.5,0.5,0.5,0.5,1.5,2.5,0.5,0.5,0.5,0.5,0.5,0.5,1.5,2.5,0.5,0.5,0.5,0.5,2.5,1.5,2.5,1.5,2.5,1.5,0.5,0.5
-76.70794171,-52.14390166,178.9825828,2.5,1.5,2.5,1.5,1.5,2.5,0.5,0.5,1.5,2.5,0.5,0.5,2.5,1.5,0.5,0.5,2.5,1.5,1.5,2.5,1.5,2.5,0.5,0.5,1.5,2.5,0.5,0.5,2.5,1.5,0.5,0.5,0.5,0.5,0.5,0.5,1.5,2.5,0.5,0.5,0.5,0.5,1.5,2.5,2.5,1.5,2.5,1.5,2.5,1.5,2.5,1.5,2.5,1.5,1.5,2.5,1.5,2.5
59.117937,-27.36912556,-42.13111603,2.5,1.5,2.5,1.5,1.5,2.5,0.5,0.5,1.5,2.5,0.5,0.5,2.5,1.5,0.5,0.5,2.5,1.5,1.5,2.5,1.5,2.5,0.5,0.5,1.5,2.5,0.5,0.5,2.5,1.5,0.5,0.5,0.5,0.5,0.5,0.5,1.5,2.5,0.5,0.5,0.5,0.5,0.5,0.5,1.5,2.5,0.5,0.5,0.5,0.5,2.5,1.5,1.5,2.5,0.5,0.5,0.5,0.5
53.43284677,-32.93941295,-93.4616005,2.5,1.5,2.5,1.5,1.5,2.5,0.5,0.5,1.5,2.5,0.5,0.5,2.5,1.5,0.5,0.5,2.5,1.5,1.5,2.5,1.5,2.5,0.5,0.5,1.5,2.5,0.5,0.5,2.5,1.5,0.5,0.5,0.5,0.5,0.5,0.5,1.5,2.5,0.5,0.5,0.5,0.5,0.5,0.5,1.5,2.5,0.5,0.5,0.5,0.5,2.5,1.5,1.5,2.5,0.5,0.5,0.5,0.5
-95.43890738,-75.01761349,-8.255815572,2.5,1.5,2.5,1.5,1.5,2.5,0.5,0.5,1.5,2.5,0.5,0.5,2.5,1.5,0.5,0.5,1.5,2.5,0.5,0.5,1.5,2.5,0.5,0.5,1.5,2.5,0.5,0.5,2.5,1.5,0.5,0.5,0.5,0.5,0.5,0.5,1.5,2.5,0.5,0.5,0.5,0.5,0.5,0.5,1.5,2.5,0.5,0.5,0.5,0.5,1.5,2.5,0.5,0.5,0.5,0.5,2.5,1.5
25.61079497,-25.37100337,163.5488033,2.5,1.5,2.5,1.5,1.5,2.5,0.5,0.5,1.5,2.5,0.5,0.5,2.5,1.5,0.5,0.5,1.5,2.5,0.5,0.5,1.5,2.5,0.5,0.5,1.5,2.5,0.5,0.5,2.5,1.5,0.5,0.5,0.5,0.5,1.5,2.5,2.5,1.5,2.5,1.5,2.5,1.5,0.5,0.5,1.5,2.5,0.5,0.5,0.5,0.5,1.5,2.5,0.5,0.5,0.5,0.5,2.5,1.5
-14.48180101,-87.66216104,150.4688463,2.5,1.5,2.5,1.5,1.5,2.5,0.5,0.5,1.5,2.5,0.5,0.5,2.5,1.5,1.5,2.5,2.5,1.5,2.5,1.5,1.5,2.5,0.5,0.5,1.5,2.5,0.5,0.5,2.5,1.5,0.5,0.5,0.5,0.5,0.5,0.5,1.5,2.5,0.5,0.5,0.5,0.5,1.5,2.5,2.5,1.5,2.5,1.5,2.5,1.5,2.5,1.5,2.5,1.5,2.5,1.5,0.5,0.5
15.69211897,-54.18759932,161.0208534,2.5,1.5,2.5,1.5,1.5,2.5,0.5,0.5,1.5,2.5,0.5,0.5,2.5,1.5,0.5,0.5,1.5,2.5,0.5,0.5,1.5,2.5,0.5,0.5,1.5,2.5,0.5,0.5,2.5,1.5,0.5,0.5,0.5,0.5,1.5,2.5,2.5,1.5,2.5,1.5,2.5,1.5,0.5,0.5,1.5,2.5,0.5,0.5,0.5,0.5,1.5,2.5,0.5,0.5,0.5,0.5,2.5,1.5
-24.26970097,-47.12500222,29.33346819,2.5,1.5,2.5,1.5,1.5,2.5,0.5,0.5,1.5,2.5,0.5,0.5,2.5,1.5,1.5,2.5,2.5,1.5,2.5,1.5,1.5,2.5,0.5,0.5,1.5,2.5,0.5,0.5,2.5,1.5,0.5,0.5,0.5,0.5,0.5,0.5,1.5,2.5,0.5,0.5,0.5,0.5,0.5,0.5,1.5,2.5,0.5,0.5,0.5,0.5,2.5,1.5,1.5,2.5,0.5,0.5,0.5,0.5
23.47950311,-19.11329553,-29.7921084,2.5,1.5,2.5,1.5,1.5,2.5,0.5,0.5,1.5,2.5,0.5,0.5,2.5,1.5,0.5,0.5,2.5,1.5,1.5,2.5,1.5,2.5,0.5,0.5,1.5,2.5,0.5,0.5,2.5,1.5,0.5,0.5,0.5,0.5,0.5,0.5,1.5,2.5,0.5,0.5,0.5,0.5,0.5,0.5,1.5,2.5,0.5,0.5,0.5,0.5,2.5,1.5,1.5,2.5,0.5,0.5,0.5,0.5
-66.58637943,-83.20861841,168.5725444,2.5,1.5,2.5,1.5,1.5,2.5,0.5,0.5,1.5,2.5,0.5,0.5,2.5,1.5,1.5,2.5,2.5,1.5,2.5,1.5,1.5,2.5,0.5,0.5,1.5,2.5,0.5,0.5,2.5,1.5,0.5,0.5,0.5,0.5,0.5,0.5,1.5,2.5,0.5,0.5,0.5,0.5,1.5,2.5,2.5,1.5,2.5,1.5,2.5,1.5,2.5,1.5,1.5,2.5,0.5,0.5,0.5,0.5
41.72436226,-4.696097395,-137.8334306,2.5,1.5,2.5,1.5,1.5,2.5,0.5,0.5,1.5,2.5,0.5,0.5,2.5,1.5,0.5,0.5,2.5,1.5,1.5,2.5,1.5,2.5,0.5,0.5,1.5,2.5,0.5,0.5,2.5,1.5,0.5,0.5,0.5,0.5,0.5,0.5,1.5,2.5,0.5,0.5,0.5,0.5,1.5,2.5,2.5,1.5,2.5,1.5,2.5,1.5,2.5,1.5,2.5,1.5,1.5,2.5,1.5,2.5
34.50309948,-59.83898259,196.1314701,2.5,1.5,2.5,1.5,1.5,2.5,0.5,0.5,1.5,2.5,0.5,0.5,2.5,1.5,0.5,0.5,1.5,2.5,0.5,0.5,1.5,2.5,0.5,0.5,1.5,2.5,0.5,0.5,2.5,1.5,0.5,0.5,0.5,0.5,1.5,2.5,2.5,1.5,2.5,1.5,2.5,1.5,0.5,0.5,1.5,2.5,0.5,0.5,0.5,0.5,1.5,2.5,0.5,0.5,0.5,0.5,2.5,1.5
19.83715947,-95.01766888,-156.7669476,2.5,1.5,2.5,1.5,1.5,2.5,0.5,0.5,1.5,2.5,0.5,0.5,2.5,1.5,0.5,0.5,2.5,1.5,1.5,2.5,1.5,2.5,0.5,0.5,1.5,2.5,0.5,0.5,2.5,1.5,0.5,0.5,0.5,0.5,0.5,0.5,1.5,2.5,0.5,0.5,0.5,0.5,1.5,2.5,2.5,1.5,2.5,1.5,2.5,1.5,2.5,1.5,2.5,1.5,1.5,2.5,1.5,2.5
-80.23518507,-66.69682448,184.5252972,2.5,1.5,2.5,1.5,1.5,2.5,0.5,0.5,1.5,2.5,0.5,0.5,2.5,1.5,0.5,0.5,2.5,1.5,1.5,2.5,1.5,2.5,0.5,0.5,1.5,2.5,0.5,0.5,2.5,1.5,0.5,0.5,0.5,0.5,0.5,0.5,1.5,2.5,0.5,0.5,0.5,0.5,1.5,2.5,2.5,1.5,2.5,1.5,2.5,1.5,2.5,1.5,2.5,1.5,1.5,2.5,1.5,2.5
-62.75646564,-21.46655289,42.69600554,2.5,1.5,2.5,1.5,1.5,2.5,0.5,0.5,1.5,2.5,0.5,0.5,2.5,1.5,0.5,0.5,2.5,1.5,1.5,2.5,1.5,2.5,0.5,0.5,1.5,2.5,0.5,0.5,2.5,1.5,0.5,0.5,0.5,0.5,0.5,0.5,1.5,2.5,0.5,0.5,0.5,0.5,0.5,0.5,1.5,2.5,0.5,0.5,0.5,0.5,2.5,1.5,1.5,2.5,0.5,0.5,0.5,0.5
27.96963527,-70.72063158,-160.6941454,2.5,1.5,2.5,1.5,1.5,2.5,0.5,0.5,1.5,2.5,0.5,0.5,2.5,1.5,0.5,0.5,2.5,1.5,1.5,2.5,1.5,2.5,0.5,0.5,1.5,2.5,0.5,0.5,2.5,1.5,0.5,0.5,0.5,0.5,0.5,0.5,1.5,2.5,0.5,0.5,0.5,0.5,1.5,2.5,2.5,1.5,2.5,1.5,2.5,1.5,2.5,1.5,2.5,1.5,1.5,2.5,1.5,2.5
-21.68307743,-80.22636863,-78.50882853,2.5,1.5,2.5,1.5,1.5,2.5,0.5,0.5,1.5,2.5,0.5,0.5,2.5,1.5,0.5,0.5,1.5,2.5,0.5,0.5,1.5,2.5,0.5,0.5,1.5,2.5,0.5,0.5,2.5,1.5,0.5,0.5,0.5,0.5,1.5,2.5,2.5,1.5,2.5,1.5,2.5,1.5,0.5,0.5,1.5,2.5,0.5,0.5,0.5,0.5,1.5,2.5,0.5,0.5,0.5,0.5,2.5,1.5
99.65252977,-54.42037462,60.97016795,2.5,1.5,2.5,1.5,1.5,2.5,0.5,0.5,1.5,2.5,0.5,0.5,2.5,1.5,0.5,0.5,1.5,2.5,0.5,0.5,1.5,2.5,0.5,0.5,1.5,2.5,0.5,0.5,2.5,1.5,0.5,0.5,0.5,0.5,1.5,2.5,2.5,1.5,2.5,1.5,2.5,1.5,0.5,0.5,1.5,2.5,0.5,0.5,0.5,0.5,1.5,2.5,0.5,0.5,0.5,0.5,2.5,1.5
-49.70521314,-14.09531099,-156.2759646,2.5,1.5,2.5,1.5,1.5,2.5,0.5,0.5,1.5,2.5,0.5,0.5,2.5,1.5,0.5,0.5,1.5,2.5,0.5,0.5,1.5,2.5,0.5,0.5,1.5,2.5,0.5,0.5,2.5,1.5,0.5,0.5,0.5,0.5,1.5,2.5,2.5,1.5,2.5,1.5,2.5,1.5,0.5,0.5,1.5,2.5,0.5,0.5,0.5,0.5,1.5,2.5,0.5,0.5,0.5,0.5,2.5,1.5
42.39158775,-82.28588609,-155.3957923,2.5,1.5,2.5,1.5,1.5,2.5,0.5,0.5,1.5,2.5,0.5,0.5,2.5,1.5,0.5,0.5,2.5,1.5,1.5,2.5,1.5,2.5,0.5,0.5,1.5,2.5,0.5,0.5,2.5,1.5,0.5,0.5,0.5,0.5,0.5,0.5,1.5,2.5,0.5,0.5,0.5,0.5,1.5,2.5,2.5,1.5,2.5,1.5,2.5,1.5,2.5,1.5,1.5,2.5,0.5,0.5,0.5,0.5
8.157646282,-33.05141151,-124.7617485,2.5,1.5,2.5,1.5,1.5,2.5,0.5,0.5,1.5,2.5,0.5,0.5,2.5,1.5,0.5,0.5,2.5,1.5,1.5,2.5,1.5,2.5,0.5,0.5,1.5,2.5,0.5,0.5,2.5,1.5,0.5,0.5,0.5,0.5,0.5,0.5,1.5,2.5,0.5,0.5,0.5,0.5,1.5,2.5,2.5,1.5,2.5,1.5,2.5,1.5,2.5,1.5,1.5,2.5,0.5,0.5,0.5,0.5
-47.2409998,-18.39955798,38.54133263,2.5,1.5,2.5,1.5,1.5,2.5,0.5,0.5,1.5,2.5,0.5,0.5,2.5,1.5,0.5,0.5,2.5,1.5,1.5,2.5,1.5,2.5,0.5,0.5,1.5,2.5,0.5,0.5,2.5,1.5,0.5,0.5,0.5,0.5,0.5,0.5,1.5,2.5,0.5,0.5,0.5,0.5,0.5,0.5,1.5,2.5,0.5,0.5,0.5,0.5,2.5,1.5,2.5,1.5,1.5,2.5,1.5,2.5
-41.22697325,-3.746027902,-41.26436527,2.5,1.5,2.5,1.5,1.5,2.5,0.5,0.5,1.5,2.5,0.5,0.5,2.5,1.5,0.5,0.5,1.5,2.5,0.5,0.5,1.5,2.5,0.5,0.5,1.5,2.5,0.5,0.5,2.5,1.5,0.5,0.5,0.5,0.5,1.5,2.5,2.5,1.5,2.5,1.5,2.5,1.5,0.5,0.5,1.5,2.5,0.5,0.5,0.5,0.5,1.5,2.5,0.5,0.5,0.5,0.5,2.5,1.5
28.34395533,-2.589268514,102.4409352,2.5,1.5,2.5,1.5,1.5,2.5,0.5,0.5,1.5,2.5,0.5,0.5,2.5,1.5,0.5,0.5,1.5,2.5,0.5,0.5,1.5,2.5,0.5,0.5,1.5,2.5,0.5,0.5,2.5,1.5,0.5,0.5,0.5,0.5,1.5,2.5,2.5,1.5,2.5,1.5,2.5,1.5,0.5,0.5,1.5,2.5,0.5,0.5,0.5,0.5,1.5,2.5,0.5,0.5,0.5,0.5,2.5,1.5
-43.63702343,-27.30373806,162.0747248,2.5,1.5,2.5,1.5,1.5,2.5,0.5,0.5,1.5,2.5,0.5,0.5,2.5,1.5,0.5,0.5,2.5,1.5,1.5,2.5,1.5,2.5,0.5,0.5,1.5,2.5,0.5,0.5,2.5,1.5,0.5,0.5,0.5,0.5,0.5,0.5,1.5,2.5,0.5,0.5,0.5,0.5,1.5,2.5,2.5,1.5,2.5,1.5,2.5,1.5,2.5,1.5,1.5,2.5,0.5,0.5,0.5,0.5
-46.97229162,-31.56049375,131.7364258,2.5,1.5,2.5,1.5,1.5,2.5,0.5,0.5,1.5,2.5,0.5,0.5,2.5,1.5,0.5,0.5,2.5,1.5,1.5,2.5,1.5,2.5,0.5,0.5,1.5,2.5,0.5,0.5,2.5,1.5,0.5,0.5,0.5,0.5,0.5,0.5,1.5,2.5,0.5,0.5,0.5,0.5,1.5,2.5,2.5,1.5,2.5,1.5,2.5,1.5,2.5,1.5,1.5,2.5,0.5,0.5,0.5,0.5
21.54133678,-53.03053037,77.59011468,2.5,1.5,2.5,1.5,1.5,2.5,0.5,0.5,1.5,2.5,0.5,0.5,2.5,1.5,0.5,0.5,1.5,2.5,0.5,0.5,1.5,2.5,0.5,0.5,1.5,2.5,0.5,0.5,2.5,1.5,0.5,0.5,0.5,0.5,1.5,2.5,2.5,1.5,2.5,1.5,2.5,1.5,0.5,0.5,1.5,2.5,0.5,0.5,0.5,0.5,1.5,2.5,0.5,0.5,0.5,0.5,2.5,1.5
52.13641059,-14.49838352,144.6303295,2.5,1.5,2.5,1.5,1.5,2.5,0.5,0.5,1.5,2.5,0.5,0.5,2.5,1.5,0.5,0.5,1.5,2.5,0.5,0.5,1.5,2.5,0.5,0.5,1.5,2.5,0.5,0.5,2.5,1.5,0.5,0.5,0.5,0.5,1.5,2.5,2.5,1.5,2.5,1.5,2.5,1.5,0.5,0.5,1.5,2.5,0.5,0.5,0.5,0.5,1.5,2.5,0.5,0.5,0.5,0.5,2.5,1.5
-85.12593016,-69.47196848,165.0109852,2.5,1.5,2.5,1.5,1.5,2.5,0.5,0.5,1.5,2.5,0.5,0.5,2.5,1.5,0.5,0.5,2.5,1.5,1.5,2.5,1.5,2.5,0.5,0.5,1.5,2.5,0.5,0.5,2.5,1.5,0.5,0.5,0.5,0.5,0.5,0.5,1.5,2.5,0.5,0.5,0.5,0.5,1.5,2.5,2.5,1.5,2.5,1.5,2.5,1.5,2.5,1.5,2.5,1.5,1.5,2.5,1.5,2.5
-55.48310481,-52.01554452,-21.07732671,2.5,1.5,2.5,1.5,1.5,2.5,0.5,0.5,1.5,2.5,0.5,0.5,2.5,1.5,0.5,0.5,1.5,2.5,0.5,0.5,1.5,2.5,0.5,0.5,1.5,2.5,0.5,0.5,2.5,1.5,0.5,0.5,0.5,0.5,0.5,0.5,1.5,2.5,0.5,0.5,0.5,0.5,0.5,0.5,1.5,2.5,0.5,0.5,0.5,0.5,1.5,2.5,0.5,0.5,0.5,0.5,2.5,1.5
-14.69047402,-15.98820639,116.8322104,2.5,1.5,2.5,1.5,1.5,2.5,0.5,0.5,1.5,2.5,0.5,0.5,2.5,1.5,1.5,2.5,2.5,1.5,2.5,1.5,1.5,2.5,0.5,0.5,1.5,2.5,0.5,0.5,2.5,1.5,0.5,0.5,0.5,0.5,0.5,0.5,1.5,2.5,0.5,0.5,0.5,0.5,2.5,1.5,2.5,1.5,2.5,1.5,2.5,1.5,0.5,0.5,0.5,0.5,0.5,0.5,0.5,0.5
29.62214406,-15.31962988,6.532705069,2.5,1.5,2.5,1.5,1.5,2.5,0.5,0.5,1.5,2.5,0.5,0.5,2.5,1.5,0.5,0.5,1.5,2.5,0.5,0.5,1.5,2.5,0.5,0.5,1.5,2.5,0.5,0.5,2.5,1.5,0.5,0.5,0.5,0.5,0.5,0.5,1.5,2.5,0.5,0.5,0.5,0.5,0.5,0.5,1.5,2.5,0.5,0.5,0.5,0.5,1.5,2.5,0.5,0.5,0.5,0.5,2.5,1.5
-13.61299349,-60.89265052,116.9149673,2.5,1.5,2.5,1.5,1.5,2.5,0.5,0.5,1.5,2.5,0.5,0.5,2.5,1.5,1.5,2.5,2.5,1.5,2.5,1.5,1.5,2.5,0.5,0.5,1.5,2.5,0.5,0.5,2.5,1.5,0.5,0.5,0.5,0.5,0.5,0.5,1.5,2.5,0.5,0.5,0.5,0.5,1.5,2.5,2.5,1.5,2.5,1.5,2.5,1.5,2.5,1.5,2.5,1.5,2.5,1.5,0.5,0.5
93.38080804,-68.25471326,-138.6052381,2.5,1.5,2.5,1.5,1.5,2.5,0.5,0.5,1.5,2.5,0.5,0.5,2.5,1.5,0.5,0.5,2.5,1.5,1.5,2.5,1.5,2.5,0.5,0.5,1.5,2.5,0.5,0.5,2.5,1.5,0.5,0.5,0.5,0.5,0.5,0.5,1.5,2.5,0.5,0.5,0.5,0.5,1.5,2.5,2.5,1.5,2.5,1.5,2.5,1.5,2.5,1.5,1.5,2.5,0.5,0.5,0.5,0.5
-48.35802024,-70.3569913,-39.01231872,2.5,1.5,2.5,1.5,1.5,2.5,0.5,0.5,1.5,2.5,0.5,0.5,2.5,1.5,0.5,0.5,1.5,2.5,0.5,0.5,1.5,2.5,0.5,0.5,1.5,2.5,0.5,0.5,2.5,1.5,0.5,0.5,0.5,0.5,1.5,2.5,2.5,1.5,2.5,1.5,2.5,1.5,0.5,0.5,1.5,2.5,0.5,0.5,0.5,0.5,1.5,2.5,0.5,0.5,0.5,0.5,2.5,1.5
47.35207451,-78.71819557,-138.8495897,2.5,1.5,2.5,1.5,1.5,2.5,0.5,0.5,1.5,2.5,0.5,0.5,2.5,1.5,0.5,0.5,2.5,1.5,1.5,2.5,1.5,2.5,0.5,0.5,1.5,2.5,0.5,0.5,2.5,1.5,0.5,0.5,0.5,0.5,0.5,0.5,1.5,2.5,0.5,0.5,0.5,0.5,1.5,2.5,2.5,1.5,2.5,1.5,2.5,1.5,2.5,1.5,1.5,2.5,0.5,0.5,0.5,0.5
21.50414043,-61.41396851,-24.57487308,2.5,1.5,2.5,1.5,1.5,2.5,0.5,0.5,1.5,2.5,0.5,0.5,2.5,1.5,0.5,0.5,2.5,1.5,1.5,2.5,1.5,2.5,0.5,0.5,1.5,2.5,0.5,0.5,2.5,1.5,0.5,0.5,0.5,0.5,0.5,0.5,1.5,2.5,0.5,0.5,0.5,0.5,0.5,0.5,1.5,2.5,0.5,0.5,0.5,0.5,2.5,1.5,2.5,1.5,1.5,2.5,1.5,2.5
-53.72362826,-6.94988017,127.6975969,2.5,1.5,2.5,1.5,1.5,2.5,0.5,0.5,1.5,2.5,0.5,0.5,2.5,1.5,0.5,0.5,2.5,1.5,1.5,2.5,1.5,2.5,0.5,0.5,1.5,2.5,0.5,0.5,2.5,1.5,0.5,0.5,0.5,0.5,0.5,0.5,1.5,2.5,0.5,0.5,0.5,0.5,1.5,2.5,2.5,1.5,2.5,1.5,2.5,1.5,2.5,1.5,2.5,1.5,1.5,2.5,1.5,2.5
-25.44570182,-37.47601124,155.5555968,2.5,1.5,2.5,1.5,1.5,2.5,0.5,0.5,1.5,2.5,0.5,0.5,2.5,1.5,1.5,2.5,2.5,1.5,2.5,1.5,1.5,2.5,0.5,0.5,1.5,2.5,0.5,0.5,2.5,1.5,0.5,0.5,0.5,0.5,0.5,0.5,1.5,2.5,0.5,0.5,0.5,0.5,1.5,2.5,2.5,1.5,2.5,1.5,2.5,1.5,2.5,1.5,2.5,1.5,2.5,1.5,0.5,0.5
-73.58453829,-10.45145098,-52.65410995,2.5,1.5,2.5,1.5,1.5,2.5,0.5,0.5,1.5,2.5,0.5,0.5,2.5,1.5,0.5,0.5,1.5,2.5,0.5,0.5,1.5,2.5,0.5,0.5,1.5,2.5,0.5,0.5,2.5,1.5,0.5,0.5,0.5,0.5,1.5,2.5,2.5,1.5,2.5,1.5,2.5,1.5,0.5,0.5,1.5,2.5,0.5,0.5,0.5,0.5,1.5,2.5,0.5,0.5,0.5,0.5,2.5,1.5
9.718827746,-25.11289764,-99.77279999,2.5,1.5,2.5,1.5,1.5,2.5,0.5,0.5,1.5,2.5,0.5,0.5,2.5,1.5,0.5,0.5,2.5,1.5,1.5,2.5,1.5,2.5,0.5,0.5,1.5,2.5,0.5,0.5,2.5,1.5,0.5,0.5,0.5,0.5,0.5,0.5,1.5,2.5,0.5,0.5,0.5,0.5,0.5,0.5,1.5,2.5,0.5,0.5,0.5,0.5,2.5,1.5,2.5,1.5,1.5,2.5,1.5,2.5
34.81426862,-6.443140921,-95.57862538,2.5,1.5,2.5,1.5,1.5,2.5,0.5,0.5,1.5,2.5,0.5,0.5,2.5,1.5,0.5,0.5,2.5,1.5,1.5,2.5,1.5,2.5,0.5,0.5,1.5,2.5,0.5,0.5,2.5,1.5,0.5,0.5,0.5,0.5,0.5,0.5,1.5,2.5,0.5,0.5,0.5,0.5,0.5,0.5,1.5,2.5,0.5,0.5,0.5,0.5,2.5,1.5,2.5,1.5,1.5,2.5,1.5,2.5
-92.72469412,-85.8153197,156.7012428,2.5,1.5,2.5,1.5,1.5,2.5,0.5,0.5,1.5,2.5,0.5,0.5,2.5,1.5,0.5,0.5,2.5,1.5,1.5,2.5,1.5,2.5,0.5,0.5,1.5,2.5,0.5,0.5,2.5,1.5,0.5,0.5,0.5,0.5,0.5,0.5,1.5,2.5,0.5,0.5,0.5,0.5,1.5,2.5,2.5,1.5,2.5,1.5,2.5,1.5,2.5,1.5,2.5,1.5,1.5,2.5,1.5,2.5
-33.92478578,-4.427873449,-149.9321392,2.5,1.5,2.5,1.5,1.5,2.5,0.5,0.5,1.5,2.5,0.5,0.5,2.5,1.5,0.5,0.5,1.5,2.5,0.5,0.5,1.5,2.5,0.5,0.5,1.5,2.5,0.5,0.5,2.5,1.5,0.5,0.5,0.5,0.5,1.5,2.5,2.5,1.5,2.5,1.5,2.5,1.5,0.5,0.5,1.5,2.5,0.5,0.5,0.5,0.5,1.5,2.5,0.5,0.5,0.5,0.5,2.5,1.5
93.50190097,-58.59808174,-99.47012347,2.5,1.5,2.5,1.5,1.5,2.5,0.5,0.5,1.5,2.5,0.5,0.5,2.5,1.5,0.5,0.5,2.5,1.5,1.5,2.5,1.5,2.5,0.5,0.5,1.5,2.5,0.5,0.5,2.5,1.5,0.5,0.5,0.5,0.5,0.5,0.5,1.5,2.5,0.5,0.5,0.5,0.5,0.5,0.5,1.5,2.5,0.5,0.5,0.5,0.5,2.5,1.5,2.5,1.5,1.5,2.5,1.5,2.5
-97.0459568,-56.18355512,27.16077251,2.5,1.5,2.5,1.5,1.5,2.5,0.5,0.5,1.5,2.5,0.5,0.5,2.5,1.5,0.5,0.5,2.5,1.5,1.5,2.5,1.5,2.5,0.5,0.5,1.5,2.5,0.5,0.5,2.5,1.5,0.5,0.5,0.5,0.5,0.5,0.5,1.5,2.5,0.5,0.5,0.5,0.5,0.5,0.5,1.5,2.5,0.5,0.5,0.5,0.5,2.5,1.5,2.5,1.5,1.5,2.5,1.5,2.5
-11.07203999,-14.7511377,179.7406581,2.5,1.5,2.5,1.5,1.5,2.5,0.5,0.5,1.5,2.5,0.5,0.5,2.5,1.5,1.5,2.5,2.5,1.5,2.5,1.5,1.5,2.5,0.5,0.5,1.5,2.5,0.5,0.5,2.5,1.5,0.5,0.5,0.5,0.5,0.5,0.5,1.5,2.5,0.5,0.5,0.5,0.5,2.5,1.5,2.5,1.5,2.5,1.5,2.5,1.5,0.5,0.5,0.5,0.5,0.5,0.5,0.5,0.5
-76.86951298,-8.716806542,127.3533553,2.5,1.5,2.5,1.5,1.5,2.5,0.5,0.5,1.5,2.5,0.5,0.5,2.5,1.5,0.5,0.5,2.5,1.5,1.5,2.5,1.5,2.5,0.5,0.5,1.5,2.5,0.5,0.5,2.5,1.5,0.5,0.5,0.5,0.5,0.5,0.5,1.5,2.5,0.5,0.5,0.5,0.5,1.5,2.5,2.5,1.5,2.5,1.5,2.5,1.5,2.5,1.5,1.5,2.5,0.5,0.5,0.5,0.5
80.27117797,-61.10093249,-7.935829218,2.5,1.5,2.5,1.5,1.5,2.5,0.5,0.5,1.5,2.5,0.5,0.5,2.5,1.5,0.5,0.5,2.5,1.5,1.5,2.5,1.5,2.5,0.5,0.5,1.5,2.5,0.5,0.5,2.5,1.5,0.5,0.5,0.5,0.5,0.5,0.5,1.5,2.5,0.5,0.5,0.5,0.5,0.5,0.5,1.5,2.5,0.5,0.5,0.5,0.5,2.5,1.5,1.5,2.5,0.5,0.5,0.5,0.5
-40.25741596,-45.62392121,195.2376167,2.5,1.5,2.5,1.5,1.5,2.5,0.5,0.5,1.5,2.5,0.5,0.5,2.5,1.5,1.5,2.5,2.5,1.5,2.5,1.5,1.5,2.5,0.5,0.5,1.5,2.5,0.5,0.5,2.5,1.5,0.5,0.5,0.5,0.5,0.5,0.5,1.5,2.5,0.5,0.5,0.5,0.5,1.5,2.5,2.5,1.5,2.5,1.5,2.5,1.5,2.5,1.5,2.5,1.5,2.5,1.5,0.5,0.5
12.7461904,-94.47743787,15.19781624,2.5,1.5,2.5,1.5,1.5,2.5,0.5,0.5,1.5,2.5,0.5,0.5,2.5,1.5,0.5,0.5,1.5,2.5,0.5,0.5,1.5,2.5,0.5,0.5,1.5,2.5,0.5,0.5,2.5,1.5,0.5,0.5,0.5,0.5,0.5,0.5,1.5,2.5,0.5,0.5,0.5,0.5,0.5,0.5,1.5,2.5,0.5,0.5,0.5,0.5,1.5,2.5,0.5,0.5,0.5,0.5,2.5,1.5
47.48399229,-89.67148323,-149.4571007,2.5,1.5,2.5,1.5,1.5,2.5,0.5,0.5,1.5,2.5,0.5,0.5,2.5,1.5,0.5,0.5,2.5,1.5,1.5,2.5,1.5,2.5,0.5,0.5,1.5,2.5,0.5,0.5,2.5,1.5,0.5,0.5,0.5,0.5,0.5,0.5,1.5,2.5,0.5,0.5,0.5,0.5,1.5,2.5,2.5,1.5,2.5,1.5,2.5,1.5,2.5,1.5,1.5,2.5,0.5,0.5,0.5,0.5
-13.38057125,-68.68832152,33.44498599,2.5,1.5,2.5,1.5,1.5,2.5,0.5,0.5,1.5,2.5,0.5,0.5,2.5,1.5,1.5,2.5,2.5,1.5,2.5,1.5,1.5,2.5,0.5,0.5,1.5,2.5,0.5,0.5,2.5,1.5,0.5,0.5,0.5,0.5,0.5,0.5,1.5,2.5,0.5,0.5,0.5,0.5,0.5,0.5,1.5,2.5,0.5,0.5,0.5,0.5,2.5,1.5,2.5,1.5,2.5,1.5,0.5,0.5
53.30611685,-70.10223805,-10.93251949,2.5,1.5,2.5,1.5,1.5,2.5,0.5,0.5,1.5,2.5,0.5,0.5,2.5,1.5,0.5,0.5,2.5,1.5,1.5,2.5,1.5,2.5,0.5,0.5,1.5,2.5,0.5,0.5,2.5,1.5,0.5,0.5,0.5,0.5,0.5,0.5,1.5,2.5,0.5,0.5,0.5,0.5,0.5,0.5,1.5,2.5,0.5,0.5,0.5,0.5,2.5,1.5,1.5,2.5,0.5,0.5,0.5,0.5
71.88357329,-70.206264,-149.8193605,2.5,1.5,2.5,1.5,1.5,2.5,0.5,0.5,1.5,2.5,0.5,0.5,2.5,1.5,0.5,0.5,2.5,1.5,1.5,2.5,1.5,2.5,0.5,0.5,1.5,2.5,0.5,0.5,2.5,1.5,0.5,0.5,0.5,0.5,0.5,0.5,1.5,2.5,0.5,0.5,0.5,0.5,1.5,2.5,2.5,1.5,2.5,1.5,2.5,1.5,2.5,1.5,2.5,1.5,1.5,2.5,1.5,2.5
15.07237349,-50.3741572,-104.3571863,2.5,1.5,2.5,1.5,1.5,2.5,0.5,0.5,1.5,2.5,0.5,0.5,2.5,1.5,0.5,0.5,2.5,1.5,1.5,2.5,1.5,2.5,0.5,0.5,1.5,2.5,0.5,0.5,2.5,1.5,0.5,0.5,0.5,0.5,0.5,0.5,1.5,2.5,0.5,0.5,0.5,0.5,1.5,2.5,2.5,1.5,2.5,1.5,2.5,1.5,2.5,1.5,1.5,2.5,0.5,0.5,0.5,0.5
-86.37882053,-84.34522243,-159.8125236,2.5,1.5,2.5,1.5,1.5,2.5,0.5,0.5,1.5,2.5,0.5,0.5,2.5,1.5,0.5,0.5,1.5,2.5,0.5,0.5,1.5,2.5,0.5,0.5,1.5,2.5,0.5,0.5,2.5,1.5,0.5,0.5,0.5,0.5,2.5,1.5,2.5,1.5,2.5,1.5,2.5,1.5,0.5,0.5,0.5,0.5,0.5,0.5,0.5,0.5,0.5,0.5,0.5,0.5,0.5,0.5,0.5,0.5
93.11479258,-96.63004817,43.29661938,2.5,1.5,2.5,1.5,1.5,2.5,0.5,0.5,1.5,2.5,0.5,0.5,2.5,1.5,0.5,0.5,1.5,2.5,0.5,0.5,1.5,2.5,0.5,0.5,1.5,2.5,0.5,0.5,2.5,1.5,0.5,0.5,0.5,0.5,1.5,2.5,2.5,1.5,2.5,1.5,2.5,1.5,0.5,0.5,1.5,2.5,0.5,0.5,0.5,0.5,1.5,2.5,0.5,0.5,0.5,0.5,2.5,1.5
3.0115966796875,-3.633155822753906,-48.87931823730469,2.5,1.5,2.5,1.5,2.5,1.5,2.5,1.5,1.5,2.5,2.5,1.5,2.5,1.5,0.5,0.5,2.5,1.5,1.5,2.5,1.5,2.5,0.5,0.5,1.5,2.5,0.5,0.5,2.5,1.5,0.5,0.5,0.5,0.5,0.5,0.5,1.5,2.5,0.5,0.5,0.5,0.5,0.5,0.5,1.5,2.5,0.5,0.5,0.5,0.5,2.5,1.5,1.5,2.5,0.5,0.5,0.5,0.5
-26.7191162109375,-22.72834014892578,102.33441162109376,2.5,1.5,2.5,1.5,1.5,2.5,0.5,0.5,1.5,2.5,0.5,0.5,2.5,1.5,0.5,0.5,2.5,1.5,1.5,2.5,1.5,2.5,0.5,0.5,1.5,2.5,0.5,0.5,2.5,1.5,0.5,0.5,0.5,0.5,0.5,0.5,1.5,2.5,0.5,0.5,0.5,0.5,1.5,2.5,2.5,1.5,2.5,1.5,2.5,1.5,2.5,1.5,2.5,1.5,1.5,2.5,1.5,2.5
-29.845687866210938,-54.106689453125,145.70098876953125,2.5,1.5,2.5,1.5,1.5,2.5,0.5,0.5,1.5,2.5,0.5,0.5,2.5,1.5,1.5,2.5,2.5,1.5,2.5,1.5,1.5,2.5,0.5,0.5,1.5,2.5,0.5,0.5,2.5,1.5,0.5,0.5,0.5,0.5,0.5,0.5,1.5,2.5,0.5,0.5,0.5,0.5,1.5,2.5,2.5,1.5,2.5,1.5,2.5,1.5,2.5,1.5,2.5,1.5,2.5,1.5,0.5,0.5
-25.59754943847656,-19.80845642089844,15.42596435546875,2.5,1.5,2.5,1.5,1.5,2.5,0.5,0.5,1.5,2.5,0.5,0.5,2.5,1.5,0.5,0.5,2.5,1.5,1.5,2.5,1.5,2.5,0.5,0.5,1.5,2.5,0.5,0.5,2.5,1.5,0.5,0.5,0.5,0.5,0.5,0.5,1.5,2.5,0.5,0.5,0.5,0.5,0.5,0.5,1.5,2.5,0.5,0.5,0.5,0.5,2.5,1.5,2.5,1.5,1.5,2.5,1.5,2.5
-30.089149475097656,-57.675392150878906,106.83416748046876,2.5,1.5,2.5,1.5,1.5,2.5,0.5,0.5,1.5,2.5,0.5,0.5,2.5,1.5,1.5,2.5,2.5,1.5,2.5,1.5,1.5,2.5,0.5,0.5,1.5,2.5,0.5,0.5,2.5,1.5,0.5,0.5,0.5,0.5,0.5,0.5,1.5,2.5,0.5,0.5,0.5,0.5,1.5,2.5,2.5,1.5,2.5,1.5,2.5,1.5,2.5,1.5,1.5,2.5,0.5,0.5,0.5,0.5
62.763870239257805,-30.650604248046875,-59.52429199218751,2.5,1.5,2.5,1.5,1.5,2.5,0.5,0.5,1.5,2.5,0.5,0.5,2.5,1.5,0.5,0.5,2.5,1.5,1.5,2.5,1.5,2.5,0.5,0.5,1.5,2.5,0.5,0.5,2.5,1.5,0.5,0.5,0.5,0.5,0.5,0.5,1.5,2.5,0.5,0.5,0.5,0.5,0.5,0.5,1.5,2.5,0.5,0.5,0.5,0.5,2.5,1.5,2.5,1.5,1.5,2.5,1.5,2.5
-30.187240600585938,-58.77544403076172,158.059326171875,2.5,1.5,2.5,1.5,1.5,2.5,0.5,0.5,1.5,2.5,0.5,0.5,2.5,1.5,1.5,2.5,2.5,1.5,2.5,1.5,1.5,2.5,0.5,0.5,1.5,2.5,0.5,0.5,2.5,1.5,0.5,0.5,0.5,0.5,0.5,0.5,1.5,2.5,0.5,0.5,0.5,0.5,1.5,2.5,2.5,1.5,2.5,1.5,2.5,1.5,2.5,1.5,1.5,2.5,0.5,0.5,0.5,0.5
-30.00988006591797,-56.6279754638672,152.53378295898435,2.5,1.5,2.5,1.5,1.5,2.5,0.5,0.5,1.5,2.5,0.5,0.5,2.5,1.5,1.5,2.5,2.5,1.5,2.5,1.5,1.5,2.5,0.5,0.5,1.5,2.5,0.5,0.5,2.5,1.5,0.5,0.5,0.5,0.5,0.5,0.5,1.5,2.5,0.5,0.5,0.5,0.5,1.5,2.5,2.5,1.5,2.5,1.5,2.5,1.5,2.5,1.5,1.5,2.5,0.5,0.5,0.5,0.5
-30.076393127441406,-57.517593383789055,142.49227905273435,2.5,1.5,2.5,1.5,1.5,2.5,0.5,0.5,1.5,2.5,0.5,0.5,2.5,1.5,1.5,2.5,2.5,1.5,2.5,1.5,1.5,2.5,0.5,0.5,1.5,2.5,0.5,0.5,2.5,1.5,0.5,0.5,0.5,0.5,0.5,0.5,1.5,2.5,0.5,0.5,0.5,0.5,1.5,2.5,2.5,1.5,2.5,1.5,2.5,1.5,2.5,1.5,2.5,1.5,2.5,1.5,0.5,0.5
-30.513038635253903,-87.61807250976561,-41.03466796875,2.5,1.5,2.5,1.5,1.5,2.5,0.5,0.5,1.5,2.5,0.5,0.5,2.5,1.5,0.5,0.5,1.5,2.5,0.5,0.5,1.5,2.5,0.5,0.5,1.5,2.5,0.5,0.5,2.5,1.5,0.5,0.5,0.5,0.5,1.5,2.5,2.5,1.5,2.5,1.5,2.5,1.5,0.5,0.5,1.5,2.5,0.5,0.5,0.5,0.5,1.5,2.5,0.5,0.5,0.5,0.5,2.5,1.5
19.015594482421875,-53.20497894287109,-41.181060791015625,2.5,1.5,2.5,1.5,1.5,2.5,0.5,0.5,1.5,2.5,0.5,0.5,2.5,1.5,0.5,0.5,2.5,1.5,1.5,2.5,1.5,2.5,0.5,0.5,1.5,2.5,0.5,0.5,2.5,1.5,0.5,0.5,0.5,0.5,0.5,0.5,1.5,2.5,0.5,0.5,0.5,0.5,0.5,0.5,1.5,2.5,0.5,0.5,0.5,0.5,2.5,1.5,1.5,2.5,0.5,0.5,0.5,0.5
39.43223571777344,-35.59873962402344,-118.82186126708984,2.5,1.5,2.5,1.5,1.5,2.5,0.5,0.5,1.5,2.5,0.5,0.5,2.5,1.5,0.5,0.5,2.5,1.5,1.5,2.5,1.5,2.5,0.5,0.5,1.5,2.5,0.5,0.5,2.5,1.5,0.5,0.5,0.5,0.5,0.5,0.5,1.5,2.5,0.5,0.5,0.5,0.5,1.5,2.5,2.5,1.5,2.5,1.5,2.5,1.5,2.5,1.5,1.5,2.5,0.5,0.5,0.5,0.5
44.54130554199219,-29.086593627929688,-114.78765869140624,2.5,1.5,2.5,1.5,1.5,2.5,0.5,0.5,1.5,2.5,0.5,0.5,2.5,1.5,0.5,0.5,2.5,1.5,1.5,2.5,1.5,2.5,0.5,0.5,1.5,2.5,0.5,0.5,2.5,1.5,0.5,0.5,0.5,0.5,0.5,0.5,1.5,2.5,0.5,0.5,0.5,0.5,1.5,2.5,2.5,1.5,2.5,1.5,2.5,1.5,2.5,1.5,2.5,1.5,1.5,2.5,1.5,2.5
-40.90712738037109,-33.05695343017578,153.20233154296875,2.5,1.5,2.5,1.5,1.5,2.5,0.5,0.5,1.5,2.5,0.5,0.5,2.5,1.5,0.5,0.5,2.5,1.5,1.5,2.5,1.5,2.5,0.5,0.5,1.5,2.5,0.5,0.5,2.5,1.5,0.5,0.5,0.5,0.5,0.5,0.5,1.5,2.5,0.5,0.5,0.5,0.5,1.5,2.5,2.5,1.5,2.5,1.5,2.5,1.5,2.5,1.5,2.5,1.5,1.5,2.5,1.5,2.5
-48.918418884277344,-21.15630340576172,173.01010131835935,2.5,1.5,2.5,1.5,1.5,2.5,0.5,0.5,1.5,2.5,0.5,0.5,2.5,1.5,0.5,0.5,2.5,1.5,1.5,2.5,1.5,2.5,0.5,0.5,1.5,2.5,0.5,0.5,2.5,1.5,0.5,0.5,0.5,0.5,0.5,0.5,1.5,2.5,0.5,0.5,0.5,0.5,1.5,2.5,2.5,1.5,2.5,1.5,2.5,1.5,2.5,1.5,2.5,1.5,1.5,2.5,1.5,2.5
5.209815979003905,-60.89171600341797,-53.85877990722656,2.5,1.5,2.5,1.5,1.5,2.5,0.5,0.5,1.5,2.5,0.5,0.5,2.5,1.5,0.5,0.5,2.5,1.5,1.5,2.5,1.5,2.5,0.5,0.5,1.5,2.5,0.5,0.5,2.5,1.5,0.5,0.5,0.5,0.5,0.5,0.5,1.5,2.5,0.5,0.5,0.5,0.5,0.5,0.5,1.5,2.5,0.5,0.5,0.5,0.5,2.5,1.5,1.5,2.5,0.5,0.5,0.5,0.5
-20.58680725097656,-87.23076629638672,-92.28472900390624,2.5,1.5,2.5,1.5,1.5,2.5,0.5,0.5,1.5,2.5,0.5,0.5,2.5,1.5,0.5,0.5,1.5,2.5,0.5,0.5,1.5,2.5,0.5,0.5,1.5,2.5,0.5,0.5,2.5,1.5,0.5,0.5,0.5,0.5,1.5,2.5,2.5,1.5,2.5,1.5,2.5,1.5,0.5,0.5,1.5,2.5,0.5,0.5,0.5,0.5,1.5,2.5,0.5,0.5,0.5,0.5,2.5,1.5
-45.67848587036133,-25.52733612060547,172.56643676757812,2.5,1.5,2.5,1.5,1.5,2.5,0.5,0.5,1.5,2.5,0.5,0.5,2.5,1.5,0.5,0.5,2.5,1.5,1.5,2.5,1.5,2.5,0.5,0.5,1.5,2.5,0.5,0.5,2.5,1.5,0.5,0.5,0.5,0.5,0.5,0.5,1.5,2.5,0.5,0.5,0.5,0.5,1.5,2.5,2.5,1.5,2.5,1.5,2.5,1.5,2.5,1.5,1.5,2.5,0.5,0.5,0.5,0.5
-34.10332489013672,-76.55106353759764,38.729446411132805,2.5,1.5,2.5,1.5,1.5,2.5,0.5,0.5,1.5,2.5,0.5,0.5,2.5,1.5,1.5,2.5,2.5,1.5,2.5,1.5,1.5,2.5,0.5,0.5,1.5,2.5,0.5,0.5,2.5,1.5,0.5,0.5,0.5,0.5,0.5,0.5,1.5,2.5,0.5,0.5,0.5,0.5,0.5,0.5,1.5,2.5,0.5,0.5,0.5,0.5,2.5,1.5,2.5,1.5,2.5,1.5,0.5,0.5
35.173553466796875,-74.7259063720703,-11.362960815429688,2.5,1.5,2.5,1.5,1.5,2.5,0.5,0.5,1.5,2.5,0.5,0.5,2.5,1.5,0.5,0.5,2.5,1.5,1.5,2.5,1.5,2.5,0.5,0.5,1.5,2.5,0.5,0.5,2.5,1.5,0.5,0.5,0.5,0.5,0.5,0.5,1.5,2.5,0.5,0.5,0.5,0.5,0.5,0.5,1.5,2.5,0.5,0.5,0.5,0.5,2.5,1.5,1.5,2.5,0.5,0.5,0.5,0.5
58.34385681152344,-61.562042236328125,52.91247558593751,2.5,1.5,2.5,1.5,1.5,2.5,0.5,0.5,1.5,2.5,0.5,0.5,2.5,1.5,0.5,0.5,1.5,2.5,0.5,0.5,1.5,2.5,0.5,0.5,1.5,2.5,0.5,0.5,2.5,1.5,0.5,0.5,0.5,0.5,1.5,2.5,2.5,1.5,2.5,1.5,2.5,1.5,0.5,0.5,1.5,2.5,0.5,0.5,0.5,0.5,1.5,2.5,0.5,0.5,0.5,0.5,2.5,1.5
-66.44424438476562,-59.1212272644043,98.13619995117188,2.5,1.5,2.5,1.5,1.5,2.5,0.5,0.5,1.5,2.5,0.5,0.5,2.5,1.5,0.5,0.5,2.5,1.5,1.5,2.5,1.5,2.5,0.5,0.5,1.5,2.5,0.5,0.5,2.5,1.5,0.5,0.5,0.5,0.5,0.5,0.5,1.5,2.5,0.5,0.5,0.5,0.5,0.5,0.5,1.5,2.5,0.5,0.5,0.5,0.5,2.5,1.5,1.5,2.5,0.5,0.5,0.5,0.5
53.17909240722656,-69.55204772949219,90.0760803222656,2.5,1.5,2.5,1.5,1.5,2.5,0.5,0.5,1.5,2.5,0.5,0.5,2.5,1.5,0.5,0.5,1.5,2.5,0.5,0.5,1.5,2.5,0.5,0.5,1.5,2.5,0.5,0.5,2.5,1.5,0.5,0.5,0.5,0.5,1.5,2.5,2.5,1.5,2.5,1.5,2.5,1.5,0.5,0.5,1.5,2.5,0.5,0.5,0.5,0.5,1.5,2.5,0.5,0.5,0.5,0.5,2.5,1.5
-57.84041976928711,-16.95575714111328,123.07699584960936,2.5,1.5,2.5,1.5,1.5,2.5,0.5,0.5,1.5,2.5,0.5,0.5,2.5,1.5,0.5,0.5,2.5,1.5,1.5,2.5,1.5,2.5,0.5,0.5,1.5,2.5,0.5,0.5,2.5,1.5,0.5,0.5,0.5,0.5,0.5,0.5,1.5,2.5,0.5,0.5,0.5,0.5,1.5,2.5,2.5,1.5,2.5,1.5,2.5,1.5,2.5,1.5,2.5,1.5,1.5,2.5,1.5,2.5
60.023681640625,-63.31317901611328,-65.32333374023438,2.5,1.5,2.5,1.5,1.5,2.5,0.5,0.5,1.5,2.5,0.5,0.5,2.5,1.5,0.5,0.5,2.5,1.5,1.5,2.5,1.5,2.5,0.5,0.5,1.5,2.5,0.5,0.5,2.5,1.5,0.5,0.5,0.5,0.5,0.5,0.5,1.5,2.5,0.5,0.5,0.5,0.5,0.5,0.5,1.5,2.5,0.5,0.5,0.5,0.5,2.5,1.5,1.5,2.5,0.5,0.5,0.5,0.5
-59.19048690795898,-20.487365722656246,145.48431396484375,2.5,1.5,2.5,1.5,1.5,2.5,0.5,0.5,1.5,2.5,0.5,0.5,2.5,1.5,0.5,0.5,2.5,1.5,1.5,2.5,1.5,2.5,0.5,0.5,1.5,2.5,0.5,0.5,2.5,1.5,0.5,0.5,0.5,0.5,0.5,0.5,1.5,2.5,0.5,0.5,0.5,0.5,1.5,2.5,2.5,1.5,2.5,1.5,2.5,1.5,2.5,1.5,2.5,1.5,1.5,2.5,1.5,2.5
-65.05859375,-65.01515197753906,-138.84193420410156,2.5,1.5,2.5,1.5,1.5,2.5,0.5,0.5,1.5,2.5,0.5,0.5,2.5,1.5,0.5,0.5,1.5,2.5,0.5,0.5,1.5,2.5,0.5,0.5,1.5,2.5,0.5,0.5,1.5,2.5,0.5,0.5,0.5,0.5,2.5,1.5,2.5,1.5,2.5,1.5,1.5,2.5,0.5,0.5,0.5,0.5,0.5,0.5,0.5,0.5,0.5,0.5,0.5,0.5,0.5,0.5,0.5,0.5
-61.39202880859375,-26.36190795898437,123.58447265625,2.5,1.5,2.5,1.5,1.5,2.5,0.5,0.5,1.5,2.5,0.5,0.5,2.5,1.5,0.5,0.5,2.5,1.5,1.5,2.5,1.5,2.5,0.5,0.5,1.5,2.5,0.5,0.5,2.5,1.5,0.5,0.5,0.5,0.5,0.5,0.5,1.5,2.5,0.5,0.5,0.5,0.5,1.5,2.5,2.5,1.5,2.5,1.5,2.5,1.5,2.5,1.5,1.5,2.5,0.5,0.5,0.5,0.5
25.35871124267578,-74.35602569580078,-158.89976501464844,2.5,1.5,2.5,1.5,1.5,2.5,0.5,0.5,1.5,2.5,0.5,0.5,2.5,1.5,0.5,0.5,2.5,1.5,1.5,2.5,1.5,2.5,0.5,0.5,1.5,2.5,0.5,0.5,2.5,1.5,0.5,0.5,0.5,0.5,0.5,0.5,1.5,2.5,0.5,0.5,0.5,0.5,1.5,2.5,2.5,1.5,2.5,1.5,2.5,1.5,2.5,1.5,1.5,2.5,0.5,0.5,0.5,0.5
13.225601196289062,-39.437294006347656,102.68743896484376,2.5,1.5,2.5,1.5,1.5,2.5,0.5,0.5,1.5,2.5,0.5,0.5,2.5,1.5,0.5,0.5,1.5,2.5,0.5,0.5,1.5,2.5,0.5,0.5,1.5,2.5,0.5,0.5,2.5,1.5,0.5,0.5,0.5,0.5,1.5,2.5,2.5,1.5,2.5,1.5,2.5,1.5,0.5,0.5,1.5,2.5,0.5,0.5,0.5,0.5,1.5,2.5,0.5,0.5,0.5,0.5,2.5,1.5
3.374252319335937,-31.3248291015625,163.12661743164062,2.5,1.5,2.5,1.5,1.5,2.5,0.5,0.5,1.5,2.5,0.5,0.5,2.5,1.5,0.5,0.5,1.5,2.5,0.5,0.5,1.5,2.5,0.5,0.5,1.5,2.5,0.5,0.5,2.5,1.5,0.5,0.5,0.5,0.5,2.5,1.5,2.5,1.5,2.5,1.5,2.5,1.5,0.5,0.5,0.5,0.5,0.5,0.5,0.5,0.5,0.5,0.5,0.5,0.5,0.5,0.5,0.5,0.5
-42.048431396484375,-44.46400833129882,-11.9578857421875,2.5,1.5,2.5,1.5,1.5,2.5,0.5,0.5,1.5,2.5,0.5,0.5,2.5,1.5,0.5,0.5,1.5,2.5,0.5,0.5,1.5,2.5,0.5,0.5,1.5,2.5,0.5,0.5,2.5,1.5,0.5,0.5,0.5,0.5,0.5,0.5,1.5,2.5,0.5,0.5,0.5,0.5,0.5,0.5,1.5,2.5,0.5,0.5,0.5,0.5,1.5,2.5,0.5,0.5,0.5,0.5,2.5,1.5
56.19482421875,-48.92641830444336,-178.94569396972656,2.5,1.5,2.5,1.5,1.5,2.5,0.5,0.5,1.5,2.5,0.5,0.5,2.5,1.5,0.5,0.5,2.5,1.5,1.5,2.5,1.5,2.5,0.5,0.5,1.5,2.5,0.5,0.5,2.5,1.5,0.5,0.5,0.5,0.5,0.5,0.5,1.5,2.5,0.5,0.5,0.5,0.5,1.5,2.5,2.5,1.5,2.5,1.5,2.5,1.5,2.5,1.5,1.5,2.5,0.5,0.5,0.5,0.5
-16.236572265625,-50.039356231689446,-55.01705932617188,2.5,1.5,2.5,1.5,1.5,2.5,0.5,0.5,1.5,2.5,0.5,0.5,2.5,1.5,0.5,0.5,1.5,2.5,0.5,0.5,1.5,2.5,0.5,0.5,1.5,2.5,0.5,0.5,2.5,1.5,0.5,0.5,0.5,0.5,1.5,2.5,2.5,1.5,2.5,1.5,2.5,1.5,0.5,0.5,1.5,2.5,0.5,0.5,0.5,0.5,1.5,2.5,0.5,0.5,0.5,0.5,2.5,1.5
57.37927246093751,-37.87343978881836,-180.512451171875,2.5,1.5,2.5,1.5,1.5,2.5,0.5,0.5,1.5,2.5,0.5,0.5,2.5,1.5,0.5,0.5,2.5,1.5,1.5,2.5,1.5,2.5,0.5,0.5,1.5,2.5,0.5,0.5,2.5,1.5,0.5,0.5,0.5,0.5,0.5,0.5,1.5,2.5,0.5,0.5,0.5,0.5,1.5,2.5,2.5,1.5,2.5,1.5,2.5,1.5,2.5,1.5,1.5,2.5,0.5,0.5,0.5,0.5
-27.321838378906246,-48.82979583740234,-55.36444091796875,2.5,1.5,2.5,1.5,1.5,2.5,0.5,0.5,1.5,2.5,0.5,0.5,2.5,1.5,0.5,0.5,1.5,2.5,0.5,0.5,1.5,2.5,0.5,0.5,1.5,2.5,0.5,0.5,2.5,1.5,0.5,0.5,0.5,0.5,1.5,2.5,2.5,1.5,2.5,1.5,2.5,1.5,0.5,0.5,1.5,2.5,0.5,0.5,0.5,0.5,1.5,2.5,0.5,0.5,0.5,0.5,2.5,1.5
51.62658691406249,-53.69746780395508,-143.43753051757812,2.5,1.5,2.5,1.5,1.5,2.5,0.5,0.5,1.5,2.5,0.5,0.5,2.5,1.5,0.5,0.5,2.5,1.5,1.5,2.5,1.5,2.5,0.5,0.5,1.5,2.5,0.5,0.5,2.5,1.5,0.5,0.5,0.5,0.5,0.5,0.5,1.5,2.5,0.5,0.5,0.5,0.5,1.5,2.5,2.5,1.5,2.5,1.5,2.5,1.5,2.5,1.5,2.5,1.5,1.5,2.5,1.5,2.5
47.11012268066406,-24.215087890625,-180.21936035156247,2.5,1.5,2.5,1.5,1.5,2.5,0.5,0.5,1.5,2.5,0.5,0.5,2.5,1.5,0.5,0.5,2.5,1.5,1.5,2.5,1.5,2.5,0.5,0.5,1.5,2.5,0.5,0.5,2.5,1.5,0.5,0.5,0.5,0.5,0.5,0.5,1.5,2.5,0.5,0.5,0.5,0.5,1.5,2.5,2.5,1.5,2.5,1.5,2.5,1.5,2.5,1.5,1.5,2.5,0.5,0.5,0.5,0.5
55.91471862792969,-49.48755645751953,-183.11259460449216,2.5,1.5,2.5,1.5,1.5,2.5,0.5,0.5,1.5,2.5,0.5,0.5,2.5,1.5,0.5,0.5,2.5,1.5,1.5,2.5,1.5,2.5,0.5,0.5,1.5,2.5,0.5,0.5,2.5,1.5,0.5,0.5,0.5,0.5,0.5,0.5,1.5,2.5,0.5,0.5,0.5,0.5,1.5,2.5,2.5,1.5,2.5,1.5,2.5,1.5,2.5,1.5,2.5,1.5,1.5,2.5,1.5,2.5
-48.19477081298828,-52.6665267944336,137.45220947265625,2.5,1.5,2.5,1.5,1.5,2.5,0.5,0.5,1.5,2.5,0.5,0.5,2.5,1.5,1.5,2.5,2.5,1.5,2.5,1.5,1.5,2.5,0.5,0.5,1.5,2.5,0.5,0.5,2.5,1.5,0.5,0.5,0.5,0.5,0.5,0.5,1.5,2.5,0.5,0.5,0.5,0.5,1.5,2.5,2.5,1.5,2.5,1.5,2.5,1.5,2.5,1.5,2.5,1.5,2.5,1.5,0.5,0.5
-52.45516204833984,-55.19709777832031,101.88720703125,2.5,1.5,2.5,1.5,1.5,2.5,0.5,0.5,1.5,2.5,0.5,0.5,2.5,1.5,1.5,2.5,2.5,1.5,2.5,1.5,1.5,2.5,0.5,0.5,1.5,2.5,0.5,0.5,2.5,1.5,0.5,0.5,0.5,0.5,0.5,0.5,1.5,2.5,0.5,0.5,0.5,0.5,1.5,2.5,2.5,1.5,2.5,1.5,2.5,1.5,2.5,1.5,1.5,2.5,0.5,0.5,0.5,0.5
-23.29168701171876,-33.58036804199219,-119.66047668457033,2.5,1.5,2.5,1.5,1.5,2.5,0.5,0.5,1.5,2.5,0.5,0.5,2.5,1.5,0.5,0.5,1.5,2.5,0.5,0.5,1.5,2.5,0.5,0.5,1.5,2.5,0.5,0.5,2.5,1.5,0.5,0.5,0.5,0.5,1.5,2.5,2.5,1.5,2.5,1.5,2.5,1.5,0.5,0.5,1.5,2.5,0.5,0.5,0.5,0.5,1.5,2.5,0.5,0.5,0.5,0.5,2.5,1.5
-27.46484375,-37.2089729309082,-112.74346923828124,2.5,1.5,2.5,1.5,1.5,2.5,0.5,0.5,1.5,2.5,0.5,0.5,2.5,1.5,0.5,0.5,1.5,2.5,0.5,0.5,1.5,2.5,0.5,0.5,1.5,2.5,0.5,0.5,2.5,1.5,0.5,0.5,0.5,0.5,1.5,2.5,2.5,1.5,2.5,1.5,2.5,1.5,0.5,0.5,1.5,2.5,0.5,0.5,0.5,0.5,1.5,2.5,0.5,0.5,0.5,0.5,2.5,1.5
-22.31945037841797,-32.81780242919922,-119.44325256347656,2.5,1.5,2.5,1.5,1.5,2.5,0.5,0.5,1.5,2.5,0.5,0.5,2.5,1.5,0.5,0.5,1.5,2.5,0.5,0.5,1.5,2.5,0.5,0.5,1.5,2.5,0.5,0.5,2.5,1.5,0.5,0.5,0.5,0.5,1.5,2.5,2.5,1.5,2.5,1.5,2.5,1.5,0.5,0.5,1.5,2.5,0.5,0.5,0.5,0.5,1.5,2.5,0.5,0.5,0.5,0.5,2.5,1.5
-52.338428497314446,-58.892799377441406,69.95535278320312,2.5,1.5,2.5,1.5,1.5,2.5,0.5,0.5,1.5,2.5,0.5,0.5,2.5,1.5,1.5,2.5,2.5,1.5,2.5,1.5,1.5,2.5,0.5,0.5,1.5,2.5,0.5,0.5,2.5,1.5,0.5,0.5,0.5,0.5,0.5,0.5,1.5,2.5,0.5,0.5,0.5,0.5,0.5,0.5,1.5,2.5,0.5,0.5,0.5,0.5,2.5,1.5,1.5,2.5,0.5,0.5,0.5,0.5
-52.06947326660156,-54.6421356201172,73.72705078125,2.5,1.5,2.5,1.5,1.5,2.5,0.5,0.5,1.5,2.5,0.5,0.5,2.5,1.5,1.5,2.5,2.5,1.5,2.5,1.5,1.5,2.5,0.5,0.5,1.5,2.5,0.5,0.5,2.5,1.5,0.5,0.5,0.5,0.5,0.5,0.5,1.5,2.5,0.5,0.5,0.5,0.5,0.5,0.5,1.5,2.5,0.5,0.5,0.5,0.5,2.5,1.5,1.5,2.5,0.5,0.5,0.5,0.5
-32.159133911132805,-39.99199676513672,102.13400268554688,2.5,1.5,2.5,1.5,1.5,2.5,0.5,0.5,1.5,2.5,0.5,0.5,2.5,1.5,1.5,2.5,2.5,1.5,2.5,1.5,1.5,2.5,0.5,0.5,1.5,2.5,0.5,0.5,2.5,1.5,0.5,0.5,0.5,0.5,0.5,0.5,1.5,2.5,0.5,0.5,0.5,0.5,1.5,2.5,2.5,1.5,2.5,1.5,2.5,1.5,2.5,1.5,1.5,2.5,0.5,0.5,0.5,0.5
-28.06169891357421,-37.81610107421875,86.23663330078125,2.5,1.5,2.5,1.5,1.5,2.5,0.5,0.5,1.5,2.5,0.5,0.5,2.5,1.5,1.5,2.5,2.5,1.5,2.5,1.5,1.5,2.5,0.5,0.5,1.5,2.5,0.5,0.5,2.5,1.5,0.5,0.5,0.5,0.5,0.5,0.5,1.5,2.5,0.5,0.5,0.5,0.5,0.5,0.5,1.5,2.5,0.5,0.5,0.5,0.5,2.5,1.5,1.5,2.5,0.5,0.5,0.5,0.5
-50.43226623535156,-56.502384185791016,-11.018692016601562,2.5,1.5,2.5,1.5,1.5,2.5,0.5,0.5,1.5,2.5,0.5,0.5,2.5,1.5,0.5,0.5,1.5,2.5,0.5,0.5,1.5,2.5,0.5,0.5,1.5,2.5,0.5,0.5,2.5,1.5,0.5,0.5,0.5,0.5,0.5,0.5,1.5,2.5,0.5,0.5,0.5,0.5,0.5,0.5,1.5,2.5,0.5,0.5,0.5,0.5,1.5,2.5,0.5,0.5,0.5,0.5,2.5,1.5
-6.587127685546875,-76.62796020507811,-3.2456817626953125,2.5,1.5,2.5,1.5,2.5,1.5,1.5,2.5,1.5,2.5,0.5,0.5,2.5,1.5,0.5,0.5,1.5,2.5,0.5,0.5,2.5,1.5,1.5,2.5,1.5,2.5,0.5,0.5,2.5,1.5,0.5,0.5,0.5,0.5,0.5,0.5,1.5,2.5,0.5,0.5,0.5,0.5,0.5,0.5,1.5,2.5,0.5,0.5,0.5,0.5,1.5,2.5,0.5,0.5,0.5,0.5,2.5,1.5
19.578697204589844,-65.21315002441406,-87.23106384277342,2.5,1.5,2.5,1.5,1.5,2.5,0.5,0.5,1.5,2.5,0.5,0.5,2.5,1.5,0.5,0.5,2.5,1.5,1.5,2.5,1.5,2.5,0.5,0.5,1.5,2.5,0.5,0.5,2.5,1.5,0.5,0.5,0.5,0.5,0.5,0.5,1.5,2.5,0.5,0.5,0.5,0.5,0.5,0.5,1.5,2.5,0.5,0.5,0.5,0.5,2.5,1.5,2.5,1.5,1.5,2.5,1.5,2.5
0.058349609375,-74.10274505615233,108.91876220703124,2.5,1.5,2.5,1.5,1.5,2.5,0.5,0.5,1.5,2.5,0.5,0.5,2.5,1.5,0.5,0.5,1.5,2.5,0.5,0.5,1.5,2.5,0.5,0.5,1.5,2.5,0.5,0.5,1.5,2.5,0.5,0.5,0.5,0.5,2.5,1.5,2.5,1.5,2.5,1.5,1.5,2.5,0.5,0.5,0.5,0.5,0.5,0.5,0.5,0.5,0.5,0.5,0.5,0.5,0.5,0.5,0.5,0.5
-24.181678771972656,-32.511619567871094,163.4527587890625,2.5,1.5,2.5,1.5,1.5,2.5,0.5,0.5,1.5,2.5,0.5,0.5,2.5,1.5,1.5,2.5,2.5,1.5,2.5,1.5,1.5,2.5,0.5,0.5,1.5,2.5,0.5,0.5,2.5,1.5,0.5,0.5,0.5,0.5,0.5,0.5,1.5,2.5,0.5,0.5,0.5,0.5,1.5,2.5,2.5,1.5,2.5,1.5,2.5,1.5,2.5,1.5,2.5,1.5,2.5,1.5,0.5,0.5
27.35822296142578,-46.120464324951165,-64.99302673339844,2.5,1.5,2.5,1.5,1.5,2.5,0.5,0.5,1.5,2.5,0.5,0.5,2.5,1.5,0.5,0.5,2.5,1.5,1.5,2.5,1.5,2.5,0.5,0.5,1.5,2.5,0.5,0.5,2.5,1.5,0.5,0.5,0.5,0.5,0.5,0.5,1.5,2.5,0.5,0.5,0.5,0.5,0.5,0.5,1.5,2.5,0.5,0.5,0.5,0.5,2.5,1.5,1.5,2.5,0.5,0.5,0.5,0.5
22.860633850097656,-62.824989318847656,-82.17652130126953,2.5,1.5,2.5,1.5,1.5,2.5,0.5,0.5,1.5,2.5,0.5,0.5,2.5,1.5,0.5,0.5,2.5,1.5,1.5,2.5,1.5,2.5,0.5,0.5,1.5,2.5,0.5,0.5,2.5,1.5,0.5,0.5,0.5,0.5,0.5,0.5,1.5,2.5,0.5,0.5,0.5,0.5,0.5,0.5,1.5,2.5,0.5,0.5,0.5,0.5,2.5,1.5,2.5,1.5,1.5,2.5,1.5,2.5
27.340362548828125,-45.32973861694336,-88.28022766113281,2.5,1.5,2.5,1.5,1.5,2.5,0.5,0.5,1.5,2.5,0.5,0.5,2.5,1.5,0.5,0.5,2.5,1.5,1.5,2.5,1.5,2.5,0.5,0.5,1.5,2.5,0.5,0.5,2.5,1.5,0.5,0.5,0.5,0.5,0.5,0.5,1.5,2.5,0.5,0.5,0.5,0.5,0.5,0.5,1.5,2.5,0.5,0.5,0.5,0.5,2.5,1.5,1.5,2.5,0.5,0.5,0.5,0.5
28.64268493652344,-33.40289306640625,-55.96257019042969,2.5,1.5,2.5,1.5,1.5,2.5,0.5,0.5,1.5,2.5,0.5,0.5,2.5,1.5,0.5,0.5,2.5,1.5,1.5,2.5,1.5,2.5,0.5,0.5,1.5,2.5,0.5,0.5,2.5,1.5,0.5,0.5,0.5,0.5,0.5,0.5,1.5,2.5,0.5,0.5,0.5,0.5,0.5,0.5,1.5,2.5,0.5,0.5,0.5,0.5,2.5,1.5,2.5,1.5,1.5,2.5,1.5,2.5
26.722229003906246,-53.64907836914063,-89.00592041015625,2.5,1.5,2.5,1.5,1.5,2.5,0.5,0.5,1.5,2.5,0.5,0.5,2.5,1.5,0.5,0.5,2.5,1.5,1.5,2.5,1.5,2.5,0.5,0.5,1.5,2.5,0.5,0.5,2.5,1.5,0.5,0.5,0.5,0.5,0.5,0.5,1.5,2.5,0.5,0.5,0.5,0.5,0.5,0.5,1.5,2.5,0.5,0.5,0.5,0.5,2.5,1.5,2.5,1.5,1.5,2.5,1.5,2.5
28.52891540527344,-39.955596923828125,-66.21968078613281,2.5,1.5,2.5,1.5,1.5,2.5,0.5,0.5,1.5,2.5,0.5,0.5,2.5,1.5,0.5,0.5,2.5,1.5,1.5,2.5,1.5,2.5,0.5,0.5,1.5,2.5,0.5,0.5,2.5,1.5,0.5,0.5,0.5,0.5,0.5,0.5,1.5,2.5,0.5,0.5,0.5,0.5,0.5,0.5,1.5,2.5,0.5,0.5,0.5,0.5,2.5,1.5,2.5,1.5,1.5,2.5,1.5,2.5
-37.36397171020508,-39.21425247192384,130.92208862304688,2.5,1.5,2.5,1.5,1.5,2.5,0.5,0.5,1.5,2.5,0.5,0.5,2.5,1.5,1.5,2.5,2.5,1.5,2.5,1.5,1.5,2.5,0.5,0.5,1.5,2.5,0.5,0.5,2.5,1.5,0.5,0.5,0.5,0.5,0.5,0.5,1.5,2.5,0.5,0.5,0.5,0.5,2.5,1.5,2.5,1.5,2.5,1.5,2.5,1.5,0.5,0.5,0.5,0.5,0.5,0.5,0.5,0.5
-34.071441650390625,-59.96467971801758,79.0150146484375,2.5,1.5,2.5,1.5,1.5,2.5,0.5,0.5,1.5,2.5,0.5,0.5,2.5,1.5,1.5,2.5,2.5,1.5,2.5,1.5,1.5,2.5,0.5,0.5,1.5,2.5,0.5,0.5,2.5,1.5,0.5,0.5,0.5,0.5,0.5,0.5,1.5,2.5,0.5,0.5,0.5,0.5,0.5,0.5,1.5,2.5,0.5,0.5,0.5,0.5,2.5,1.5,1.5,2.5,0.5,0.5,0.5,0.5
-31.165573120117188,-64.99195098876953,65.04669189453125,2.5,1.5,2.5,1.5,1.5,2.5,0.5,0.5,1.5,2.5,0.5,0.5,2.5,1.5,1.5,2.5,2.5,1.5,2.5,1.5,1.5,2.5,0.5,0.5,1.5,2.5,0.5,0.5,2.5,1.5,0.5,0.5,0.5,0.5,0.5,0.5,1.5,2.5,0.5,0.5,0.5,0.5,0.5,0.5,1.5,2.5,0.5,0.5,0.5,0.5,2.5,1.5,1.5,2.5,0.5,0.5,0.5,0.5
18.276596069335938,-32.157257080078125,-115.29907989501952,2.5,1.5,2.5,1.5,1.5,2.5,0.5,0.5,1.5,2.5,0.5,0.5,2.5,1.5,0.5,0.5,2.5,1.5,1.5,2.5,1.5,2.5,0.5,0.5,1.5,2.5,0.5,0.5,2.5,1.5,0.5,0.5,0.5,0.5,0.5,0.5,1.5,2.5,0.5,0.5,0.5,0.5,1.5,2.5,2.5,1.5,2.5,1.5,2.5,1.5,2.5,1.5,1.5,2.5,0.5,0.5,0.5,0.5
29.918121337890625,-20.653137207031246,-83.00962829589844,2.5,1.5,2.5,1.5,1.5,2.5,0.5,0.5,1.5,2.5,0.5,0.5,2.5,1.5,0.5,0.5,2.5,1.5,1.5,2.5,1.5,2.5,0.5,0.5,1.5,2.5,0.5,0.5,2.5,1.5,0.5,0.5,0.5,0.5,0.5,0.5,1.5,2.5,0.5,0.5,0.5,0.5,0.5,0.5,1.5,2.5,0.5,0.5,0.5,0.5,2.5,1.5,2.5,1.5,1.5,2.5,1.5,2.5
-36.23882675170898,-28.65032958984376,137.29241943359375,2.5,1.5,2.5,1.5,1.5,2.5,0.5,0.5,1.5,2.5,0.5,0.5,2.5,1.5,0.5,0.5,2.5,1.5,1.5,2.5,1.5,2.5,0.5,0.5,1.5,2.5,0.5,0.5,2.5,1.5,0.5,0.5,0.5,0.5,0.5,0.5,1.5,2.5,0.5,0.5,0.5,0.5,1.5,2.5,2.5,1.5,2.5,1.5,2.5,1.5,2.5,1.5,2.5,1.5,1.5,2.5,1.5,2.5
24.6623764038086,-26.65708923339844,-106.5654296875,2.5,1.5,2.5,1.5,1.5,2.5,0.5,0.5,1.5,2.5,0.5,0.5,2.5,1.5,0.5,0.5,2.5,1.5,1.5,2.5,1.5,2.5,0.5,0.5,1.5,2.5,0.5,0.5,2.5,1.5,0.5,0.5,0.5,0.5,0.5,0.5,1.5,2.5,0.5,0.5,0.5,0.5,1.5,2.5,2.5,1.5,2.5,1.5,2.5,1.5,2.5,1.5,2.5,1.5,1.5,2.5,1.5,2.5
-30.073287963867188,-66.02462768554688,29.1796875,2.5,1.5,2.5,1.5,1.5,2.5,0.5,0.5,1.5,2.5,0.5,0.5,2.5,1.5,1.5,2.5,2.5,1.5,2.5,1.5,1.5,2.5,0.5,0.5,1.5,2.5,0.5,0.5,2.5,1.5,0.5,0.5,0.5,0.5,0.5,0.5,1.5,2.5,0.5,0.5,0.5,0.5,0.5,0.5,1.5,2.5,0.5,0.5,0.5,0.5,2.5,1.5,1.5,2.5,0.5,0.5,0.5,0.5
-36.447174072265625,-50.57190704345703,118.74661254882812,2.5,1.5,2.5,1.5,1.5,2.5,0.5,0.5,1.5,2.5,0.5,0.5,2.5,1.5,1.5,2.5,2.5,1.5,2.5,1.5,1.5,2.5,0.5,0.5,1.5,2.5,0.5,0.5,2.5,1.5,0.5,0.5,0.5,0.5,0.5,0.5,1.5,2.5,0.5,0.5,0.5,0.5,1.5,2.5,2.5,1.5,2.5,1.5,2.5,1.5,2.5,1.5,2.5,1.5,2.5,1.5,0.5,0.5
-37.34653091430664,-37.33844757080078,130.77996826171875,2.5,1.5,2.5,1.5,1.5,2.5,0.5,0.5,1.5,2.5,0.5,0.5,2.5,1.5,0.5,0.5,2.5,1.5,1.5,2.5,1.5,2.5,0.5,0.5,1.5,2.5,0.5,0.5,1.5,2.5,0.5,0.5,0.5,0.5,0.5,0.5,1.5,2.5,0.5,0.5,0.5,0.5,2.5,1.5,2.5,1.5,1.5,2.5,2.5,1.5,0.5,0.5,0.5,0.5,0.5,0.5,0.5,0.5
-61.29105758666992,-64.9449462890625,-67.36997985839844,2.5,1.5,2.5,1.5,1.5,2.5,0.5,0.5,1.5,2.5,0.5,0.5,2.5,1.5,0.5,0.5,1.5,2.5,0.5,0.5,1.5,2.5,0.5,0.5,1.5,2.5,0.5,0.5,2.5,1.5,0.5,0.5,0.5,0.5,1.5,2.5,2.5,1.5,2.5,1.5,2.5,1.5,0.5,0.5,1.5,2.5,0.5,0.5,0.5,0.5,1.5,2.5,0.5,0.5,0.5,0.5,2.5,1.5
-53.47309112548828,-61.971168518066406,-129.1766357421875,2.5,1.5,2.5,1.5,1.5,2.5,0.5,0.5,1.5,2.5,0.5,0.5,2.5,1.5,0.5,0.5,1.5,2.5,0.5,0.5,1.5,2.5,0.5,0.5,1.5,2.5,0.5,0.5,2.5,1.5,0.5,0.5,0.5,0.5,1.5,2.5,2.5,1.5,2.5,1.5,2.5,1.5,0.5,0.5,1.5,2.5,0.5,0.5,0.5,0.5,1.5,2.5,0.5,0.5,0.5,0.5,2.5,1.5
-46.83059310913086,-49.20772171020508,103.64126586914062,2.5,1.5,2.5,1.5,1.5,2.5,0.5,0.5,1.5,2.5,0.5,0.5,2.5,1.5,1.5,2.5,2.5,1.5,2.5,1.5,1.5,2.5,0.5,0.5,1.5,2.5,0.5,0.5,2.5,1.5,0.5,0.5,0.5,0.5,0.5,0.5,1.5,2.5,0.5,0.5,0.5,0.5,1.5,2.5,2.5,1.5,2.5,1.5,2.5,1.5,2.5,1.5,2.5,1.5,2.5,1.5,0.5,0.5
-47.90158081054688,-53.10173797607422,134.61700439453125,2.5,1.5,2.5,1.5,1.5,2.5,0.5,0.5,1.5,2.5,0.5,0.5,2.5,1.5,1.5,2.5,2.5,1.5,2.5,1.5,1.5,2.5,0.5,0.5,1.5,2.5,0.5,0.5,2.5,1.5,0.5,0.5,0.5,0.5,0.5,0.5,1.5,2.5,0.5,0.5,0.5,0.5,1.5,2.5,2.5,1.5,2.5,1.5,2.5,1.5,2.5,1.5,2.5,1.5,2.5,1.5,0.5,0.5
-43.69385147094727,-38.70529556274414,129.9794921875,2.5,1.5,2.5,1.5,1.5,2.5,0.5,0.5,1.5,2.5,0.5,0.5,2.5,1.5,0.5,0.5,2.5,1.5,1.5,2.5,1.5,2.5,0.5,0.5,1.5,2.5,0.5,0.5,2.5,1.5,0.5,0.5,0.5,0.5,0.5,0.5,1.5,2.5,0.5,0.5,0.5,0.5,1.5,2.5,2.5,1.5,2.5,1.5,2.5,1.5,2.5,1.5,2.5,1.5,1.5,2.5,1.5,2.5
-61.97556686401367,-64.422607421875,-96.08747100830078,2.5,1.5,2.5,1.5,1.5,2.5,0.5,0.5,1.5,2.5,0.5,0.5,2.5,1.5,0.5,0.5,1.5,2.5,0.5,0.5,1.5,2.5,0.5,0.5,1.5,2.5,0.5,0.5,2.5,1.5,0.5,0.5,0.5,0.5,1.5,2.5,2.5,1.5,2.5,1.5,2.5,1.5,0.5,0.5,1.5,2.5,0.5,0.5,0.5,0.5,1.5,2.5,0.5,0.5,0.5,0.5,2.5,1.5
-60.32707214355469,-65.24685668945312,-19.90594482421876,2.5,1.5,2.5,1.5,1.5,2.5,0.5,0.5,1.5,2.5,0.5,0.5,2.5,1.5,0.5,0.5,1.5,2.5,0.5,0.5,1.5,2.5,0.5,0.5,1.5,2.5,0.5,0.5,2.5,1.5,0.5,0.5,0.5,0.5,0.5,0.5,1.5,2.5,0.5,0.5,0.5,0.5,0.5,0.5,1.5,2.5,0.5,0.5,0.5,0.5,1.5,2.5,0.5,0.5,0.5,0.5,2.5,1.5
-49.82780838012695,-62.338191986083984,-133.18984985351562,2.5,1.5,2.5,1.5,1.5,2.5,0.5,0.5,1.5,2.5,0.5,0.5,2.5,1.5,0.5,0.5,1.5,2.5,0.5,0.5,1.5,2.5,0.5,0.5,1.5,2.5,0.5,0.5,2.5,1.5,0.5,0.5,0.5,0.5,1.5,2.5,2.5,1.5,2.5,1.5,2.5,1.5,0.5,0.5,1.5,2.5,0.5,0.5,0.5,0.5,1.5,2.5,0.5,0.5,0.5,0.5,2.5,1.5
-41.65728759765625,-62.830181121826165,-136.76612854003906,2.5,1.5,2.5,1.5,1.5,2.5,0.5,0.5,1.5,2.5,0.5,0.5,2.5,1.5,0.5,0.5,1.5,2.5,0.5,0.5,1.5,2.5,0.5,0.5,1.5,2.5,0.5,0.5,2.5,1.5,0.5,0.5,0.5,0.5,1.5,2.5,2.5,1.5,2.5,1.5,2.5,1.5,0.5,0.5,1.5,2.5,0.5,0.5,0.5,0.5,1.5,2.5,0.5,0.5,0.5,0.5,2.5,1.5
-49.15372085571289,-62.387710571289055,-133.0933074951172,2.5,1.5,2.5,1.5,1.5,2.5,0.5,0.5,1.5,2.5,0.5,0.5,2.5,1.5,0.5,0.5,1.5,2.5,0.5,0.5,1.5,2.5,0.5,0.5,1.5,2.5,0.5,0.5,2.5,1.5,0.5,0.5,0.5,0.5,1.5,2.5,2.5,1.5,2.5,1.5,2.5,1.5,0.5,0.5,1.5,2.5,0.5,0.5,0.5,0.5,1.5,2.5,0.5,0.5,0.5,0.5,2.5,1.5
29.530044555664062,-71.88882446289062,-138.42990112304688,2.5,1.5,2.5,1.5,1.5,2.5,0.5,0.5,1.5,2.5,0.5,0.5,2.5,1.5,0.5,0.5,2.5,1.5,1.5,2.5,1.5,2.5,0.5,0.5,1.5,2.5,0.5,0.5,2.5,1.5,0.5,0.5,0.5,0.5,0.5,0.5,1.5,2.5,0.5,0.5,0.5,0.5,1.5,2.5,2.5,1.5,2.5,1.5,2.5,1.5,2.5,1.5,2.5,1.5,1.5,2.5,1.5,2.5
-11.4119873046875,-43.302558898925774,173.2772216796875,2.5,1.5,2.5,1.5,1.5,2.5,0.5,0.5,1.5,2.5,0.5,0.5,2.5,1.5,1.5,2.5,2.5,1.5,2.5,1.5,1.5,2.5,0.5,0.5,1.5,2.5,0.5,0.5,2.5,1.5,0.5,0.5,0.5,0.5,0.5,0.5,1.5,2.5,0.5,0.5,0.5,0.5,1.5,2.5,2.5,1.5,2.5,1.5,2.5,1.5,2.5,1.5,1.5,2.5,0.5,0.5,0.5,0.5
-7.451980590820312,-40.80127334594727,144.73959350585935,2.5,1.5,2.5,1.5,2.5,1.5,1.5,2.5,1.5,2.5,0.5,0.5,2.5,1.5,1.5,2.5,2.5,1.5,2.5,1.5,1.5,2.5,0.5,0.5,1.5,2.5,0.5,0.5,2.5,1.5,0.5,0.5,0.5,0.5,0.5,0.5,1.5,2.5,0.5,0.5,0.5,0.5,1.5,2.5,2.5,1.5,2.5,1.5,2.5,1.5,2.5,1.5,2.5,1.5,2.5,1.5,0.5,0.5
-7.8137359619140625,-41.81246948242188,148.57418823242188,2.5,1.5,2.5,1.5,2.5,1.5,1.5,2.5,1.5,2.5,0.5,0.5,2.5,1.5,1.5,2.5,2.5,1.5,2.5,1.5,1.5,2.5,0.5,0.5,1.5,2.5,0.5,0.5,2.5,1.5,0.5,0.5,0.5,0.5,0.5,0.5,1.5,2.5,0.5,0.5,0.5,0.5,1.5,2.5,2.5,1.5,2.5,1.5,2.5,1.5,2.5,1.5,1.5,2.5,0.5,0.5,0.5,0.5
25.47987365722656,-71.21342468261719,-136.20289611816406,2.5,1.5,2.5,1.5,1.5,2.5,0.5,0.5,1.5,2.5,0.5,0.5,2.5,1.5,0.5,0.5,2.5,1.5,1.5,2.5,1.5,2.5,0.5,0.5,1.5,2.5,0.5,0.5,2.5,1.5,0.5,0.5,0.5,0.5,0.5,0.5,1.5,2.5,0.5,0.5,0.5,0.5,1.5,2.5,2.5,1.5,2.5,1.5,2.5,1.5,2.5,1.5,1.5,2.5,0.5,0.5,0.5,0.5
-27.99602508544921,-46.11260986328125,13.879058837890623,2.5,1.5,2.5,1.5,1.5,2.5,0.5,0.5,1.5,2.5,0.5,0.5,2.5,1.5,1.5,2.5,2.5,1.5,2.5,1.5,1.5,2.5,0.5,0.5,1.5,2.5,0.5,0.5,2.5,1.5,0.5,0.5,0.5,0.5,0.5,0.5,1.5,2.5,0.5,0.5,0.5,0.5,0.5,0.5,1.5,2.5,0.5,0.5,0.5,0.5,2.5,1.5,2.5,1.5,2.5,1.5,0.5,0.5
-8.617889404296875,-66.22381591796875,-98.07504272460936,2.5,1.5,2.5,1.5,2.5,1.5,1.5,2.5,1.5,2.5,0.5,0.5,2.5,1.5,0.5,0.5,1.5,2.5,0.5,0.5,1.5,2.5,0.5,0.5,1.5,2.5,0.5,0.5,2.5,1.5,0.5,0.5,0.5,0.5,1.5,2.5,2.5,1.5,2.5,1.5,2.5,1.5,0.5,0.5,1.5,2.5,0.5,0.5,0.5,0.5,1.5,2.5,0.5,0.5,0.5,0.5,2.5,1.5
-8.236282348632812,-42.61207580566406,156.11962890625,2.5,1.5,2.5,1.5,2.5,1.5,1.5,2.5,1.5,2.5,0.5,0.5,2.5,1.5,1.5,2.5,2.5,1.5,2.5,1.5,1.5,2.5,0.5,0.5,1.5,2.5,0.5,0.5,2.5,1.5,0.5,0.5,0.5,0.5,0.5,0.5,1.5,2.5,0.5,0.5,0.5,0.5,1.5,2.5,2.5,1.5,2.5,1.5,2.5,1.5,2.5,1.5,2.5,1.5,2.5,1.5,0.5,0.5
-8.632484436035154,-43.15982055664063,157.97756958007812,2.5,1.5,2.5,1.5,2.5,1.5,1.5,2.5,1.5,2.5,0.5,0.5,2.5,1.5,1.5,2.5,2.5,1.5,2.5,1.5,1.5,2.5,0.5,0.5,1.5,2.5,0.5,0.5,2.5,1.5,0.5,0.5,0.5,0.5,0.5,0.5,1.5,2.5,0.5,0.5,0.5,0.5,1.5,2.5,2.5,1.5,2.5,1.5,2.5,1.5,2.5,1.5,1.5,2.5,0.5,0.5,0.5,0.5
-8.245033264160156,-42.62592697143555,155.06710815429688,2.5,1.5,2.5,1.5,2.5,1.5,1.5,2.5,1.5,2.5,0.5,0.5,2.5,1.5,1.5,2.5,2.5,1.5,2.5,1.5,1.5,2.5,0.5,0.5,1.5,2.5,0.5,0.5,2.5,1.5,0.5,0.5,0.5,0.5,0.5,0.5,1.5,2.5,0.5,0.5,0.5,0.5,1.5,2.5,2.5,1.5,2.5,1.5,2.5,1.5,2.5,1.5,2.5,1.5,2.5,1.5,0.5,0.5
-15.511749267578123,-62.09202575683594,-57.417724609375,2.5,1.5,2.5,1.5,1.5,2.5,0.5,0.5,1.5,2.5,0.5,0.5,2.5,1.5,0.5,0.5,1.5,2.5,0.5,0.5,1.5,2.5,0.5,0.5,1.5,2.5,0.5,0.5,2.5,1.5,0.5,0.5,0.5,0.5,1.5,2.5,2.5,1.5,2.5,1.5,2.5,1.5,0.5,0.5,1.5,2.5,0.5,0.5,0.5,0.5,1.5,2.5,0.5,0.5,0.5,0.5,2.5,1.5
14.864418029785156,-56.79298782348633,-105.66616058349608,2.5,1.5,2.5,1.5,1.5,2.5,0.5,0.5,1.5,2.5,0.5,0.5,2.5,1.5,0.5,0.5,2.5,1.5,1.5,2.5,1.5,2.5,0.5,0.5,1.5,2.5,0.5,0.5,2.5,1.5,0.5,0.5,0.5,0.5,0.5,0.5,1.5,2.5,0.5,0.5,0.5,0.5,1.5,2.5,2.5,1.5,2.5,1.5,2.5,1.5,2.5,1.5,2.5,1.5,1.5,2.5,1.5,2.5
-24.138755798339844,-2.969154357910156,164.104736328125,2.5,1.5,2.5,1.5,1.5,2.5,0.5,0.5,1.5,2.5,0.5,0.5,2.5,1.5,0.5,0.5,2.5,1.5,1.5,2.5,1.5,2.5,0.5,0.5,1.5,2.5,0.5,0.5,2.5,1.5,0.5,0.5,0.5,0.5,0.5,0.5,1.5,2.5,0.5,0.5,0.5,0.5,1.5,2.5,2.5,1.5,2.5,1.5,2.5,1.5,2.5,1.5,1.5,2.5,0.5,0.5,0.5,0.5
-14.29425811767578,-61.72934722900391,-14.373672485351562,2.5,1.5,2.5,1.5,1.5,2.5,0.5,0.5,1.5,2.5,0.5,0.5,2.5,1.5,0.5,0.5,1.5,2.5,0.5,0.5,1.5,2.5,0.5,0.5,1.5,2.5,0.5,0.5,2.5,1.5,0.5,0.5,0.5,0.5,0.5,0.5,1.5,2.5,0.5,0.5,0.5,0.5,0.5,0.5,1.5,2.5,0.5,0.5,0.5,0.5,1.5,2.5,0.5,0.5,0.5,0.5,2.5,1.5
1.0469818115234375,-62.346656799316406,-34.43217468261719,2.5,1.5,2.5,1.5,1.5,2.5,0.5,0.5,1.5,2.5,0.5,0.5,2.5,1.5,0.5,0.5,2.5,1.5,1.5,2.5,1.5,2.5,0.5,0.5,1.5,2.5,0.5,0.5,2.5,1.5,0.5,0.5,0.5,0.5,0.5,0.5,1.5,2.5,0.5,0.5,0.5,0.5,0.5,0.5,1.5,2.5,0.5,0.5,0.5,0.5,2.5,1.5,1.5,2.5,0.5,0.5,0.5,0.5
-23.242225646972656,-35.10993957519531,139.06832885742188,2.5,1.5,2.5,1.5,1.5,2.5,0.5,0.5,1.5,2.5,0.5,0.5,2.5,1.5,1.5,2.5,2.5,1.5,2.5,1.5,1.5,2.5,0.5,0.5,1.5,2.5,0.5,0.5,2.5,1.5,0.5,0.5,0.5,0.5,0.5,0.5,1.5,2.5,0.5,0.5,0.5,0.5,1.5,2.5,2.5,1.5,2.5,1.5,2.5,1.5,2.5,1.5,1.5,2.5,0.5,0.5,0.5,0.5
-14.350570678710936,-61.758750915527344,-62.587738037109375,2.5,1.5,2.5,1.5,1.5,2.5,0.5,0.5,1.5,2.5,0.5,0.5,2.5,1.5,0.5,0.5,1.5,2.5,0.5,0.5,1.5,2.5,0.5,0.5,1.5,2.5,0.5,0.5,2.5,1.5,0.5,0.5,0.5,0.5,1.5,2.5,2.5,1.5,2.5,1.5,2.5,1.5,0.5,0.5,1.5,2.5,0.5,0.5,0.5,0.5,1.5,2.5,0.5,0.5,0.5,0.5,2.5,1.5
10.23870849609375,-59.24722671508789,-97.4262237548828,2.5,1.5,2.5,1.5,1.5,2.5,0.5,0.5,1.5,2.5,0.5,0.5,2.5,1.5,0.5,0.5,2.5,1.5,1.5,2.5,1.5,2.5,0.5,0.5,1.5,2.5,0.5,0.5,2.5,1.5,0.5,0.5,0.5,0.5,0.5,0.5,1.5,2.5,0.5,0.5,0.5,0.5,0.5,0.5,1.5,2.5,0.5,0.5,0.5,0.5,2.5,1.5,1.5,2.5,0.5,0.5,0.5,0.5
-4.287010192871094,-60.908447265625,-20.618453979492188,2.5,1.5,2.5,1.5,2.5,1.5,1.5,2.5,1.5,2.5,0.5,0.5,2.5,1.5,0.5,0.5,1.5,2.5,0.5,0.5,1.5,2.5,0.5,0.5,1.5,2.5,0.5,0.5,2.5,1.5,0.5,0.5,0.5,0.5,0.5,0.5,1.5,2.5,0.5,0.5,0.5,0.5,0.5,0.5,1.5,2.5,0.5,0.5,0.5,0.5,1.5,2.5,0.5,0.5,0.5,0.5,2.5,1.5
