-73.76193237,45.50184631,128.0927124,1,2,0,0,1,2,0,0,2,1,1,2,0,0,1,2,1,1,1,2,4,1,1,1,0,1,1,1,0,0,0,0,0,0,0,1,0,0,0,0,1,1,1,1,0,0,1,0,0,0,0,0,0,0,0,0,0,1,0,1,0,1,2,1,1,1,2,2,1,1,2,2,3,0,0,1,0,1,0,0,0,0,0,0,0,0,0,0,0,0,0,0,0,0,0,0,
18.10955048,56.92683411,-43.66357422,1,2,0,0,1,1,0,0,2,1,1,1,1,1,1,1,0,1,0,0,1,1,1,1,1,0,1,0,1,0,1,0,1,0,0,0,1,1,3,1,0,1,0,1,1,1,1,1,0,0,0,0,0,0,0,0,0,0,0,0,0,0,0,1,0,0,0,1,0,0,0,0,0,0,0,0,0,0,1,1,0,1,0,0,0,0,0,0,0,0,0,0,0,0,0,0,
11.98726654,49.35243225,-3.509109497,1,2,0,0,0,0,0,0,3,1,2,1,0,0,1,0,0,0,0,1,0,0,0,0,1,0,0,1,0,0,0,0,0,0,0,0,0,0,0,0,0,0,0,0,0,1,0,0,0,1,0,1,0,1,0,0,1,0,0,0,0,0,3,0,0,0,2,3,5,2,2,2,6,2,2,3,2,3,1,0,1,0,0,0,0,0,0,0,0,0,0,0,0,0,0,0,
24.44956207,66.49363708,-90.9760437,1,2,0,0,1,2,0,0,1,1,2,1,0,0,0,1,0,0,0,0,0,1,1,0,0,0,0,0,0,0,0,0,0,0,0,0,1,1,1,0,0,1,1,1,0,0,0,1,1,1,1,0,1,1,2,2,4,3,1,1,5,2,2,2,1,2,0,0,8,3,3,6,7,5,4,0,3,2,4,4,2,2,0,0,0,0,0,0,0,0,0,0,0,0,0,0,
22.15766907,63.15057373,-73.81441498,1,2,0,0,1,3,0,0,2,1,1,4,0,0,1,1,1,1,0,1,2,0,0,1,0,0,0,0,0,0,0,0,0,0,0,0,0,0,0,0,0,0,0,0,0,0,0,0,2,0,4,2,0,0,0,1,0,0,0,0,1,0,0,0,0,0,0,0,0,1,0,0,1,1,0,0,0,0,0,0,0,0,0,0,0,0,0,0,0,0,0,0,0,0,0,0,
-77.74403381,-67.77160645,-104.9190979,0,0,0,0,0,0,0,0,3,1,1,2,0,1,2,1,1,1,3,1,0,0,0,1,2,1,1,1,1,0,0,0,0,0,0,0,0,0,1,1,1,1,1,2,1,0,0,0,0,1,1,1,0,1,0,0,1,0,1,0,1,0,0,0,0,0,0,0,0,0,0,1,0,0,0,0,2,1,3,1,2,2,1,0,0,0,0,0,0,0,0,0,0,0,0,0,
22.08654022,63.04101563,-73.2546463,1,2,0,0,1,1,0,0,2,1,2,2,0,0,0,1,0,0,0,0,2,2,5,4,2,3,1,1,0,1,0,0,0,0,0,0,0,0,2,0,0,0,1,1,2,2,1,3,4,2,6,1,0,2,0,1,0,0,0,0,0,1,0,0,0,0,0,0,0,1,1,1,1,1,1,0,1,1,2,1,2,1,0,0,0,0,1,0,0,0,0,0,0,0,0,0,
-82.14417267,-43.65161514,-66.88304138,0,0,0,0,0,0,0,0,1,1,1,1,0,1,2,1,1,1,2,1,0,0,0,0,0,1,0,0,1,1,0,0,0,0,0,0,0,0,0,0,0,1,1,0,1,0,1,2,0,0,1,2,1,1,0,1,1,0,0,1,0,0,0,0,0,0,0,1,1,1,0,0,1,0,1,1,0,0,0,0,0,0,0,0,0,0,0,0,0,0,0,0,0,0,0,0,
-73.24063873,47.41511536,130.5426025,1,3,0,0,1,1,0,0,3,3,2,2,1,2,2,2,0,3,2,1,0,0,0,0,1,1,1,2,1,1,0,0,0,1,1,2,1,0,0,0,3,2,2,3,2,2,0,0,1,1,2,0,1,0,1,0,1,2,1,0,1,1,1,0,0,0,0,1,0,0,0,0,0,0,0,1,0,0,0,0,0,0,0,1,8,2,2,2,1,1,0,0,0,0,0,0,
-71.24715424,53.22099304,137.6538696,2,3,0,0,1,3,0,0,2,0,1,1,0,1,0,2,0,0,0,0,0,1,1,0,1,1,0,0,0,0,0,0,0,2,2,1,0,0,0,0,0,0,0,0,0,1,1,0,0,0,0,0,1,0,0,0,0,1,1,0,1,1,0,0,2,1,1,1,0,0,0,1,0,2,0,2,0,0,0,1,0,0,0,0,0,0,0,0,0,0,0,0,0,0,0,0,
-82.49339294,-33.03549194,-35.35508728,0,0,0,0,0,0,0,0,2,1,1,1,2,0,1,1,0,0,1,0,0,0,0,0,0,0,0,0,1,1,0,0,1,1,0,0,0,0,0,0,0,1,0,0,0,1,0,0,0,0,0,0,0,0,0,0,0,1,0,0,0,0,0,1,0,0,0,0,0,0,0,0,0,0,0,0,0,0,0,0,0,0,0,0,0,0,0,0,0,0,0,0,0,0,0,0,
24.55828094,66.61532593,-91.76237488,1,2,0,0,1,2,0,0,2,0,1,1,0,1,0,1,0,0,0,0,0,0,0,0,0,0,0,0,0,1,1,1,3,1,4,2,1,0,2,1,0,1,0,0,1,3,1,1,0,0,0,0,1,0,0,1,3,1,2,0,0,1,2,2,2,1,1,0,0,0,0,0,0,0,0,0,0,0,0,0,0,0,0,0,2,1,0,2,1,1,0,0,0,0,0,0,
-72.51713562,50.0881958,134.3415222,1,3,0,0,1,1,0,0,1,1,2,2,1,1,1,2,0,0,0,0,0,0,0,0,1,2,3,1,1,0,0,1,0,0,0,1,0,1,0,0,0,0,0,0,1,1,1,1,0,0,1,0,0,0,0,1,0,0,0,0,1,0,0,0,1,1,1,2,1,0,0,0,1,2,1,1,0,1,0,0,0,0,0,0,2,2,0,0,0,0,0,0,0,0,0,0,
24.43257904,66.47016907,-90.85826874,1,2,0,0,1,3,0,0,2,1,2,1,0,0,0,1,0,0,0,0,0,0,0,0,0,0,0,0,0,0,1,1,0,1,0,1,0,0,0,0,0,1,1,0,1,1,0,0,0,1,1,0,0,0,0,0,0,0,0,0,1,1,1,0,1,0,1,0,0,1,0,2,0,1,0,1,1,0,0,1,0,1,0,0,3,0,0,2,1,1,0,0,0,0,0,0,
-73.42677307,46.74957275,129.6987,1,2,0,0,1,2,0,0,2,0,2,1,1,0,1,1,1,0,0,0,0,1,1,1,2,0,0,1,0,0,2,1,3,1,3,1,2,2,1,0,0,0,0,1,0,0,0,0,0,0,0,0,0,0,0,0,1,1,1,0,1,1,0,0,2,2,2,3,2,1,1,0,3,1,1,2,2,1,3,1,0,1,0,0,0,0,0,0,0,0,0,0,0,0,0,0,
24.45064545,66.49516296,-90.9836731,1,2,0,0,1,2,0,0,2,0,1,1,0,0,0,0,0,1,0,0,0,0,0,0,0,1,3,0,0,0,1,0,0,0,0,0,0,0,0,1,1,1,1,1,0,1,0,1,1,1,0,0,1,1,1,1,3,0,0,1,0,0,0,0,0,0,0,0,0,0,0,0,1,0,2,1,4,0,0,3,0,0,0,0,0,0,0,0,0,0,0,0,0,0,0,0,
21.34189606,61.87184143,-67.21772766,1,2,0,1,0,1,0,1,2,1,1,1,0,0,0,0,0,0,0,0,1,0,2,1,0,0,0,0,0,0,0,0,0,0,0,0,4,4,2,2,8,2,9,0,0,0,0,0,0,0,0,0,0,1,0,0,0,1,0,0,1,1,0,1,1,0,2,0,0,1,1,0,0,0,0,1,0,0,1,1,0,0,0,0,0,0,0,0,0,2,0,1,3,4,8,1,
21.39731598,61.96025085,-67.67773438,1,2,0,0,0,1,0,0,3,0,0,2,0,0,0,0,0,0,0,0,0,0,0,0,0,1,0,0,0,2,0,0,1,1,0,0,0,0,0,0,0,0,0,1,0,0,0,0,0,1,1,1,1,2,1,0,0,0,1,0,0,0,0,0,1,0,1,0,1,1,1,3,1,1,0,0,2,2,1,1,1,1,1,0,0,0,0,0,0,0,0,0,0,0,0,0,
-73.49651337,46.49531555,129.3739929,1,2,0,0,1,1,0,0,2,1,2,1,1,1,1,0,1,1,2,2,1,3,2,1,1,2,1,1,0,0,0,1,0,0,0,0,0,0,0,0,0,1,1,1,0,0,0,1,0,1,1,1,0,0,0,0,0,0,0,0,0,0,0,0,0,0,0,0,1,1,1,0,0,0,0,0,0,0,0,1,1,1,0,2,2,0,0,1,0,1,0,0,0,0,0,0,
22.2588501,63.30584717,-74.60608673,1,2,0,0,0,1,0,0,1,1,1,1,0,0,0,1,0,1,1,1,2,0,0,0,0,0,0,0,0,0,0,0,0,1,0,0,0,0,0,0,0,0,0,0,1,1,0,0,0,1,0,1,1,0,1,1,1,0,0,0,1,1,0,0,0,0,0,0,0,0,0,0,0,0,0,1,0,0,0,0,0,0,0,0,0,0,0,0,0,0,0,0,0,0,0,0,
22.279953,63.33813477,-74.77052307,1,2,0,0,0,1,0,0,4,1,3,2,0,0,0,1,1,0,0,1,0,1,1,1,1,0,0,0,0,0,1,2,0,0,1,1,1,2,1,1,1,2,1,1,0,2,3,0,0,0,0,0,2,1,1,3,1,2,0,1,0,1,1,2,1,1,0,0,1,0,0,0,1,0,0,0,0,0,0,0,0,0,0,0,3,0,0,1,1,1,0,0,0,0,0,0,
-73.38970184,46.88363647,129.8694458,1,2,0,0,1,2,0,0,2,1,2,3,1,0,1,2,0,1,1,0,1,2,2,1,0,0,0,1,0,0,0,0,1,1,3,1,1,0,1,1,0,0,0,1,0,0,0,0,0,0,0,0,0,0,0,0,0,1,1,0,0,1,1,1,0,0,0,0,0,1,0,2,0,0,0,0,0,0,1,1,0,0,0,0,1,1,1,0,0,0,0,0,0,0,0,0,
-70.19412231,55.10624695,138.6820679,2,3,0,0,1,2,0,0,1,1,0,0,0,1,2,0,0,0,2,0,0,0,0,0,0,0,0,0,0,0,0,0,1,1,2,1,0,1,0,0,0,1,1,0,0,0,0,0,1,0,0,1,0,1,0,0,0,0,1,0,2,0,0,0,1,0,1,0,0,1,0,0,0,1,0,0,0,0,0,0,0,1,0,1,6,1,0,1,0,1,0,0,0,0,0,0,
23.98925018,65.85075378,-87.71818542,1,2,0,0,1,1,0,1,4,1,1,3,0,0,0,0,0,0,0,1,0,0,0,0,0,0,0,0,1,0,0,0,1,1,3,0,0,0,0,0,0,0,0,0,0,0,0,1,0,0,0,0,0,0,0,0,0,0,0,1,2,2,4,1,2,3,2,1,0,0,0,0,0,0,0,0,0,0,0,0,1,1,1,1,4,1,0,2,0,1,0,0,0,0,0,0,
-75.41676331,39.35974121,119.6164551,1,2,0,0,0,1,0,0,2,1,1,1,0,1,0,0,1,0,1,0,0,0,0,0,1,1,0,0,0,0,0,0,0,0,0,0,0,1,0,0,1,1,0,0,0,1,1,0,0,0,1,0,0,1,0,1,0,0,0,0,0,0,1,0,5,1,3,3,1,1,0,0,0,0,0,1,0,1,0,1,0,0,0,0,8,3,2,2,1,1,0,0,0,0,0,0,
23.63388824,65.34480286,-85.11831665,1,2,0,0,1,1,0,0,2,0,0,1,0,0,1,1,0,0,0,0,0,0,0,1,0,0,1,0,0,0,1,1,1,1,0,1,0,1,0,0,0,0,0,0,0,0,0,0,0,1,0,1,0,0,0,1,1,1,1,0,1,0,1,1,1,0,0,0,0,1,0,1,0,1,0,0,0,0,0,2,0,1,1,1,8,3,1,1,0,1,0,0,0,0,0,0,
17.32019043,56.03704834,-37.04881287,1,2,0,0,0,0,0,0,3,1,2,1,0,1,0,0,0,0,0,0,0,0,0,0,1,1,1,1,1,0,0,1,0,1,0,1,0,0,0,0,0,1,0,1,0,1,0,0,0,0,0,0,0,0,0,0,0,0,1,0,0,1,0,1,0,1,1,0,0,0,0,0,0,2,2,2,1,1,0,2,1,0,4,0,1,0,0,0,0,0,0,0,0,1,1,0,
22.1832962,63.18998718,-74.01557159,1,2,0,0,1,2,0,0,2,0,1,1,0,1,0,1,0,0,0,0,0,0,0,0,1,2,1,0,1,1,2,1,0,1,1,1,0,0,0,0,1,0,1,0,1,0,1,0,0,0,0,0,0,0,0,0,0,0,0,0,1,0,0,0,0,0,0,0,0,1,0,0,0,0,0,0,1,2,2,1,0,0,0,0,0,0,0,0,0,0,0,0,0,0,0,0,
-78.71854401,25.72510529,93.93566895,1,1,0,0,0,0,1,0,1,2,3,2,0,0,1,1,2,0,0,3,0,0,0,0,0,0,0,2,1,1,0,0,0,0,0,0,0,1,1,1,0,0,0,0,0,0,0,0,0,0,0,1,0,0,0,1,0,1,0,1,0,0,0,0,0,0,2,0,0,0,0,1,1,1,1,1,0,2,1,2,0,0,0,0,0,0,0,1,0,0,0,0,0,0,0,0,
23.2011795,64.71722412,-81.85314941,1,2,0,1,1,1,0,1,3,2,2,2,0,0,0,1,1,0,0,1,0,1,0,1,1,0,0,0,0,1,1,1,0,0,0,0,0,2,3,0,0,0,2,0,0,0,0,0,0,0,0,1,0,0,0,0,0,1,1,1,1,1,0,0,0,0,0,1,0,1,1,1,0,1,0,0,0,0,0,1,1,0,0,1,1,0,0,1,1,1,0,0,0,0,0,0,
7.902648926,45.51856995,-7.390625,1,2,0,0,0,0,0,0,0,0,2,1,0,0,1,1,0,1,0,0,1,1,0,0,0,1,1,0,1,1,0,1,0,1,1,0,1,1,1,0,0,0,0,0,0,0,0,0,0,0,0,1,0,0,1,1,0,0,0,0,1,0,1,1,0,1,1,1,1,1,1,0,0,0,0,0,1,2,1,1,3,0,2,0,0,0,1,0,0,0,0,0,0,0,0,0,
-70.15333557,55.17649841,138.7200317,2,3,0,0,1,2,0,0,2,1,2,1,0,0,0,0,0,1,0,0,1,0,1,0,3,0,0,1,0,0,0,1,0,0,0,0,1,0,1,0,1,0,1,0,0,0,0,0,0,1,0,0,0,0,0,0,0,0,0,0,0,1,1,1,0,0,0,1,0,0,0,0,0,0,0,0,0,0,0,1,0,0,0,0,2,1,0,2,1,1,0,0,0,0,0,0,
18.6668396,57.56797791,-48.17272949,1,2,0,0,1,3,0,0,1,2,3,1,0,0,1,1,0,1,0,1,0,0,0,0,0,0,0,0,1,1,2,1,0,1,0,1,0,0,0,0,0,0,0,0,0,1,0,0,1,1,1,0,1,0,1,1,2,2,2,1,2,0,1,1,0,0,1,0,2,0,0,0,1,1,1,1,1,1,2,2,3,2,1,0,0,0,0,0,0,0,0,0,0,0,0,0,
-70.62538147,54.35125732,138.2726135,2,3,0,0,1,2,0,0,1,1,1,1,2,3,2,1,2,1,4,0,1,1,1,1,2,1,0,0,1,1,1,0,2,2,1,2,2,1,2,0,0,1,1,2,1,1,1,0,0,2,1,1,0,1,0,1,1,0,1,1,0,1,0,1,1,1,1,1,0,0,0,0,0,0,1,1,1,1,1,2,3,2,1,0,0,0,0,0,0,0,0,0,0,0,0,0,
-71.16327667,53.37643433,137.7393494,2,3,0,0,1,2,0,0,1,1,1,1,3,2,3,2,3,2,2,1,0,1,0,2,0,1,0,1,0,1,1,1,0,0,0,0,0,0,0,0,0,0,0,0,0,0,1,0,0,0,0,0,0,1,1,0,0,0,0,0,0,1,0,1,0,0,0,0,0,1,0,0,0,0,0,0,0,0,3,0,0,0,0,1,0,0,0,0,0,0,0,0,0,0,0,0,
21.91133118,62.76951599,-71.86286926,1,2,0,0,1,1,0,0,1,1,2,1,0,0,1,1,0,0,0,0,0,0,0,0,0,0,0,0,4,1,2,1,0,1,0,0,0,0,0,0,0,0,0,0,0,1,1,0,1,0,1,3,0,0,0,0,0,0,0,0,0,1,0,1,0,0,0,0,0,0,0,1,1,0,0,0,0,0,0,0,1,0,0,0,0,0,0,0,0,0,0,0,0,0,0,0,
25.15934753,67.12437439,-96.18132019,1,2,0,1,1,1,0,1,2,2,1,2,0,0,0,0,1,0,1,1,1,2,1,0,0,3,1,1,0,0,0,0,0,1,1,2,1,0,0,0,0,0,0,0,0,0,0,0,0,1,1,0,0,1,0,0,0,0,0,0,0,0,0,0,0,0,0,0,0,0,0,0,1,2,0,2,0,1,1,1,1,1,1,0,0,0,0,0,0,0,0,0,0,0,0,0,
22.06215668,63.00335693,-73.06181335,1,2,0,0,0,1,0,0,4,0,0,2,0,0,0,0,0,0,0,0,0,0,0,0,0,1,0,0,1,1,0,1,0,1,1,1,0,0,0,0,0,0,0,0,0,0,0,1,1,0,0,1,0,0,0,0,0,0,0,0,1,1,2,1,0,0,1,0,0,0,0,0,0,0,0,0,0,1,0,0,0,0,0,0,0,0,1,0,0,0,0,0,0,0,0,0,
-73.98215485,44.63270569,127.0308533,1,2,0,0,0,2,0,0,1,1,1,1,0,1,1,0,1,0,0,0,1,2,2,1,0,1,0,1,1,1,1,1,0,0,0,1,0,0,0,0,0,0,1,1,3,0,0,0,1,1,1,0,0,1,0,0,1,1,1,0,0,0,0,0,0,0,0,0,0,0,0,0,0,0,0,0,0,0,0,0,0,0,0,0,0,0,0,0,1,1,1,0,4,2,8,2,
-72.13621521,51.41136169,136.3388672,1,3,0,0,1,2,0,0,2,1,2,2,1,1,1,2,3,1,2,1,0,0,0,1,1,1,1,0,0,1,2,2,3,2,1,1,3,2,1,1,2,1,4,0,0,2,5,1,1,0,0,0,1,0,1,1,1,0,0,0,0,1,0,0,0,1,0,0,0,1,0,0,0,1,1,0,0,0,1,1,0,0,0,0,0,0,0,0,0,0,0,0,0,0,0,0,
23.64182281,65.35620117,-85.17727661,1,2,0,0,1,2,0,0,2,0,1,1,0,1,0,0,0,1,0,0,0,0,0,0,0,0,0,1,0,0,0,0,0,0,1,1,0,0,0,0,3,0,0,2,0,0,0,0,0,0,0,1,0,0,0,0,0,0,0,0,0,1,0,0,0,0,0,0,0,0,0,0,0,0,0,0,0,0,0,0,0,0,0,0,0,0,0,0,0,0,0,0,0,0,0,0,
-75.43833923,39.28915405,119.4988403,1,2,0,0,0,1,1,0,2,1,2,2,1,1,1,2,1,1,0,1,9,6,0,8,3,2,2,1,0,0,0,0,0,1,1,1,1,1,1,0,3,0,0,1,0,0,0,0,0,0,0,0,0,0,0,1,1,0,1,1,1,1,2,3,2,0,0,1,0,0,0,1,0,0,0,0,1,0,1,1,1,0,0,0,0,0,0,0,0,0,0,0,0,0,0,0,
20.1110611,59.84947205,-56.88479614,1,2,0,0,1,0,0,0,2,1,1,2,1,0,0,0,0,0,0,0,0,0,0,0,0,1,0,1,0,0,0,0,1,0,1,0,1,0,0,0,1,1,1,0,0,0,0,0,0,0,0,0,1,2,1,1,1,1,1,1,1,2,4,1,4,1,4,1,1,1,1,2,1,0,0,1,0,1,1,0,0,0,0,0,0,0,0,0,0,1,0,1,3,3,8,0,
-73.55976105,46.26222229,129.0751343,1,2,0,0,1,1,0,0,2,2,2,3,1,2,1,1,1,2,2,2,1,1,0,0,1,1,1,1,0,0,0,0,1,0,1,1,1,1,1,1,0,0,0,0,0,0,0,0,0,0,0,0,1,0,1,1,1,0,1,0,0,1,0,0,0,1,1,0,0,1,1,1,0,0,0,0,1,1,0,5,0,2,1,1,2,0,0,2,1,1,0,0,0,0,0,0,
-74.36733246,43.02632141,125.0875854,1,2,0,0,1,1,0,0,2,2,1,2,0,0,1,0,0,1,1,1,0,0,1,0,2,0,0,0,0,1,0,0,0,0,0,0,0,0,0,0,0,0,0,0,0,0,0,0,0,0,1,0,1,0,1,1,1,1,1,3,1,1,0,1,2,0,0,0,0,0,0,0,0,0,0,1,0,0,0,0,0,0,0,0,0,0,0,0,0,0,0,0,0,0,0,0,
-44.90959549,-35.37585449,-84.01324463,0,1,0,0,0,0,0,0,1,1,1,1,0,1,0,2,0,0,0,0,0,0,0,0,0,0,0,0,0,0,0,1,0,0,0,0,1,0,0,0,1,0,2,0,0,0,0,0,1,1,2,1,3,1,3,1,1,1,2,0,0,0,1,0,2,1,0,1,1,2,2,0,1,0,1,0,0,1,0,0,0,0,0,0,0,0,0,0,0,1,0,1,3,4,8,1,
-72.85860443,48.72369385,132.1760559,1,2,0,0,1,2,0,0,2,1,2,2,0,0,0,1,0,0,0,0,1,0,0,0,1,0,1,0,0,1,1,1,0,1,0,0,1,1,0,0,0,0,0,0,1,0,0,0,0,1,1,1,3,2,1,1,2,1,2,3,0,0,1,0,2,0,1,0,2,2,1,0,0,1,0,1,0,1,0,0,0,0,0,0,0,0,0,0,0,0,0,0,1,1,1,0,
25.49169159,67.40066528,-98.54064178,1,2,0,1,1,1,0,1,5,1,1,3,0,0,0,0,0,0,0,0,0,0,0,0,1,1,1,1,0,1,0,1,1,1,0,0,0,1,0,1,0,0,0,0,0,0,0,0,0,0,0,0,0,0,0,0,0,0,0,0,0,0,0,0,0,1,0,0,0,1,0,0,1,0,1,0,3,0,1,1,0,1,0,0,0,0,0,0,0,0,0,0,0,0,0,0,
-74.20472717,43.71722412,125.9276123,1,2,0,0,1,1,0,0,1,1,1,2,1,1,2,0,1,4,3,1,0,1,0,1,0,0,0,0,0,1,2,1,0,0,0,0,0,0,0,0,0,1,0,0,0,1,0,0,0,0,0,1,0,1,1,1,1,1,1,0,1,1,1,2,2,3,2,1,4,2,2,4,2,1,2,1,0,1,0,0,1,1,1,0,3,1,0,2,1,1,0,0,0,0,0,0,
-70.49679565,-64.75247192,-94.50533295,0,0,0,0,0,0,0,0,3,0,0,1,1,1,2,3,0,2,1,4,0,0,1,0,0,0,0,0,0,0,0,0,0,0,0,0,2,1,1,2,2,2,1,5,0,2,2,4,1,1,0,0,0,0,0,0,0,0,0,0,0,0,0,0,0,0,0,0,0,0,0,1,0,1,0,0,1,0,0,0,0,0,0,0,0,0,0,0,0,0,0,0,0,0,0,0,
23.90232086,65.72776794,-87.08906555,1,2,0,1,1,1,0,1,3,2,2,4,0,1,0,0,0,0,0,1,0,0,0,0,0,0,0,0,0,0,0,0,1,2,1,1,0,1,1,3,1,1,3,3,5,1,2,1,4,2,1,1,0,0,0,0,0,1,1,0,0,1,1,1,0,1,0,1,1,1,0,1,1,0,0,0,0,0,0,0,0,0,0,0,2,0,0,2,1,1,0,0,0,0,0,0,
-72.21940613,51.18426514,136.0439453,1,3,0,0,1,2,0,0,2,1,2,2,0,0,0,0,0,1,0,0,1,1,0,0,0,0,0,0,1,1,1,1,1,1,0,1,1,2,2,1,1,2,2,0,0,0,0,0,0,0,0,0,0,0,0,0,0,0,0,0,0,0,0,0,0,0,0,0,0,0,0,0,0,1,0,1,0,1,0,0,0,0,0,0,0,0,0,0,0,0,0,0,0,0,0,0,
-71.65163422,52.45794678,137.2323914,1,3,0,0,1,2,0,0,1,2,1,1,0,0,0,0,0,0,0,0,0,0,0,1,0,0,0,0,0,0,0,0,0,0,0,0,0,1,0,0,1,1,0,0,0,1,0,0,0,1,0,0,0,1,0,1,0,0,0,0,0,0,1,0,0,0,0,0,0,0,0,0,0,0,0,1,1,0,1,0,0,0,0,0,0,0,0,0,0,0,0,0,0,0,0,0,
13.5851593,51.18856812,-6.00100708,1,2,0,0,0,0,0,0,3,1,1,1,0,0,0,1,0,0,0,0,0,0,0,0,0,0,0,0,0,0,0,0,1,0,1,0,1,2,2,1,3,1,1,1,3,3,1,2,1,2,0,1,0,0,0,0,0,0,0,0,0,0,0,0,1,0,1,1,0,0,0,1,1,0,1,0,0,0,0,1,2,2,1,1,3,1,0,2,1,1,0,0,0,0,0,0,
-70.52697754,54.52557373,138.3674011,2,3,0,0,1,2,0,0,2,1,2,3,2,1,1,3,1,1,3,1,0,1,1,0,0,0,0,3,0,1,0,0,0,0,0,1,0,0,0,0,0,0,0,0,0,0,0,1,0,0,0,0,0,0,0,0,0,0,0,0,0,0,0,1,0,0,0,0,0,0,0,0,0,0,0,0,0,0,0,0,0,0,0,0,0,0,1,0,0,0,0,0,0,0,0,0,
24.8427887,66.85780334,-93.87857056,1,2,0,0,1,2,0,0,1,1,2,0,0,0,2,2,0,0,0,0,2,0,0,2,0,0,0,0,0,0,0,0,0,0,0,0,0,0,0,0,0,1,0,0,1,1,1,0,0,1,1,1,2,1,1,0,1,1,2,1,1,0,0,0,0,1,0,0,0,0,0,0,1,0,0,0,1,0,0,0,0,0,0,0,0,0,0,0,0,2,0,1,4,4,8,2,
19.98722839,59.6524353,-56.05905151,1,2,0,0,0,1,0,0,3,1,1,2,0,0,0,0,0,0,0,1,0,0,0,0,0,0,0,1,1,1,1,2,1,0,0,0,0,0,0,0,0,0,0,0,0,0,0,2,1,1,0,1,0,0,0,1,0,0,0,0,0,0,0,0,1,1,1,0,0,1,0,0,0,1,0,0,0,1,1,1,0,0,1,1,1,0,0,0,0,0,0,0,0,0,0,0,
-71.58659363,52.58215332,137.301239,2,3,0,0,1,2,0,0,2,1,2,1,0,0,1,0,0,1,0,0,1,3,2,2,2,2,1,2,0,1,0,1,0,0,0,1,1,0,1,0,0,0,0,0,0,0,0,1,0,0,0,0,0,0,1,1,1,1,0,1,0,0,0,0,0,1,0,0,0,0,0,0,0,0,0,0,0,1,0,0,0,0,0,0,2,1,1,1,2,0,0,0,0,0,0,0,
-63.19744492,-58.34965134,-93.62010956,0,0,0,0,0,0,0,0,2,0,0,1,1,0,1,1,1,0,1,1,3,1,3,1,0,0,0,1,0,0,0,0,0,1,1,2,1,1,1,0,0,0,1,0,0,0,0,1,1,1,1,0,0,0,0,0,0,0,0,0,1,1,3,1,0,1,1,1,1,0,1,0,0,2,1,1,0,0,0,0,0,0,0,0,0,0,0,0,0,0,0,0,0,0,0,0,
-72.05367279,51.63354492,136.625824,1,3,0,0,1,2,0,0,2,1,2,2,0,0,1,1,0,1,0,0,1,2,2,0,2,1,4,2,0,0,1,0,0,1,0,4,4,6,2,0,0,0,0,2,0,1,0,0,0,0,0,1,0,0,1,0,1,0,1,1,0,0,1,1,1,1,0,1,1,0,1,1,0,1,0,1,0,0,0,0,2,1,0,2,0,1,0,0,0,0,0,0,0,0,0,0,
25.04982758,67.03253174,-95.39074707,1,2,0,1,1,1,0,1,3,1,1,1,0,0,1,1,1,0,1,1,1,1,1,3,3,1,5,0,1,1,0,0,0,0,0,0,0,0,0,1,0,1,1,1,0,0,0,0,1,0,0,1,0,1,1,1,1,1,1,0,0,1,1,1,1,1,0,0,0,1,1,2,0,0,0,0,0,1,0,0,0,0,0,0,0,0,0,0,0,0,0,0,1,1,1,0,
-72.05648804,51.6259613,136.6160278,1,3,0,0,1,1,0,0,2,1,2,2,1,2,2,0,0,1,1,1,0,0,0,0,0,1,1,1,1,1,0,0,1,0,0,0,0,1,0,0,1,0,0,0,1,0,0,1,0,0,0,0,0,0,1,1,0,0,0,0,0,0,0,0,0,1,1,1,1,1,1,1,0,0,0,0,0,0,0,1,0,0,0,0,0,0,0,0,0,0,0,0,0,0,0,0,
19.33856964,58.64277649,-51.81903076,1,2,0,0,1,1,0,0,2,1,2,1,1,1,2,2,2,0,1,0,0,0,1,1,0,0,0,1,1,1,1,1,0,0,0,1,0,1,0,0,0,0,0,0,0,0,0,0,0,1,1,1,0,0,0,0,0,0,0,0,0,0,0,0,0,0,0,0,0,0,0,0,0,0,0,0,1,1,2,1,2,2,0,1,1,0,0,1,0,1,0,0,0,0,0,0,
-75.40093994,39.41142273,119.7024231,1,2,0,0,0,1,0,0,2,2,2,2,0,2,1,1,0,0,1,0,0,0,0,0,0,1,1,1,2,1,0,1,0,1,1,1,0,2,0,1,2,1,1,1,0,0,0,0,1,0,0,1,0,1,1,1,0,1,0,1,0,1,2,0,1,2,1,0,1,0,0,0,0,0,0,0,0,1,2,1,0,1,0,0,0,0,0,0,0,0,0,0,0,0,0,0,
-72.06842041,51.59413147,136.5750427,1,3,0,0,1,1,0,0,1,1,2,2,1,0,1,0,0,2,1,2,1,1,1,0,2,1,2,2,1,0,0,0,0,1,1,0,1,0,0,0,1,0,0,0,1,0,0,0,1,1,1,0,0,1,0,0,0,0,0,0,0,0,0,0,0,0,0,0,0,1,0,0,0,0,0,1,0,0,0,0,0,0,0,0,0,0,0,0,0,0,0,1,2,3,7,0,
-75.46656036,39.1965332,119.3444824,1,2,0,0,0,1,0,0,3,1,1,2,0,1,1,1,0,0,0,1,0,0,0,1,0,0,1,0,1,1,2,0,0,1,1,1,0,0,0,1,1,1,1,1,0,1,0,0,1,0,1,0,2,0,0,1,1,1,1,1,0,0,0,0,0,0,0,0,1,0,0,2,0,1,0,0,0,0,0,1,0,0,0,0,0,0,0,0,0,0,0,0,0,0,0,0,
-73.73324585,45.61117554,128.2346802,1,2,0,0,0,1,0,0,1,1,1,1,0,1,0,0,1,2,1,1,0,1,1,0,0,0,1,2,1,0,0,0,0,1,0,1,0,0,0,0,1,0,1,0,1,0,0,1,0,0,1,3,1,0,1,1,3,0,7,1,2,2,2,1,0,0,1,0,2,2,1,1,2,1,3,1,0,1,1,2,2,1,1,1,8,2,1,2,1,1,0,0,0,0,0,0,
17.85762024,56.6479187,-41.53718567,1,2,0,0,0,1,0,0,4,2,2,2,0,0,0,1,0,0,0,0,0,0,0,0,0,0,0,0,0,0,0,0,0,0,0,0,0,0,0,0,0,0,0,1,1,1,1,1,0,0,0,0,1,0,0,1,0,0,0,0,0,0,0,0,0,0,0,0,0,0,0,0,0,0,0,0,0,0,1,1,0,0,0,0,1,0,0,1,0,1,0,0,0,0,0,0,
-69.88928223,-64.16508484,-94.61777496,0,0,0,0,0,0,1,0,1,0,0,0,0,0,0,0,0,0,2,1,2,2,2,1,0,0,0,0,0,0,0,0,1,1,1,2,0,1,1,2,5,1,2,0,3,1,1,1,0,0,1,1,0,0,1,0,2,0,1,1,0,0,0,0,0,1,0,0,1,0,0,0,0,1,1,3,0,1,1,1,1,1,0,0,0,0,0,0,0,0,0,0,0,0,0,0,
20.47316742,60.45626831,-59.78204346,1,2,0,0,0,1,0,0,3,2,1,3,0,0,1,1,0,0,0,0,1,0,0,0,0,0,0,1,0,1,0,0,0,0,0,0,0,2,1,1,1,0,1,1,1,1,0,0,4,1,3,2,1,5,1,0,1,0,1,0,0,0,0,0,1,1,1,0,1,0,0,1,2,2,2,1,1,2,1,0,0,0,0,0,0,0,0,0,0,0,0,0,0,0,0,0,
-78.67094421,25.9756546,94.49804688,1,1,0,0,0,0,0,0,3,2,2,3,2,0,1,4,0,1,0,0,0,0,0,1,0,1,0,0,0,0,0,0,0,2,1,1,0,0,0,1,0,0,0,0,0,1,1,2,2,1,1,1,1,0,0,0,0,1,0,0,0,0,0,0,0,0,0,0,0,0,0,0,2,1,0,1,1,2,2,1,0,0,0,0,0,0,0,0,0,0,0,0,0,0,0,0,
21.40879822,61.9785614,-67.77304077,1,2,0,0,1,1,0,0,2,1,1,2,0,0,0,0,0,0,1,0,1,1,1,1,0,2,1,1,0,0,1,2,2,1,2,2,3,1,3,1,2,2,1,0,0,0,1,0,0,0,1,0,1,0,0,0,0,0,0,0,0,0,0,0,1,1,1,1,1,1,0,0,4,2,2,2,2,1,0,0,0,0,0,0,0,0,0,0,0,0,0,0,0,0,0,0,
-71.22711945,53.25822449,137.6744385,2,3,0,0,1,1,0,0,2,1,1,1,1,0,0,0,1,1,1,0,0,0,0,0,0,0,0,0,0,0,0,0,0,1,0,0,0,0,0,0,0,0,1,0,1,1,2,1,0,0,0,1,0,0,0,0,0,1,0,0,1,1,0,0,0,1,0,0,1,0,1,0,2,0,0,1,0,2,2,3,3,1,1,1,8,2,2,2,1,1,0,0,0,0,0,0,
18.39933777,57.241745,-46.12101746,1,2,0,0,0,0,0,0,1,1,2,2,0,0,1,1,0,0,1,1,0,0,0,0,0,0,1,0,0,0,0,0,1,0,0,0,1,1,1,0,0,0,0,0,0,0,0,0,0,0,1,1,0,0,0,0,1,1,2,2,2,3,1,1,1,0,1,0,1,1,1,1,0,1,0,0,0,0,0,0,0,0,0,0,0,0,0,0,0,2,0,1,4,4,8,1,
15.39929199,53.67553711,-21.93708801,1,2,0,0,0,0,0,0,4,0,0,1,0,0,0,0,0,0,0,3,1,0,2,1,3,1,5,1,2,1,1,0,1,1,1,0,0,1,0,0,0,0,0,0,0,0,0,1,0,0,0,0,0,1,0,0,0,0,0,0,0,0,0,0,0,0,0,0,0,1,1,0,1,0,0,1,0,0,0,0,0,0,0,0,0,0,0,0,0,0,0,0,0,0,0,0,
25.71456146,67.58392334,-100.0888367,1,2,0,0,1,1,0,0,2,1,2,2,0,1,0,0,0,0,0,0,0,1,2,1,0,1,1,2,0,1,0,1,1,1,1,0,0,2,1,0,0,0,1,1,0,0,0,0,1,2,3,0,0,0,1,1,2,0,0,0,0,0,0,0,1,0,0,1,1,1,1,1,0,0,1,0,0,0,1,1,1,1,0,1,0,0,1,0,0,0,0,0,0,0,0,0,
15.6818161,54.04034424,-24.04046631,1,2,0,0,0,0,0,0,2,1,1,1,0,0,1,1,0,0,0,1,1,1,2,1,0,1,0,1,0,0,0,0,0,0,0,0,0,0,0,0,2,0,1,1,0,0,0,0,0,0,0,0,0,0,0,0,0,0,0,0,0,0,0,0,0,0,0,0,1,1,1,1,2,0,0,2,0,0,0,0,0,0,0,0,3,1,0,2,1,1,0,0,0,0,0,0,
-70.02148438,55.48876953,138.8904724,2,3,1,0,1,2,0,0,1,0,1,1,0,0,0,0,0,0,0,0,0,0,0,0,0,0,0,1,0,0,1,0,0,0,0,0,1,2,0,2,0,0,0,0,0,0,0,0,1,0,1,0,0,0,0,0,2,0,1,0,0,0,0,0,0,1,0,0,0,0,0,0,1,1,0,1,1,0,0,0,0,0,1,0,0,0,0,0,0,0,0,0,0,0,0,0,
4.241546631,41.96725464,-11.68711853,1,2,0,0,0,0,0,0,0,1,1,1,0,0,2,1,1,2,2,2,2,1,1,0,0,0,1,0,0,0,0,0,0,0,0,0,0,0,0,0,0,1,1,0,0,2,3,1,0,0,0,0,0,1,1,1,1,0,0,0,1,1,1,1,1,1,1,1,2,1,1,0,4,2,3,4,1,2,1,0,0,0,0,0,0,0,0,0,0,0,0,0,0,0,0,0,
-74.62821198,41.87677002,123.675293,1,2,0,0,1,1,0,0,1,1,1,1,0,0,0,0,0,1,0,1,0,1,0,0,0,0,0,1,2,1,2,1,4,3,3,2,1,1,0,1,0,0,0,0,0,0,0,0,0,0,0,0,0,0,0,0,1,1,0,0,0,0,0,0,1,1,1,0,4,0,3,0,8,3,0,5,3,2,3,0,0,0,0,0,0,0,0,0,0,0,0,0,0,1,1,0,
-72.31642151,50.84867859,135.5372314,1,3,0,0,1,2,0,0,2,1,2,1,0,1,1,0,0,0,0,1,1,0,0,0,1,1,1,0,2,0,0,1,1,1,1,0,1,2,1,2,1,1,2,0,0,1,1,2,1,0,0,1,0,0,0,0,0,0,0,0,0,0,1,0,1,0,1,0,0,0,1,1,0,0,0,0,0,0,0,0,0,0,0,0,1,0,1,0,0,0,0,0,0,0,0,0,
-72.00123596,51.77301025,136.8244629,1,3,0,0,1,2,0,0,2,1,1,1,0,0,0,0,0,1,1,0,0,1,0,0,0,0,0,0,0,0,0,0,0,1,0,0,1,0,0,0,0,0,0,0,0,0,0,0,0,0,1,0,3,0,0,0,1,3,2,1,2,0,2,0,1,0,0,0,1,0,0,0,3,3,2,3,7,3,7,2,0,0,0,2,1,1,0,0,0,0,0,0,0,0,0,0,
1.580345154,39.22566223,-15.38505554,1,1,0,0,0,0,0,0,3,0,1,1,1,0,1,0,0,0,0,0,0,1,0,0,1,1,0,0,0,0,1,0,1,1,0,1,1,0,0,0,0,2,1,1,1,0,0,0,0,0,1,0,0,2,1,2,0,1,0,0,0,0,0,0,0,0,0,0,0,0,2,1,0,0,0,0,3,2,1,6,1,2,1,0,2,0,0,2,1,1,0,0,0,0,0,0,
16.74230194,55.35591125,-32.3238678,1,2,0,0,0,1,0,0,3,1,1,2,0,0,0,0,0,0,0,0,0,0,1,0,0,0,1,0,1,1,0,2,0,0,1,1,3,1,1,0,1,1,2,0,0,1,1,1,0,0,0,0,1,0,1,1,1,1,1,0,1,1,1,1,1,0,0,0,1,1,3,1,2,1,1,0,0,0,0,0,0,0,0,0,0,0,0,0,0,0,0,0,0,0,0,0,
-71.79020691,52.19125366,137.0844116,1,3,0,0,1,2,0,0,2,1,2,1,0,1,0,0,0,0,0,0,3,0,2,1,0,1,0,1,0,0,0,0,0,0,0,0,0,1,0,1,1,2,1,1,0,1,1,1,4,1,2,1,3,1,3,0,0,1,2,1,1,0,1,0,1,0,0,1,0,0,0,2,0,0,1,2,1,0,0,0,0,0,0,0,1,0,0,1,0,1,0,0,0,0,0,0,
-74.27430725,-68.77906799,-85.23182678,0,1,0,0,0,0,1,0,2,0,0,0,0,0,1,1,0,0,0,0,0,1,0,1,0,1,0,0,0,0,0,0,0,0,0,0,0,0,0,0,0,0,0,0,0,0,0,1,1,1,1,1,1,1,2,2,5,1,1,2,0,1,0,0,0,0,0,0,0,0,0,0,0,0,0,0,0,1,1,2,1,1,0,0,1,0,1,0,0,0,0,0,0,0,0,0,
-69.5701828,56.69525146,139.5506287,2,3,1,0,1,2,0,0,2,1,2,2,1,1,2,3,4,0,1,0,1,0,0,0,0,0,0,0,1,1,1,0,1,1,1,0,2,1,5,2,1,2,1,1,1,0,1,0,2,1,2,2,2,1,2,0,0,0,0,1,0,0,0,0,0,1,0,0,0,0,0,0,1,0,2,1,1,1,2,2,1,0,0,0,0,0,0,0,0,0,0,0,0,0,0,0,
24.43022919,66.46694946,-90.8419342,1,2,0,0,1,2,0,0,2,1,2,1,0,2,1,3,0,1,0,1,1,0,1,0,0,0,0,0,0,0,0,0,2,1,2,0,4,2,7,3,1,2,3,1,0,1,2,1,0,0,0,0,1,0,1,0,0,1,0,0,1,1,0,0,0,0,0,0,0,0,1,0,0,0,0,0,1,0,0,0,0,1,0,0,0,0,0,0,0,0,0,0,0,0,0,0,
-80.63863373,13.15866852,63.28335571,1,1,0,0,0,0,0,0,1,2,1,1,1,0,3,0,0,0,0,1,0,0,0,1,1,1,2,0,0,0,0,0,0,2,1,0,0,0,0,0,0,0,0,0,0,0,0,0,0,0,0,1,0,0,0,0,1,1,0,1,1,1,1,1,1,1,0,0,0,0,0,0,0,0,1,0,0,0,0,2,0,0,0,1,2,1,0,2,1,1,0,0,0,0,0,0,
17.05127716,55.72322083,-34.83468628,1,2,0,0,0,0,0,0,1,0,3,1,0,0,1,1,1,1,2,0,0,0,0,1,1,0,1,1,1,1,0,1,2,0,0,0,0,0,0,0,0,0,0,0,0,0,0,1,1,0,1,0,0,0,0,0,0,0,0,0,1,0,0,0,0,0,1,0,0,0,0,0,0,1,1,0,0,0,0,0,0,0,0,0,0,0,0,0,0,0,0,0,0,0,0,0,
20.40068817,60.33564758,-59.14329529,1,2,0,0,0,1,0,0,2,1,0,2,0,1,1,1,0,0,0,1,0,1,0,0,0,0,1,1,4,0,0,1,0,0,0,0,0,0,0,0,1,0,1,0,0,0,0,0,1,1,0,0,0,0,0,0,0,0,0,1,1,1,0,1,0,0,0,0,0,0,0,0,0,1,0,0,0,0,0,0,0,0,0,0,0,0,0,0,0,0,0,0,0,0,0,0,
-75.67358398,38.5071106,118.1893005,1,2,0,0,0,1,0,0,2,1,2,2,0,0,1,2,1,1,2,1,4,1,1,3,0,0,0,0,0,0,0,0,0,0,0,1,1,0,1,0,0,0,0,0,0,0,0,0,1,1,0,1,0,2,1,0,0,0,0,0,0,0,0,0,0,0,0,0,0,0,1,0,1,0,1,1,0,0,0,2,0,0,0,0,0,0,0,0,0,0,0,0,0,0,0,0,
-38.66345978,-24.60235596,-75.28205109,0,1,0,0,0,0,0,0,1,1,1,1,0,1,0,0,0,0,0,0,0,0,0,0,1,0,1,1,1,0,1,1,2,2,3,1,2,4,2,1,2,1,0,0,1,2,2,2,1,1,0,1,3,0,2,3,1,1,1,0,1,2,1,0,0,0,1,0,0,0,0,1,0,1,1,2,1,0,0,1,0,1,0,0,2,0,0,1,0,1,0,0,0,0,0,0,
-3.878074646,33.16227722,-24.30255127,1,1,0,0,0,0,0,0,0,1,0,1,0,0,0,0,0,1,0,1,0,0,0,0,0,0,0,0,1,0,0,0,0,2,2,0,0,0,1,0,1,0,0,0,1,2,2,1,0,0,0,0,0,0,0,0,0,1,0,0,1,1,1,0,0,1,1,1,1,1,0,0,0,0,0,0,0,0,0,0,1,0,0,0,0,0,0,0,0,0,0,0,0,0,0,0,
22.40473938,63.52839661,-75.73693085,1,2,0,0,1,3,0,0,2,1,3,1,0,1,1,2,1,1,0,1,3,2,1,3,0,1,0,1,0,0,0,0,0,0,0,0,0,0,0,0,0,1,1,1,2,0,1,0,2,0,2,0,0,1,0,1,0,0,0,0,0,0,1,1,2,0,0,1,0,0,0,0,0,0,0,0,1,0,1,0,0,0,0,0,0,0,0,0,0,0,0,0,0,0,0,0,
-73.99927521,44.5635376,126.9478455,1,2,0,0,0,2,0,0,1,1,1,2,1,0,1,0,1,0,0,0,1,2,1,0,0,1,0,0,0,1,0,0,0,1,1,0,0,0,0,0,0,1,0,1,0,0,0,0,0,0,0,0,0,0,1,0,0,0,0,0,0,0,0,0,0,1,1,0,1,1,1,0,1,0,1,1,1,0,0,0,0,0,0,0,0,0,0,0,0,0,0,0,0,0,0,0,
-56.44353485,-51.87377167,-94.36605072,0,0,0,0,0,0,0,0,2,0,1,0,1,1,3,1,0,0,2,1,0,0,0,0,0,1,0,1,0,1,0,0,0,0,0,1,0,0,0,0,0,0,0,0,0,2,1,0,0,1,1,1,0,0,0,0,0,0,0,1,0,0,0,0,1,1,1,0,1,1,1,2,2,0,1,1,0,0,0,1,0,0,0,0,0,0,0,0,0,0,0,1,0,1,0,0,
14.2979126,52.19544983,-12.3014679,1,2,0,0,1,0,1,0,5,1,2,7,0,1,0,1,0,0,0,1,0,2,0,1,0,0,0,0,0,0,0,1,1,0,0,0,4,1,0,3,4,5,4,0,0,0,0,0,0,0,2,0,0,0,0,0,0,1,1,1,2,0,0,1,2,1,2,0,3,2,1,2,1,4,2,1,0,0,1,1,0,0,0,1,8,2,1,3,1,1,0,0,0,0,0,0,
-77.95225525,29.51750183,102.1186523,1,2,0,0,0,0,0,0,2,3,3,2,0,1,1,0,0,0,1,2,1,1,1,0,0,1,1,1,0,0,0,0,0,0,0,1,0,0,0,0,1,0,0,0,0,1,0,1,0,0,0,0,0,0,0,0,1,1,1,0,0,0,2,1,0,1,0,0,0,0,0,0,1,1,1,0,0,0,0,1,0,0,0,1,0,0,1,0,0,0,0,0,0,0,0,0,
-70.40760803,54.73538208,138.4813232,2,3,1,0,1,3,0,0,2,1,2,2,1,1,2,0,1,0,0,1,2,1,1,1,1,1,1,1,3,0,0,1,0,0,0,0,0,0,0,0,0,1,0,0,0,1,0,0,0,0,0,0,0,0,0,0,0,0,0,0,1,0,1,0,1,1,1,1,1,0,0,0,0,0,2,0,0,0,1,1,0,0,0,0,0,0,0,0,0,0,0,0,0,0,0,0,
,,,,,,,,,,,,,,,,,,,,,,,,,,,,,,,,,,,,,,,,,,,,,,,,,,,,,,,,,,,,,,,,,,,,,,,,,,,,,,,,,,,,,,,,,,,,,,,,,,,
,,,0,0,0,0,0,0,0,0,0,0,0,0,0,0,0,0,0,0,0,0,0,0,0,0,0,0,0,0,0,0,0,0,0,0,0,0,0,0,0,0,0,0,0,0,0,0,0,0,0,0,0,0,0,0,0,0,0,0,0,0,0,0,0,0,0,0,0,0,0,0,0,0,0,0,0,0,0,0,0,0,0,0,0,0,0,0,0,0,0,0,0,0,0,0,0,0,
,,,1,2,0,0,1,2,0,0,2,1,2,1,0,0,1,2,0,0,0,0,0,0,1,2,0,0,0,0,1,2,2,1,2,1,7,2,1,2,1,2,0,0,0,0,0,0,0,0,0,0,0,0,0,0,0,0,0,0,0,0,0,0,0,0,0,0,0,0,0,0,0,0,0,0,0,0,0,0,0,0,0,0,0,0,0,0,0,0,0,0,0,0,0,0,0,0,
,,,1,2,0,0,0,0,0,0,1,2,0,0,0,0,0,0,0,0,0,0,0,0,0,0,0,0,0,0,0,0,0,0,0,0,0,0,0,0,0,0,0,0,0,0,0,0,0,0,0,0,0,0,0,0,0,0,0,0,0,0,0,0,0,0,0,0,0,0,0,0,0,0,0,0,0,0,0,0,0,0,0,0,0,0,0,0,0,0,0,0,0,0,0,0,0,0,
,,,1,2,0,0,1,2,0,0,2,1,2,1,0,0,1,2,0,0,0,0,0,0,1,2,0,0,0,0,1,2,2,1,2,1,7,2,1,2,1,2,0,0,0,0,0,0,0,0,0,0,0,0,0,0,0,0,0,0,0,0,0,0,0,0,0,0,0,0,0,0,0,0,0,0,0,0,0,0,0,0,0,0,0,0,0,0,0,0,0,0,0,0,0,0,0,0,
,,,1,2,0,0,1,2,0,0,2,1,2,1,0,0,1,2,0,0,0,0,0,0,1,2,0,0,0,0,1,2,2,1,2,1,7,2,1,2,1,2,0,0,0,0,0,0,0,0,0,0,0,0,0,0,0,0,0,0,0,0,0,0,0,0,0,0,0,0,0,0,0,0,0,0,0,0,0,0,0,0,0,0,0,0,0,0,0,0,0,0,0,0,0,0,0,0,
,,,0,0,0,0,0,0,0,0,0,0,0,0,0,0,0,0,0,0,0,0,0,0,0,0,0,0,0,0,0,0,0,0,0,0,0,0,0,0,0,0,0,0,0,0,0,0,0,0,0,0,0,0,0,0,0,0,0,0,0,0,0,0,0,0,0,0,0,0,0,0,0,0,0,0,0,0,0,0,0,0,0,0,0,0,0,0,0,0,0,0,0,0,0,0,0,0,
,,,1,2,0,0,1,2,0,0,2,1,2,1,0,0,1,2,0,0,0,0,0,0,1,2,0,0,0,0,1,2,2,1,2,1,7,2,1,2,1,2,0,0,0,0,0,0,0,0,0,0,0,0,0,0,0,0,0,0,0,0,0,0,0,0,0,0,0,0,0,0,0,0,0,0,0,0,0,0,0,0,0,0,0,0,0,0,0,0,0,0,0,0,0,0,0,0,
,,,0,0,0,0,0,0,0,0,0,0,0,0,0,0,0,0,0,0,0,0,0,0,0,0,0,0,0,0,0,0,0,0,0,0,0,0,0,0,0,0,0,0,0,0,0,0,0,0,0,0,0,0,0,0,0,0,0,0,0,0,0,0,0,0,0,0,0,0,0,0,0,0,0,0,0,0,0,0,0,0,0,0,0,0,0,0,0,0,0,0,0,0,0,0,0,0,
,,,1,2,0,0,0,0,0,0,2,1,1,2,1,2,2,1,2,1,2,1,0,0,1,2,0,0,0,0,1,2,1,2,0,0,0,0,0,0,0,0,1,2,0,0,0,0,0,0,0,0,0,0,1,2,0,0,0,0,0,0,0,0,0,0,0,0,0,0,0,0,0,0,2,1,1,2,0,0,0,0,0,0,0,0,8,2,1,2,1,2,1,2,1,2,7,2,
,,,1,2,0,0,0,0,0,0,2,1,1,2,1,2,2,1,2,1,2,1,0,0,1,2,0,0,0,0,1,2,1,2,0,0,0,0,0,0,0,0,1,2,0,0,0,0,0,0,0,0,0,0,1,2,0,0,0,0,0,0,0,0,0,0,0,0,0,0,0,0,0,0,2,1,1,2,0,0,0,0,0,0,0,0,8,2,1,2,1,2,1,2,1,2,7,2,
,,,0,0,0,0,0,0,0,0,0,0,0,0,0,0,0,0,0,0,0,0,0,0,0,0,0,0,0,0,0,0,0,0,0,0,0,0,0,0,0,0,0,0,0,0,0,0,0,0,0,0,0,0,0,0,0,0,0,0,0,0,0,0,0,0,0,0,0,0,0,0,0,0,0,0,0,0,0,0,0,0,0,0,0,0,0,0,0,0,0,0,0,0,0,0,0,0,
,,,1,2,0,0,1,2,0,0,2,1,2,1,0,0,1,2,0,0,0,0,0,0,1,2,0,0,0,0,1,2,2,1,2,1,7,2,1,2,1,2,0,0,0,0,0,0,0,0,0,0,0,0,0,0,0,0,0,0,0,0,0,0,0,0,0,0,0,0,0,0,0,0,0,0,0,0,0,0,0,0,0,0,0,0,0,0,0,0,0,0,0,0,0,0,0,0,
,,,1,2,0,0,0,0,0,0,2,1,1,2,1,2,2,1,2,1,2,1,0,0,1,2,0,0,0,0,1,2,1,2,0,0,0,0,0,0,0,0,1,2,0,0,0,0,0,0,0,0,0,0,1,2,0,0,0,0,0,0,0,0,0,0,0,0,0,0,0,0,0,0,2,1,1,2,0,0,0,0,0,0,0,0,8,2,1,2,1,2,1,2,1,2,7,2,
,,,1,2,0,0,1,2,0,0,2,1,2,1,0,0,1,2,0,0,0,0,0,0,1,2,0,0,0,0,1,2,2,1,2,1,7,2,1,2,1,2,0,0,0,0,0,0,0,0,0,0,0,0,0,0,0,0,0,0,0,0,0,0,0,0,0,0,0,0,0,0,0,0,0,0,0,0,0,0,0,0,0,0,0,0,0,0,0,0,0,0,0,0,0,0,0,0,
,,,1,2,0,0,0,0,0,0,2,1,1,2,1,2,2,1,2,1,2,1,0,0,1,2,0,0,0,0,1,2,1,2,0,0,0,0,0,0,0,0,1,2,0,0,0,0,0,0,0,0,0,0,1,2,0,0,0,0,0,0,0,0,0,0,0,0,0,0,0,0,0,0,2,1,1,2,0,0,0,0,0,0,0,0,8,2,1,2,1,2,1,2,1,2,7,2,
,,,1,2,0,0,1,2,0,0,2,1,2,1,0,0,1,2,0,0,0,0,0,0,1,2,0,0,0,0,1,2,2,1,2,1,7,2,1,2,1,2,0,0,0,0,0,0,0,0,0,0,0,0,0,0,0,0,0,0,0,0,0,0,0,0,0,0,0,0,0,0,0,0,0,0,0,0,0,0,0,0,0,0,0,0,0,0,0,0,0,0,0,0,0,0,0,0,
,,,1,2,0,0,1,2,0,0,2,1,2,1,0,0,1,2,0,0,0,0,0,0,1,2,0,0,0,0,1,2,2,1,2,1,7,2,1,2,1,2,0,0,0,0,0,0,0,0,0,0,0,0,0,0,0,0,0,0,0,0,0,0,0,0,0,0,0,0,0,0,0,0,0,0,0,0,0,0,0,0,0,0,0,0,0,0,0,0,0,0,0,0,0,0,0,0,
,,,1,2,0,0,1,2,0,0,2,1,2,1,0,0,1,2,0,0,0,0,0,0,1,2,0,0,0,0,1,2,2,1,2,1,7,2,1,2,1,2,0,0,0,0,0,0,0,0,0,0,0,0,0,0,0,0,0,0,0,0,0,0,0,0,0,0,0,0,0,0,0,0,0,0,0,0,0,0,0,0,0,0,0,0,0,0,0,0,0,0,0,0,0,0,0,0,
,,,1,2,0,0,0,0,0,0,2,1,1,2,1,2,2,1,2,1,2,1,0,0,1,2,0,0,0,0,1,2,1,2,0,0,0,0,0,0,0,0,1,2,0,0,0,0,0,0,0,0,0,0,1,2,0,0,0,0,0,0,0,0,0,0,0,0,0,0,0,0,0,0,2,1,1,2,0,0,0,0,0,0,0,0,8,2,1,2,1,2,1,2,1,2,7,2,
,,,1,2,0,0,1,2,0,0,2,1,2,1,0,0,1,2,0,0,0,0,0,0,1,2,0,0,0,0,1,2,2,1,2,1,7,2,1,2,1,2,0,0,0,0,0,0,0,0,0,0,0,0,0,0,0,0,0,0,0,0,0,0,0,0,0,0,0,0,0,0,0,0,0,0,0,0,0,0,0,0,0,0,0,0,0,0,0,0,0,0,0,0,0,0,0,0,
,,,1,2,0,0,1,2,0,0,2,1,2,1,0,0,1,2,0,0,0,0,0,0,1,2,0,0,0,0,1,2,2,1,2,1,7,2,1,2,1,2,0,0,0,0,0,0,0,0,0,0,0,0,0,0,0,0,0,0,0,0,0,0,0,0,0,0,0,0,0,0,0,0,0,0,0,0,0,0,0,0,0,0,0,0,0,0,0,0,0,0,0,0,0,0,0,0,
,,,1,2,0,0,0,0,0,0,2,1,1,2,1,2,2,1,2,1,2,1,0,0,1,2,0,0,0,0,1,2,1,2,0,0,0,0,0,0,0,0,1,2,0,0,0,0,0,0,0,0,0,0,1,2,0,0,0,0,0,0,0,0,0,0,0,0,0,0,0,0,0,0,2,1,1,2,0,0,0,0,0,0,0,0,8,2,1,2,1,2,1,2,1,2,7,2,
,,,1,2,0,0,0,0,0,0,2,1,1,2,1,2,2,1,2,1,2,1,0,0,1,2,0,0,0,0,1,2,1,2,0,0,0,0,0,0,0,0,1,2,0,0,0,0,0,0,0,0,0,0,1,2,0,0,0,0,0,0,0,0,0,0,0,0,0,0,0,0,0,0,2,1,1,2,0,0,0,0,0,0,0,0,8,2,1,2,1,2,1,2,1,2,7,2,
,,,1,2,0,0,1,2,0,0,2,1,2,1,0,0,1,2,0,0,0,0,0,0,1,2,0,0,0,0,1,2,2,1,2,1,7,2,1,2,1,2,0,0,0,0,0,0,0,0,0,0,0,0,0,0,0,0,0,0,0,0,0,0,0,0,0,0,0,0,0,0,0,0,0,0,0,0,0,0,0,0,0,0,0,0,0,0,0,0,0,0,0,0,0,0,0,0,
,,,1,2,0,0,0,0,0,0,2,1,1,2,1,2,2,1,2,1,2,1,0,0,1,2,0,0,0,0,1,2,1,2,0,0,0,0,0,0,0,0,1,2,0,0,0,0,0,0,0,0,0,0,1,2,0,0,0,0,0,0,0,0,0,0,0,0,0,0,0,0,0,0,2,1,1,2,0,0,0,0,0,0,0,0,8,2,1,2,1,2,1,2,1,2,8,2,
,,,1,2,0,0,1,2,0,0,2,1,2,1,0,0,1,2,0,0,0,0,0,0,1,2,0,0,0,0,1,2,2,1,2,1,7,2,1,2,1,2,0,0,0,0,0,0,0,0,0,0,0,0,0,0,0,0,0,0,0,0,0,0,0,0,0,0,0,0,0,0,0,0,0,0,0,0,0,0,0,0,0,0,0,0,0,0,0,0,0,0,0,0,0,0,0,0,
,,,1,2,0,0,1,2,0,0,2,1,2,1,0,0,1,2,0,0,0,0,0,0,1,2,0,0,0,0,1,2,2,1,2,1,7,2,1,2,1,2,0,0,0,0,0,0,0,0,0,0,0,0,0,0,0,0,0,0,0,0,0,0,0,0,0,0,0,0,0,0,0,0,0,0,0,0,0,0,0,0,0,0,0,0,0,0,0,0,0,0,0,0,0,0,0,0,
,,,1,2,0,0,1,2,0,0,2,1,2,1,0,0,1,2,0,0,0,0,0,0,1,2,0,0,0,0,1,2,2,1,2,1,7,2,1,2,1,2,0,0,0,0,0,0,0,0,0,0,0,0,0,0,0,0,0,0,0,0,0,0,0,0,0,0,0,0,0,0,0,0,0,0,0,0,0,0,0,0,0,0,0,0,0,0,0,0,0,0,0,0,0,0,0,0,
,,,1,2,0,0,0,0,0,0,2,1,1,2,0,0,1,2,0,0,0,0,0,0,1,2,0,0,0,0,1,2,1,2,0,0,0,0,0,0,0,0,1,2,0,0,0,0,0,0,0,0,0,0,1,2,0,0,0,0,0,0,0,0,0,0,0,0,0,0,0,0,0,0,2,1,2,1,8,2,8,8,1,2,1,2,0,0,0,0,0,0,0,0,0,0,0,0,
,,,1,2,0,0,1,2,0,0,2,1,2,1,0,0,1,2,0,0,0,0,0,0,1,2,0,0,0,0,1,2,2,1,2,1,7,2,1,2,1,2,0,0,0,0,0,0,0,0,0,0,0,0,0,0,0,0,0,0,0,0,0,0,0,0,0,0,0,0,0,0,0,0,0,0,0,0,0,0,0,0,0,0,0,0,0,0,0,0,0,0,0,0,0,0,0,0,
,,,1,2,0,0,1,2,0,0,2,1,2,1,0,0,1,2,0,0,0,0,0,0,1,2,0,0,0,0,1,2,2,1,2,1,6,2,1,2,1,2,0,0,0,0,0,0,0,0,0,0,0,0,0,0,0,0,0,0,0,0,0,0,0,0,0,0,0,0,0,0,0,0,0,0,0,0,0,0,0,0,0,0,0,0,0,0,0,0,0,0,0,0,0,0,0,0,
,,,1,2,0,0,0,0,0,0,2,1,1,2,1,2,2,1,2,1,2,1,0,0,1,2,0,0,0,0,1,2,1,2,0,0,0,0,0,0,0,0,1,2,0,0,0,0,0,0,0,0,0,0,1,2,0,0,0,0,0,0,0,0,0,0,0,0,0,0,0,0,0,0,2,1,1,2,0,0,0,0,0,0,0,0,8,2,1,2,1,2,1,2,1,2,7,2,
,,,1,2,0,0,1,2,0,0,2,1,2,1,0,0,1,2,0,0,0,0,0,0,1,2,0,0,0,0,1,2,2,1,2,1,7,2,1,2,1,2,0,0,0,0,0,0,0,0,0,0,0,0,0,0,0,0,0,0,0,0,0,0,0,0,0,0,0,0,0,0,0,0,0,0,0,0,0,0,0,0,0,0,0,0,0,0,0,0,0,0,0,0,0,0,0,0,
,,,1,2,0,0,0,0,0,0,2,1,1,2,1,2,2,1,2,1,2,1,0,0,1,2,0,0,0,0,1,2,1,2,0,0,0,0,0,0,0,0,1,2,0,0,0,0,0,0,0,0,0,0,1,2,0,0,0,0,0,0,0,0,0,0,0,0,0,0,0,0,0,0,2,1,1,2,0,0,0,0,0,0,0,0,8,2,1,2,1,2,1,2,1,2,7,2,
,,,1,2,0,0,0,0,0,0,2,1,1,2,1,2,2,1,2,1,2,1,0,0,1,2,0,0,0,0,1,2,1,2,0,0,0,0,0,0,0,0,1,2,0,0,0,0,0,0,0,0,0,0,1,2,0,0,0,0,0,0,0,0,0,0,0,0,0,0,0,0,0,0,2,1,1,2,0,0,0,0,0,0,0,0,8,2,1,2,1,2,1,2,1,2,7,2,
,,,1,2,0,0,1,2,0,0,2,1,2,1,0,0,1,2,0,0,0,0,0,0,1,2,0,0,0,0,1,2,2,1,2,1,7,2,1,2,1,2,0,0,0,0,0,0,0,0,0,0,0,0,0,0,0,0,0,0,0,0,0,0,0,0,0,0,0,0,0,0,0,0,0,0,0,0,0,0,0,0,0,0,0,0,0,0,0,0,0,0,0,0,0,0,0,0,
,,,1,2,0,0,1,2,0,0,2,1,2,1,0,0,1,2,0,0,0,0,0,0,1,2,0,0,0,0,1,2,2,1,2,1,7,2,1,2,1,2,0,0,0,0,0,0,0,0,0,0,0,0,0,0,0,0,0,0,0,0,0,0,0,0,0,0,0,0,0,0,0,0,0,0,0,0,0,0,0,0,0,0,0,0,0,0,0,0,0,0,0,0,0,0,0,0,
,,,1,2,0,0,1,2,0,0,2,1,2,1,0,0,1,2,0,0,0,0,0,0,1,2,0,0,0,0,1,2,2,1,2,1,7,2,1,2,1,2,0,0,0,0,0,0,0,0,0,0,0,0,0,0,0,0,0,0,0,0,0,0,0,0,0,0,0,0,0,0,0,0,0,0,0,0,0,0,0,0,0,0,0,0,0,0,0,0,0,0,0,0,0,0,0,0,
,,,1,2,0,0,0,0,0,0,2,1,1,2,1,2,2,1,2,1,2,1,0,0,1,2,0,0,0,0,1,2,1,2,0,0,0,0,0,0,0,0,1,2,0,0,0,0,0,0,0,0,0,0,1,2,0,0,0,0,0,0,0,0,0,0,0,0,0,0,0,0,0,0,2,1,1,2,0,0,0,0,0,0,0,0,8,2,1,2,1,2,1,2,1,2,8,2,
,,,1,2,0,0,0,0,0,0,2,1,1,2,1,2,2,1,2,1,2,1,0,0,1,2,0,0,0,0,1,2,1,2,0,0,0,0,0,0,0,0,1,2,0,0,0,0,0,0,0,0,0,0,1,2,0,0,0,0,0,0,0,0,0,0,0,0,0,0,0,0,0,0,2,1,1,2,0,0,0,0,0,0,0,0,8,2,1,2,1,2,1,2,1,2,7,2,
,,,1,2,0,0,1,2,0,0,2,1,2,1,0,0,1,2,0,0,0,0,0,0,1,2,0,0,0,0,1,2,2,1,2,1,7,2,1,2,1,2,0,0,0,0,0,0,0,0,0,0,0,0,0,0,0,0,0,0,0,0,0,0,0,0,0,0,0,0,0,0,0,0,0,0,0,0,0,0,0,0,0,0,0,0,0,0,0,0,0,0,0,0,0,0,0,0,
,,,1,2,0,0,0,0,0,0,2,1,1,2,1,2,2,1,2,1,2,1,0,0,1,2,0,0,0,0,1,2,1,2,0,0,0,0,0,0,0,0,1,2,0,0,0,0,0,0,0,0,0,0,1,2,0,0,0,0,0,0,0,0,0,0,0,0,0,0,0,0,0,0,2,1,1,2,0,0,0,0,0,0,0,0,8,2,1,2,1,2,1,2,1,2,8,2,
,,,1,2,0,0,1,2,0,0,2,1,2,1,0,0,1,2,0,0,0,0,0,0,1,2,0,0,0,0,1,2,2,1,2,1,7,2,1,2,1,2,0,0,0,0,0,0,0,0,0,0,0,0,0,0,0,0,0,0,0,0,0,0,0,0,0,0,0,0,0,0,0,0,0,0,0,0,0,0,0,0,0,0,0,0,0,0,0,0,0,0,0,0,0,0,0,0,
,,,1,2,0,0,0,0,0,0,2,1,1,2,1,2,2,1,2,1,2,1,0,0,1,2,0,0,0,0,1,2,1,2,0,0,0,0,0,0,0,0,1,2,0,0,0,0,0,0,0,0,0,0,1,2,0,0,0,0,0,0,0,0,0,0,0,0,0,0,0,0,0,0,2,1,1,2,0,0,0,0,0,0,0,0,8,2,1,2,1,2,1,2,1,2,7,2,
,,,1,2,0,0,0,0,0,0,2,1,1,2,1,2,2,1,2,1,2,1,0,0,1,2,0,0,0,0,1,2,1,2,0,0,0,0,0,0,0,0,1,2,0,0,0,0,0,0,0,0,0,0,1,2,0,0,0,0,0,0,0,0,0,0,0,0,0,0,0,0,0,0,2,1,1,2,0,0,0,0,0,0,0,0,8,2,1,2,1,2,1,2,1,2,8,2,
,,,0,0,0,0,0,0,0,0,0,0,0,0,0,0,0,0,0,0,0,0,0,0,0,0,0,0,0,0,0,0,0,0,0,0,0,0,0,0,0,0,0,0,0,0,0,0,0,0,0,0,0,0,0,0,0,0,0,0,0,0,0,0,0,0,0,0,0,0,0,0,0,0,0,0,0,0,0,0,0,0,0,0,0,0,0,0,0,0,0,0,0,0,0,0,0,0,
,,,1,2,0,0,0,0,0,0,2,1,1,2,1,2,2,1,2,1,2,1,0,0,1,2,0,0,0,0,1,2,1,2,0,0,0,0,0,0,0,0,1,2,0,0,0,0,0,0,0,0,0,0,1,2,0,0,0,0,0,0,0,0,0,0,0,0,0,0,0,0,0,0,2,1,1,2,0,0,0,0,0,0,0,0,8,2,1,2,1,2,1,2,1,2,7,2,
,,,1,2,0,0,1,2,0,0,2,1,2,1,0,0,1,2,0,0,0,0,0,0,1,2,0,0,0,0,1,2,2,1,2,1,7,2,1,2,1,2,0,0,0,0,0,0,0,0,0,0,0,0,0,0,0,0,0,0,0,0,0,0,0,0,0,0,0,0,0,0,0,0,0,0,0,0,0,0,0,0,0,0,0,0,0,0,0,0,0,0,0,0,0,0,0,0,
,,,1,2,0,0,0,0,0,0,2,1,1,2,1,2,2,1,2,1,2,1,0,0,1,2,0,0,0,0,1,2,1,2,0,0,0,0,0,0,0,0,1,2,0,0,0,0,0,0,0,0,0,0,1,2,0,0,0,0,0,0,0,0,0,0,0,0,0,0,0,0,0,0,2,1,1,2,0,0,0,0,0,0,0,0,8,2,1,2,1,2,1,2,1,2,8,2,
,,,0,0,0,0,0,0,0,0,0,0,0,0,0,0,0,0,0,0,0,0,0,0,0,0,0,0,0,0,0,0,0,0,0,0,0,0,0,0,0,0,0,0,0,0,0,0,0,0,0,0,0,0,0,0,0,0,0,0,0,0,0,0,0,0,0,0,0,0,0,0,0,0,0,0,0,0,0,0,0,0,0,0,0,0,0,0,0,0,0,0,0,0,0,0,0,0,
,,,1,2,0,0,1,2,0,0,2,1,2,1,0,0,1,2,0,0,0,0,0,0,1,2,0,0,0,0,1,2,2,1,2,1,7,2,1,2,1,2,0,0,0,0,0,0,0,0,0,0,0,0,0,0,0,0,0,0,0,0,0,0,0,0,0,0,0,0,0,0,0,0,0,0,0,0,0,0,0,0,0,0,0,0,0,0,0,0,0,0,0,0,0,0,0,0,
,,,1,2,0,0,0,0,0,0,2,1,1,2,1,2,2,1,2,1,2,1,0,0,1,2,0,0,0,0,1,2,1,2,0,0,0,0,0,0,0,0,1,2,0,0,0,0,0,0,0,0,0,0,1,2,0,0,0,0,0,0,0,0,0,0,0,0,0,0,0,0,0,0,2,1,1,2,0,0,0,0,0,0,0,0,8,2,1,2,1,2,1,2,1,2,7,2,
,,,1,2,0,0,0,0,0,0,2,1,1,2,1,2,2,1,2,1,2,1,0,0,1,2,0,0,0,0,1,2,1,2,0,0,0,0,0,0,0,0,1,2,0,0,0,0,0,0,0,0,0,0,1,2,0,0,0,0,0,0,0,0,0,0,0,0,0,0,0,0,0,0,2,1,1,2,0,0,0,0,0,0,0,0,8,2,1,2,1,2,1,2,1,2,7,2,
,,,1,2,0,0,1,2,0,0,2,1,2,1,0,0,1,2,0,0,0,0,0,0,1,2,0,0,0,0,1,2,2,1,2,1,6,2,1,2,1,2,0,0,0,0,0,0,0,0,0,0,0,0,0,0,0,0,0,0,0,0,0,0,0,0,0,0,0,0,0,0,0,0,0,0,0,0,0,0,0,0,0,0,0,0,0,0,0,0,0,0,0,0,0,0,0,0,
,,,1,2,0,0,0,0,0,0,2,1,1,2,1,2,2,1,2,1,2,1,0,0,1,2,0,0,0,0,1,2,1,2,0,0,0,0,0,0,0,0,1,2,0,0,0,0,0,0,0,0,0,0,1,2,0,0,0,0,0,0,0,0,0,0,0,0,0,0,0,0,0,0,2,1,1,2,0,0,0,0,0,0,0,0,8,2,1,2,1,2,1,2,1,2,7,2,
,,,1,2,0,0,1,2,0,0,2,1,2,1,0,0,1,2,0,0,0,0,0,0,1,2,0,0,0,0,1,2,2,1,2,1,7,2,1,2,1,2,0,0,0,0,0,0,0,0,0,0,0,0,0,0,0,0,0,0,0,0,0,0,0,0,0,0,0,0,0,0,0,0,0,0,0,0,0,0,0,0,0,0,0,0,0,0,0,0,0,0,0,0,0,0,0,0,
,,,1,2,0,0,1,2,0,0,2,1,2,1,0,0,1,2,0,0,0,0,0,0,1,2,0,0,0,0,1,2,2,1,2,1,7,2,1,2,1,2,0,0,0,0,0,0,0,0,0,0,0,0,0,0,0,0,0,0,0,0,0,0,0,0,0,0,0,0,0,0,0,0,0,0,0,0,0,0,0,0,0,0,0,0,0,0,0,0,0,0,0,0,0,0,0,0,
,,,1,2,0,0,0,0,0,0,2,1,1,2,1,2,2,1,2,1,2,1,0,0,1,2,0,0,0,0,1,2,1,2,0,0,0,0,0,0,0,0,1,2,0,0,0,0,0,0,0,0,0,0,1,2,0,0,0,0,0,0,0,0,0,0,0,0,0,0,0,0,0,0,2,1,1,2,0,0,0,0,0,0,0,0,8,2,1,2,1,2,1,2,1,2,7,2,
,,,0,0,0,0,0,0,0,0,0,0,0,0,0,0,0,0,0,0,0,0,0,0,0,0,0,0,0,0,0,0,0,0,0,0,0,0,0,0,0,0,0,0,0,0,0,0,0,0,0,0,0,0,0,0,0,0,0,0,0,0,0,0,0,0,0,0,0,0,0,0,0,0,0,0,0,0,0,0,0,0,0,0,0,0,0,0,0,0,0,0,0,0,0,0,0,0,
,,,1,2,0,0,0,0,0,0,2,1,1,2,1,2,2,1,2,1,2,1,0,0,1,2,0,0,0,0,1,2,1,2,0,0,0,0,0,0,0,0,1,2,0,0,0,0,0,0,0,0,0,0,1,2,0,0,0,0,0,0,0,0,0,0,0,0,0,0,0,0,0,0,2,1,1,2,0,0,0,0,0,0,0,0,8,2,1,2,1,2,1,2,1,2,7,2,
,,,1,2,0,0,1,2,0,0,2,1,2,1,0,0,1,2,0,0,0,0,0,0,1,2,0,0,0,0,1,2,2,1,2,1,7,2,1,2,1,2,0,0,0,0,0,0,0,0,0,0,0,0,0,0,0,0,0,0,0,0,0,0,0,0,0,0,0,0,0,0,0,0,0,0,0,0,0,0,0,0,0,0,0,0,0,0,0,0,0,0,0,0,0,0,0,0,
,,,1,2,0,0,0,0,0,0,2,1,1,2,1,2,2,1,2,1,2,1,0,0,1,2,0,0,0,0,1,2,1,2,0,0,0,0,0,0,0,0,1,2,0,0,0,0,0,0,0,0,0,0,1,2,0,0,0,0,0,0,0,0,0,0,0,0,0,0,0,0,0,0,2,1,1,2,0,0,0,0,0,0,0,0,8,2,1,2,1,2,1,2,1,2,7,2,
,,,1,2,0,0,1,2,0,0,2,1,2,1,0,0,1,2,0,0,0,0,0,0,1,2,0,0,0,0,1,2,2,1,2,1,7,2,1,2,1,2,0,0,0,0,0,0,0,0,0,0,0,0,0,0,0,0,0,0,0,0,0,0,0,0,0,0,0,0,0,0,0,0,0,0,0,0,0,0,0,0,0,0,0,0,0,0,0,0,0,0,0,0,0,0,0,0,
,,,1,2,0,0,0,0,0,0,2,1,1,2,1,2,2,1,2,1,2,1,0,0,1,2,0,0,0,0,1,2,1,2,0,0,0,0,0,0,0,0,1,2,0,0,0,0,0,0,0,0,0,0,1,2,0,0,0,0,0,0,0,0,0,0,0,0,0,0,0,0,0,0,2,1,1,2,0,0,0,0,0,0,0,0,8,2,1,2,1,2,1,2,1,2,8,2,
,,,1,2,0,0,0,0,0,0,2,1,1,2,1,2,2,1,2,1,2,1,0,0,1,2,0,0,0,0,1,2,1,2,0,0,0,0,0,0,0,0,1,2,0,0,0,0,0,0,0,0,0,0,1,2,0,0,0,0,0,0,0,0,0,0,0,0,0,0,0,0,0,0,2,1,1,2,0,0,0,0,0,0,0,0,8,2,1,2,1,2,1,2,1,2,7,2,
,,,1,2,0,0,0,0,0,0,2,1,1,2,1,2,2,1,2,1,2,1,0,0,1,2,0,0,0,0,1,2,1,2,0,0,0,0,0,0,0,0,1,2,0,0,0,0,0,0,0,0,0,0,1,2,0,0,0,0,0,0,0,0,0,0,0,0,0,0,0,0,0,0,2,1,1,2,0,0,0,0,0,0,0,0,8,2,1,2,1,2,1,2,1,2,8,2,
,,,1,2,0,0,0,0,0,0,2,1,1,2,1,2,2,1,2,1,2,1,0,0,1,2,0,0,0,0,1,2,1,2,0,0,0,0,0,0,0,0,1,2,0,0,0,0,0,0,0,0,0,0,1,2,0,0,0,0,0,0,0,0,0,0,0,0,0,0,0,0,0,0,2,1,1,2,0,0,0,0,0,0,0,0,8,2,1,2,1,2,1,2,1,2,8,2,
,,,1,2,0,0,1,2,0,0,2,1,2,1,0,0,1,2,0,0,0,0,0,0,1,2,0,0,0,0,1,2,2,1,2,1,7,2,1,2,1,2,0,0,0,0,0,0,0,0,0,0,0,0,0,0,0,0,0,0,0,0,0,0,0,0,0,0,0,0,0,0,0,0,0,0,0,0,0,0,0,0,0,0,0,0,0,0,0,0,0,0,0,0,0,0,0,0,
,,,0,0,0,0,0,0,0,0,0,0,0,0,0,0,0,0,0,0,0,0,0,0,0,0,0,0,0,0,0,0,0,0,0,0,0,0,0,0,0,0,0,0,0,0,0,0,0,0,0,0,0,0,0,0,0,0,0,0,0,0,0,0,0,0,0,0,0,0,0,0,0,0,0,0,0,0,0,0,0,0,0,0,0,0,0,0,0,0,0,0,0,0,0,0,0,0,
,,,1,2,0,0,1,2,0,0,2,1,2,1,0,0,1,2,0,0,0,0,0,0,1,2,0,0,0,0,1,2,2,1,2,1,7,2,1,2,1,2,0,0,0,0,0,0,0,0,0,0,0,0,0,0,0,0,0,0,0,0,0,0,0,0,0,0,0,0,0,0,0,0,0,0,0,0,0,0,0,0,0,0,0,0,0,0,0,0,0,0,0,0,0,0,0,0,
,,,1,2,0,0,0,0,0,0,2,1,1,2,0,0,1,2,0,0,0,0,0,0,1,2,0,0,0,0,1,2,1,2,0,0,0,0,0,0,0,0,1,2,0,0,0,0,0,0,0,0,0,0,1,2,0,0,0,0,0,0,0,0,0,0,0,0,0,0,0,0,0,0,2,1,2,1,8,2,8,8,1,2,1,2,0,0,0,0,0,0,0,0,0,0,0,0,
,,,1,2,0,0,1,2,0,0,2,1,2,1,0,0,1,2,0,0,0,0,0,0,1,2,0,0,0,0,1,2,2,1,2,1,7,2,1,2,1,2,0,0,0,0,0,0,0,0,0,0,0,0,0,0,0,0,0,0,0,0,0,0,0,0,0,0,0,0,0,0,0,0,0,0,0,0,0,0,0,0,0,0,0,0,0,0,0,0,0,0,0,0,0,0,0,0,
,,,1,2,0,0,0,0,0,0,2,1,1,2,1,2,2,1,2,1,2,1,0,0,1,2,0,0,0,0,1,2,1,2,0,0,0,0,0,0,0,0,1,2,0,0,0,0,0,0,0,0,0,0,1,2,0,0,0,0,0,0,0,0,0,0,0,0,0,0,0,0,0,0,2,1,1,2,0,0,0,0,0,0,0,0,8,2,1,2,1,2,1,2,1,2,7,2,
,,,1,2,0,0,1,2,0,0,2,1,2,1,0,0,1,2,0,0,0,0,0,0,1,2,0,0,0,0,1,2,2,1,2,1,7,2,1,2,1,2,0,0,0,0,0,0,0,0,0,0,0,0,0,0,0,0,0,0,0,0,0,0,0,0,0,0,0,0,0,0,0,0,0,0,0,0,0,0,0,0,0,0,0,0,0,0,0,0,0,0,0,0,0,0,0,0,
,,,1,2,0,0,1,2,0,0,2,1,2,1,0,0,1,2,0,0,0,0,0,0,1,2,0,0,0,0,1,2,2,1,2,1,6,2,1,2,1,2,0,0,0,0,0,0,0,0,0,0,0,0,0,0,0,0,0,0,0,0,0,0,0,0,0,0,0,0,0,0,0,0,0,0,0,0,0,0,0,0,0,0,0,0,0,0,0,0,0,0,0,0,0,0,0,0,
,,,1,2,0,0,1,2,0,0,2,1,2,1,1,2,2,1,2,1,2,1,0,0,1,2,0,0,0,0,1,2,2,1,2,1,7,2,1,2,1,2,0,0,0,0,0,0,0,0,0,0,0,0,0,0,0,0,0,0,0,0,0,0,0,0,0,0,0,0,0,0,0,0,0,0,0,0,0,0,0,0,0,0,0,0,0,0,0,0,0,0,0,0,0,0,0,0,
,,,1,2,0,0,1,2,0,0,2,1,2,1,0,0,1,2,0,0,0,0,0,0,1,2,0,0,0,0,1,2,2,1,2,1,7,2,1,2,1,2,0,0,0,0,0,0,0,0,0,0,0,0,0,0,0,0,0,0,0,0,0,0,0,0,0,0,0,0,0,0,0,0,0,0,0,0,0,0,0,0,0,0,0,0,0,0,0,0,0,0,0,0,0,0,0,0,
,,,1,2,0,0,0,0,0,0,2,1,1,2,1,2,2,1,2,1,2,1,0,0,1,2,0,0,0,0,1,2,1,2,0,0,0,0,0,0,0,0,1,2,0,0,0,0,0,0,0,0,0,0,1,2,0,0,0,0,0,0,0,0,0,0,0,0,0,0,0,0,0,0,2,1,1,2,0,0,0,0,0,0,0,0,8,2,1,2,1,2,1,2,1,2,7,2,
,,,1,2,0,0,1,2,0,0,2,1,2,1,0,0,1,2,0,0,0,0,0,0,1,2,0,0,0,0,1,2,2,1,2,1,5,2,1,2,1,2,0,0,0,0,0,0,0,0,0,0,0,0,0,0,0,0,0,0,0,0,0,0,0,0,0,0,0,0,0,0,0,0,0,0,0,0,0,0,0,0,0,0,0,0,0,0,0,0,0,0,0,0,0,0,0,0,
,,,1,2,0,0,0,0,0,0,2,1,1,2,1,2,2,1,2,1,2,1,0,0,1,2,0,0,0,0,1,2,1,2,0,0,0,0,0,0,0,0,1,2,0,0,0,0,0,0,0,0,0,0,1,2,0,0,0,0,0,0,0,0,0,0,0,0,0,0,0,0,0,0,2,1,1,2,0,0,0,0,0,0,0,0,8,2,1,2,1,2,1,2,1,2,8,2,
,,,1,2,0,0,0,0,0,0,2,1,1,2,1,2,2,1,2,1,2,1,0,0,1,2,0,0,0,0,1,2,1,2,0,0,0,0,0,0,0,0,1,2,0,0,0,0,0,0,0,0,0,0,1,2,0,0,0,0,0,0,0,0,0,0,0,0,0,0,0,0,0,0,2,1,1,2,0,0,0,0,0,0,0,0,8,2,1,2,1,2,1,2,1,2,7,2,
,,,1,2,0,0,0,0,0,0,2,1,1,2,1,2,2,1,2,1,2,1,0,0,1,2,0,0,0,0,1,2,1,2,0,0,0,0,0,0,0,0,1,2,0,0,0,0,0,0,0,0,0,0,1,2,0,0,0,0,0,0,0,0,0,0,0,0,0,0,0,0,0,0,2,1,1,2,0,0,0,0,0,0,0,0,8,2,1,2,1,2,1,2,1,2,7,2,
,,,1,2,0,0,0,0,0,0,1,2,0,0,0,0,0,0,0,0,0,0,0,0,0,0,0,0,0,0,0,0,0,0,0,0,0,0,0,0,0,0,0,0,0,0,0,0,0,0,0,0,0,0,0,0,0,0,0,0,0,0,0,0,0,0,0,0,0,0,0,0,0,0,0,0,0,0,0,0,0,0,0,0,0,0,0,0,0,0,0,0,0,0,0,0,0,0,
,,,1,2,0,0,1,2,0,0,2,1,2,1,0,0,1,2,0,0,0,0,0,0,1,2,0,0,0,0,1,2,2,1,2,1,7,2,1,2,1,2,0,0,0,0,0,0,0,0,0,0,0,0,0,0,0,0,0,0,0,0,0,0,0,0,0,0,0,0,0,0,0,0,0,0,0,0,0,0,0,0,0,0,0,0,0,0,0,0,0,0,0,0,0,0,0,0,
,,,1,2,0,0,0,0,0,0,2,1,1,2,1,2,2,1,2,1,2,1,0,0,1,2,0,0,0,0,1,2,1,2,0,0,0,0,0,0,0,0,1,2,0,0,0,0,0,0,0,0,0,0,1,2,0,0,0,0,0,0,0,0,0,0,0,0,0,0,0,0,0,0,2,1,1,2,0,0,0,0,0,0,0,0,8,2,1,2,1,2,1,2,1,2,7,2,
,,,0,0,0,0,0,0,0,0,0,0,0,0,0,0,0,0,0,0,0,0,0,0,0,0,0,0,0,0,0,0,0,0,0,0,0,0,0,0,0,0,0,0,0,0,0,0,0,0,0,0,0,0,0,0,0,0,0,0,0,0,0,0,0,0,0,0,0,0,0,0,0,0,0,0,0,0,0,0,0,0,0,0,0,0,0,0,0,0,0,0,0,0,0,0,0,0,
,,,1,2,0,0,0,0,0,0,2,1,1,2,1,2,2,1,2,1,2,1,0,0,1,2,0,0,0,0,1,2,1,2,0,0,0,0,0,0,0,0,1,2,0,0,0,0,0,0,0,0,0,0,1,2,0,0,0,0,0,0,0,0,0,0,0,0,0,0,0,0,0,0,2,1,1,2,0,0,0,0,0,0,0,0,8,2,1,2,1,2,1,2,1,2,7,2,
,,,1,2,0,0,1,2,0,0,2,1,2,1,0,0,1,2,0,0,0,0,0,0,1,2,0,0,0,0,1,2,2,1,2,1,7,2,1,2,1,2,0,0,0,0,0,0,0,0,0,0,0,0,0,0,0,0,0,0,0,0,0,0,0,0,0,0,0,0,0,0,0,0,0,0,0,0,0,0,0,0,0,0,0,0,0,0,0,0,0,0,0,0,0,0,0,0,
,,,1,2,0,0,0,0,0,0,2,1,1,2,0,0,1,2,0,0,0,0,0,0,1,2,0,0,0,0,1,2,1,2,0,0,0,0,0,0,0,0,1,2,0,0,0,0,0,0,0,0,0,0,1,2,0,0,0,0,0,0,0,0,0,0,0,0,0,0,0,0,0,0,2,1,2,1,8,2,8,8,1,2,1,2,0,0,0,0,0,0,0,0,0,0,0,0,
,,,1,2,0,0,1,2,0,0,2,1,2,1,0,0,1,2,0,0,0,0,0,0,1,2,0,0,0,0,1,2,2,1,2,1,7,2,1,2,1,2,0,0,0,0,0,0,0,0,0,0,0,0,0,0,0,0,0,0,0,0,0,0,0,0,0,0,0,0,0,0,0,0,0,0,0,0,0,0,0,0,0,0,0,0,0,0,0,0,0,0,0,0,0,0,0,0,
,,,1,2,0,0,1,2,0,0,2,1,2,1,0,0,1,2,0,0,0,0,0,0,1,2,0,0,0,0,1,2,2,1,2,1,7,2,1,2,1,2,0,0,0,0,0,0,0,0,0,0,0,0,0,0,0,0,0,0,0,0,0,0,0,0,0,0,0,0,0,0,0,0,0,0,0,0,0,0,0,0,0,0,0,0,0,0,0,0,0,0,0,0,0,0,0,0,
,,,1,2,0,0,0,0,0,0,2,1,1,2,1,2,2,1,2,1,2,1,0,0,1,2,0,0,0,0,1,2,1,2,0,0,0,0,0,0,0,0,1,2,0,0,0,0,0,0,0,0,0,0,1,2,0,0,0,0,0,0,0,0,0,0,0,0,0,0,0,0,0,0,2,1,1,2,0,0,0,0,0,0,0,0,8,2,1,2,1,2,1,2,1,2,8,2,
,,,0,0,0,0,0,0,0,0,0,0,0,0,0,0,0,0,0,0,0,0,0,0,0,0,0,0,0,0,0,0,0,0,0,0,0,0,0,0,0,0,0,0,0,0,0,0,0,0,0,0,0,0,0,0,0,0,0,0,0,0,0,0,0,0,0,0,0,0,0,0,0,0,0,0,0,0,0,0,0,0,0,0,0,0,0,0,0,0,0,0,0,0,0,0,0,0,
,,,1,2,0,0,0,0,0,0,2,1,1,2,0,0,1,2,0,0,0,0,0,0,1,2,0,0,0,0,1,2,1,2,0,0,0,0,0,0,0,0,1,2,0,0,0,0,0,0,0,0,0,0,2,1,2,1,4,2,2,3,1,2,1,2,0,0,0,0,0,0,0,0,0,0,0,0,0,0,0,0,0,0,0,0,0,0,0,0,0,0,0,0,0,0,0,0,
,,,1,2,0,0,1,2,0,0,2,1,2,1,0,0,1,2,0,0,0,0,0,0,1,2,0,0,0,0,1,2,2,1,2,1,7,2,1,2,1,2,0,0,0,0,0,0,0,0,0,0,0,0,0,0,0,0,0,0,0,0,0,0,0,0,0,0,0,0,0,0,0,0,0,0,0,0,0,0,0,0,0,0,0,0,0,0,0,0,0,0,0,0,0,0,0,0,
,,,1,2,0,0,0,0,0,0,2,1,1,2,1,2,2,1,2,1,2,1,0,0,1,2,0,0,0,0,1,2,1,2,0,0,0,0,0,0,0,0,1,2,0,0,0,0,0,0,0,0,0,0,1,2,0,0,0,0,0,0,0,0,0,0,0,0,0,0,0,0,0,0,2,1,1,2,0,0,0,0,0,0,0,0,8,2,1,2,1,2,1,2,1,2,8,2,
,,,0,0,0,0,0,0,0,0,0,0,0,0,0,0,0,0,0,0,0,0,0,0,0,0,0,0,0,0,0,0,0,0,0,0,0,0,0,0,0,0,0,0,0,0,0,0,0,0,0,0,0,0,0,0,0,0,0,0,0,0,0,0,0,0,0,0,0,0,0,0,0,0,0,0,0,0,0,0,0,0,0,0,0,0,0,0,0,0,0,0,0,0,0,0,0,0,
,,,1,2,0,0,1,2,0,0,2,1,2,1,0,0,1,2,0,0,0,0,0,0,1,2,0,0,0,0,1,2,2,1,2,1,6,2,1,2,1,2,0,0,0,0,0,0,0,0,0,0,0,0,0,0,0,0,0,0,0,0,0,0,0,0,0,0,0,0,0,0,0,0,0,0,0,0,0,0,0,0,0,0,0,0,0,0,0,0,0,0,0,0,0,0,0,0,
,,,1,2,0,0,0,0,0,0,2,1,1,2,1,2,2,1,2,1,2,1,0,0,1,2,0,0,0,0,1,2,1,2,0,0,0,0,0,0,0,0,1,2,0,0,0,0,0,0,0,0,0,0,1,2,0,0,0,0,0,0,0,0,0,0,0,0,0,0,0,0,0,0,2,1,2,1,8,2,8,8,1,2,1,2,0,0,0,0,0,0,0,0,0,0,0,0,
,,,1,2,0,0,0,0,0,0,2,1,1,2,1,2,2,1,2,1,2,1,0,0,1,2,0,0,0,0,1,2,1,2,0,0,0,0,0,0,0,0,1,2,0,0,0,0,0,0,0,0,0,0,1,2,0,0,0,0,0,0,0,0,0,0,0,0,0,0,0,0,0,0,2,1,1,2,0,0,0,0,0,0,0,0,8,2,1,2,1,2,1,2,1,2,7,2,
,,,,,,,,,,,,,,,,,,,,,,,,,,,,,,,,,,,,,,,,,,,,,,,,,,,,,,,,,,,,,,,,,,,,,,,,,,,,,,,,,,,,,,,,,,,,,,,,,,,
,,,0,0,1,1,0,0,1,1,0,0,0,0,1,1,0,0,0,0,0,0,0,0,0,0,1,0,0,0,1,1,1,1,1,1,1,0,1,1,1,1,0,0,0,0,1,1,0,1,1,1,1,1,1,1,1,1,1,0,1,0,1,0,0,0,0,0,0,0,0,0,0,0,0,1,1,0,1,0,1,1,1,1,1,1,1,1,1,1,1,1,1,1,1,1,1,1,0.552083333
,,,1,1,1,1,1,0,1,1,1,1,0,1,0,0,1,0,1,0,1,1,0,0,1,0,0,1,0,1,1,0,0,0,0,0,0,0,1,0,0,0,1,0,1,0,0,0,0,0,1,1,1,1,1,1,1,1,1,1,1,1,1,1,1,0,1,1,1,0,1,1,1,1,1,1,1,1,1,1,0,0,1,0,1,1,1,1,1,1,1,1,1,1,1,1,1,1,0.666666667
,,,1,1,1,1,1,1,1,1,0,0,0,0,1,1,0,1,1,1,1,0,1,1,1,1,0,1,1,0,1,1,1,1,1,1,1,1,1,1,1,1,1,1,1,1,1,0,1,1,1,0,1,0,1,0,1,1,0,1,1,1,1,1,0,1,1,1,0,0,0,0,0,0,0,0,0,0,0,0,0,1,0,1,1,1,1,1,1,1,1,1,1,1,1,1,1,1,0.708333333
,,,1,1,1,1,1,1,1,1,0,1,1,1,1,1,0,0,1,1,1,1,1,0,1,0,1,1,1,1,0,0,0,0,0,0,0,0,1,0,1,0,1,0,0,0,1,1,1,0,0,0,0,1,0,0,0,0,0,0,0,0,0,0,0,0,0,0,1,1,0,0,0,0,0,0,0,1,0,0,0,0,0,0,1,1,1,1,1,1,1,1,1,1,1,1,1,1,0.489583333
,,,1,1,1,1,1,0,1,1,1,1,0,0,1,1,1,0,0,0,1,0,0,1,0,0,1,1,1,1,0,0,0,0,0,0,0,0,0,0,0,0,1,1,1,1,1,1,1,1,0,1,0,0,1,1,1,0,1,1,1,1,0,1,1,1,1,1,1,1,1,0,1,1,0,0,1,1,1,1,1,1,1,1,1,1,1,1,1,1,1,1,1,1,1,1,1,1,0.6875
,,,1,1,1,1,1,1,1,1,0,0,0,0,1,0,0,0,0,0,0,0,1,1,1,0,0,0,0,0,0,1,1,1,1,1,1,1,1,1,0,0,0,0,0,0,0,1,1,1,1,0,0,0,1,0,1,1,0,1,0,1,0,1,1,1,1,1,1,1,1,1,1,0,1,1,1,1,0,0,0,0,0,0,0,1,1,1,1,1,1,1,1,1,1,1,1,1,0.59375
,,,1,1,1,1,1,0,1,1,1,1,1,0,1,1,0,0,1,1,1,1,0,0,0,0,0,0,0,0,0,0,0,0,0,0,0,0,0,0,0,0,1,1,0,0,0,0,0,0,0,0,0,0,1,0,1,0,1,1,1,1,1,0,1,1,1,1,1,1,1,0,0,0,0,0,0,1,0,0,0,0,0,0,1,1,1,1,0,1,1,1,1,1,1,1,1,1,0.479166667
,,,1,1,1,1,1,1,1,1,0,0,0,0,1,0,0,0,0,0,0,0,1,1,1,1,1,0,1,1,0,0,1,1,1,1,1,1,1,1,1,1,1,0,0,1,0,1,0,0,1,1,0,0,0,0,1,0,0,1,1,0,1,1,1,1,1,1,1,0,0,0,1,1,0,1,0,0,1,1,1,1,1,1,1,1,1,1,1,1,1,1,1,1,1,1,1,1,0.666666667
,,,1,0,1,1,0,0,1,1,0,0,0,1,1,1,1,0,0,0,1,1,1,1,0,0,0,0,0,0,1,0,0,0,1,0,0,0,0,1,1,1,0,1,0,0,0,0,1,1,0,0,0,1,1,0,0,1,0,0,0,1,0,0,0,1,1,1,1,0,1,1,1,1,0,0,0,0,1,1,1,1,1,1,1,0,1,1,0,1,1,0,0,0,0,0,0,0,0.458333333
,,,0,0,1,1,0,0,1,1,1,0,1,0,0,0,0,0,0,0,0,0,1,0,1,0,0,0,1,1,0,0,0,0,1,0,0,0,1,1,1,1,0,0,1,1,1,0,0,1,1,1,1,1,1,0,1,1,1,0,0,1,0,0,1,1,0,0,0,0,1,1,1,0,0,0,0,1,1,1,1,0,1,1,1,1,0,0,0,0,0,0,0,0,0,0,0,0,0.427083333
,,,1,1,1,1,1,1,1,1,0,0,0,0,0,1,0,0,1,1,0,1,1,1,1,1,1,1,1,1,0,0,1,1,0,0,1,1,1,1,1,1,1,0,1,1,1,0,1,1,1,1,1,1,1,1,1,1,1,0,1,1,1,1,1,0,1,1,1,1,1,1,1,1,1,1,1,1,1,1,1,1,1,1,1,1,1,1,1,1,1,1,1,1,1,1,1,1,0.833333333
,,,1,1,1,1,1,1,1,1,1,0,0,1,1,0,0,0,1,1,1,1,1,1,0,0,1,1,1,1,0,0,0,1,0,1,0,1,1,0,0,0,1,0,1,1,0,0,0,0,1,1,1,1,0,1,1,0,0,0,0,1,1,0,0,0,0,0,0,1,1,1,1,1,1,1,1,1,1,1,1,1,1,1,1,1,0,0,1,0,0,0,1,1,1,1,1,1,0.625
,,,1,0,1,1,0,0,1,1,0,1,0,1,1,0,0,0,0,0,0,0,1,1,0,0,0,0,0,0,1,0,0,0,1,1,1,0,1,0,1,1,0,0,1,1,0,0,0,0,1,1,0,1,0,0,1,0,1,1,1,1,0,1,1,1,0,0,0,0,0,1,1,1,0,0,1,0,1,0,1,1,1,1,1,1,0,1,0,0,0,0,0,0,0,0,0,0,0.4375
,,,1,1,1,1,1,0,1,1,1,1,1,1,1,1,0,0,1,1,1,1,1,1,0,0,1,1,1,1,0,0,0,1,0,1,0,0,0,0,0,0,1,0,0,1,0,0,1,1,1,0,0,1,1,1,1,1,1,1,1,1,0,0,0,1,0,1,0,1,1,0,1,0,1,0,1,0,0,1,1,0,1,0,1,1,0,1,1,0,0,0,1,1,1,1,1,1,0.614583333
,,,1,1,1,1,0,0,1,1,1,0,0,0,1,0,0,1,0,0,0,0,1,0,1,0,0,1,1,0,0,0,0,0,0,0,0,0,0,0,0,1,0,0,1,0,1,1,1,1,1,1,1,1,0,0,1,1,0,0,0,1,0,0,1,1,0,0,0,0,0,0,0,1,0,1,1,1,0,0,0,0,1,0,1,1,0,0,0,0,0,0,0,0,0,0,0,0,0.364583333
,,,1,1,1,1,1,1,1,1,1,0,0,1,1,1,0,0,1,0,1,1,1,1,0,0,1,0,0,1,0,0,0,0,0,0,0,0,0,0,0,0,0,0,0,0,1,0,1,0,0,0,1,1,0,0,0,0,0,1,1,0,1,1,1,1,1,1,1,1,1,1,1,1,0,1,0,0,0,1,1,0,1,1,1,1,1,1,1,1,1,1,1,1,1,1,1,1,0.583333333
,,,1,1,1,0,0,0,1,0,1,1,0,1,1,1,0,0,1,1,1,1,0,1,0,0,1,1,1,1,0,0,0,0,0,0,0,0,0,0,0,1,0,0,0,1,1,1,1,1,1,1,1,1,1,0,1,1,1,0,1,1,0,0,1,0,0,1,0,1,1,0,0,1,1,1,1,0,1,1,0,0,1,1,1,1,1,1,1,1,1,0,1,0,0,0,0,0,0.5625
,,,1,1,1,1,0,0,1,1,0,0,0,0,1,1,0,0,1,1,1,1,1,1,0,0,1,0,1,1,0,1,0,0,0,1,0,0,0,0,0,0,1,1,1,0,1,1,1,1,1,0,0,0,0,0,0,1,1,1,0,1,1,1,1,1,0,1,0,1,0,0,0,0,0,0,1,1,0,0,0,0,0,0,0,1,1,1,1,1,1,1,1,1,1,1,1,1,0.541666667
,,,1,1,1,1,0,0,1,1,1,1,0,0,1,0,0,0,0,1,1,0,0,0,0,0,0,0,0,0,0,0,0,0,1,1,1,1,1,1,1,1,0,0,0,0,1,1,1,0,1,0,0,0,0,0,1,1,1,1,1,1,1,1,1,1,1,1,1,1,0,0,0,1,0,0,0,0,1,1,1,0,0,0,1,0,0,0,0,0,0,0,0,0,0,0,0,0,0.4375
,,,1,1,1,1,0,0,1,1,0,1,0,1,1,1,0,0,1,0,0,0,0,1,0,0,1,1,1,1,0,0,0,0,0,1,0,0,0,0,0,0,1,1,1,1,0,0,1,1,1,0,1,0,0,1,0,0,0,1,1,1,0,0,1,1,1,1,1,1,1,1,1,1,1,1,1,0,1,1,1,1,1,1,1,1,1,1,1,1,1,1,1,1,1,1,1,1,0.645833333
,,,1,1,1,1,0,0,1,1,0,1,0,0,1,1,0,0,0,1,1,0,1,0,1,0,0,1,1,1,0,0,0,0,0,0,0,0,1,1,1,0,0,0,0,0,1,0,0,1,1,1,1,1,0,0,0,0,0,0,1,0,1,0,0,0,0,0,1,1,0,1,1,1,0,1,1,1,1,1,1,1,1,1,1,1,0,1,1,0,0,0,1,1,1,1,1,1,0.53125
,,,1,1,1,1,0,0,1,1,1,1,0,0,1,0,0,0,0,1,0,0,0,0,0,0,1,1,1,0,0,0,0,0,0,0,0,0,0,1,0,0,0,0,1,0,1,1,1,1,1,1,1,1,0,0,1,1,1,0,0,1,1,0,0,0,1,1,1,1,1,0,1,0,0,0,0,0,1,1,0,0,1,1,1,1,0,0,1,0,0,0,0,0,0,0,0,0,0.427083333
,,,0,0,1,1,0,0,1,1,0,1,0,0,0,0,1,0,0,0,1,0,1,1,0,0,1,1,1,1,0,0,0,0,0,0,0,0,1,0,1,1,0,0,0,1,1,1,1,1,0,1,1,0,0,0,1,1,1,1,0,1,0,1,1,1,0,1,0,1,1,0,1,1,0,1,0,0,1,1,1,1,1,0,1,0,0,0,0,0,0,0,0,0,0,0,0,0,0.447916667
,,,1,1,1,1,1,0,1,0,0,1,0,0,1,1,0,0,1,1,1,0,1,1,0,0,1,1,1,1,1,0,0,0,0,1,0,0,0,0,0,0,1,1,1,1,1,1,1,0,1,1,1,1,1,1,1,1,1,1,1,0,0,0,0,0,0,0,0,0,1,1,1,1,1,1,1,1,1,1,1,1,0,0,0,0,0,0,1,0,1,0,1,1,1,1,1,1,0.604166667
,,,1,1,1,1,1,0,1,1,1,1,1,0,0,0,0,0,0,0,0,0,1,1,0,0,0,0,1,1,0,0,0,0,1,1,1,1,1,0,1,1,1,0,1,1,1,0,0,1,1,1,0,1,0,0,1,0,1,1,1,1,1,1,0,1,0,0,0,0,0,0,1,1,0,0,0,0,1,0,1,0,1,1,1,1,1,0,0,1,1,0,0,0,0,0,0,0,0.5
,,,1,1,1,1,1,0,1,1,1,0,0,1,1,1,1,0,1,1,1,1,1,1,0,0,1,1,0,1,0,0,0,1,0,1,0,0,0,0,0,0,1,1,1,1,1,1,1,1,1,0,1,0,1,1,1,0,0,0,0,1,0,1,0,0,0,1,1,1,1,0,1,0,1,0,1,1,1,1,1,0,1,0,0,0,0,0,0,0,1,0,1,1,1,1,1,1,0.59375
,,,1,1,1,1,0,0,1,1,0,1,1,1,1,0,0,0,1,1,1,1,1,1,0,0,0,0,0,0,1,0,0,1,0,1,0,0,0,0,0,0,1,0,1,0,1,0,1,1,1,1,1,1,1,1,1,1,1,1,0,1,1,0,1,0,1,0,0,1,1,1,1,1,1,0,0,0,0,0,1,0,0,1,0,1,0,1,1,1,1,1,1,1,1,0,0,1,0.583333333
,,,1,1,1,1,1,1,1,1,1,0,0,1,1,0,0,0,1,1,1,1,1,1,0,0,0,0,0,1,1,0,1,1,0,1,0,0,0,0,0,0,0,1,0,1,0,1,0,1,1,1,1,1,1,1,1,1,1,1,1,1,0,1,1,1,1,1,1,1,1,0,1,1,1,1,1,1,0,0,0,0,1,1,1,1,1,1,1,1,1,1,1,1,1,1,1,1,0.708333333
,,,1,0,1,1,1,1,0,1,0,0,0,1,1,1,1,0,0,1,1,0,1,1,0,0,1,1,1,0,1,0,0,0,1,1,1,1,1,0,0,0,0,0,1,1,1,1,1,1,1,1,1,0,0,0,1,0,1,0,1,0,1,1,1,1,1,1,0,1,1,1,1,0,0,1,0,1,0,1,0,0,0,0,0,0,1,1,1,0,1,1,1,1,1,1,1,1,0.614583333
,,,1,1,1,0,1,0,1,0,0,0,1,0,1,1,0,0,0,1,1,0,1,0,0,0,0,1,1,1,0,0,0,1,0,0,0,0,0,1,0,0,1,1,0,1,1,1,1,1,1,1,1,0,1,1,1,1,1,0,0,0,0,0,1,1,1,1,1,0,1,0,0,0,1,0,1,1,1,1,1,0,0,1,1,0,0,1,1,0,0,0,1,1,1,1,1,1,0.552083333
,,,1,1,1,1,0,0,1,1,0,0,1,1,1,1,1,0,1,0,1,1,0,0,0,0,1,0,0,1,1,0,0,1,0,1,0,0,1,0,1,0,1,1,1,1,1,1,1,1,1,1,1,0,1,1,0,0,1,1,1,1,0,1,0,0,1,0,0,0,0,0,0,1,1,1,1,1,0,0,0,0,0,1,0,1,1,1,0,1,1,1,1,1,1,1,1,1,0.604166667
,,,0,0,1,1,0,0,1,1,1,1,0,0,0,0,0,0,0,1,0,0,0,1,1,0,0,1,1,0,0,0,0,0,1,1,1,1,0,1,0,1,1,0,0,1,1,1,1,1,1,0,1,1,0,0,1,1,1,1,1,1,1,0,0,0,1,1,1,0,1,1,1,1,0,0,0,0,1,1,1,0,1,1,1,1,0,0,0,1,1,0,0,0,0,0,0,0,0.510416667
,,,1,1,1,1,1,0,1,1,0,0,0,1,1,1,1,0,1,0,1,0,1,1,0,0,1,1,1,1,1,0,1,1,0,1,0,0,0,0,0,0,1,1,1,1,1,0,1,1,0,0,0,1,0,1,0,0,0,0,0,0,0,1,0,0,1,1,0,1,0,1,1,1,0,0,0,0,0,0,0,0,0,0,0,1,1,1,1,1,1,1,1,1,1,1,1,1,0.541666667
,,,0,0,1,1,0,0,1,1,0,1,1,0,0,0,1,1,1,1,0,0,0,0,1,0,0,0,1,1,1,0,1,0,0,0,0,0,0,0,0,1,0,0,0,0,0,0,0,1,1,0,0,0,0,0,1,0,0,1,0,0,1,0,1,0,0,0,0,0,1,1,1,1,0,0,1,0,0,0,0,0,0,0,0,1,0,0,0,0,0,0,0,0,0,0,0,0,0.291666667
,,,0,0,1,1,0,0,1,1,0,1,1,0,0,1,0,0,0,0,1,1,1,0,0,1,1,0,1,0,0,0,1,0,1,1,1,1,1,1,1,1,0,0,1,1,1,1,0,1,1,1,1,1,0,0,0,1,1,1,1,1,1,0,1,0,1,1,1,1,1,0,1,1,0,0,0,0,1,1,0,1,1,1,1,0,0,0,0,0,0,0,0,0,0,0,0,0,0.53125
,,,1,1,1,1,1,0,1,1,0,1,1,1,1,1,1,0,1,1,1,1,1,1,0,0,1,1,1,1,0,0,1,1,0,1,0,0,0,0,0,0,1,1,1,1,1,0,0,1,0,1,0,0,1,1,1,1,1,1,1,1,1,0,1,0,1,1,1,1,1,1,1,0,0,1,1,1,1,1,1,1,0,1,1,1,1,1,1,1,1,1,1,1,1,1,1,1,0.75
,,,1,1,1,0,1,0,1,0,1,0,0,0,1,1,0,0,0,1,0,0,0,0,1,0,1,0,0,0,0,0,0,0,0,1,0,1,1,0,0,0,1,1,1,1,1,1,1,1,1,0,0,1,1,0,1,1,1,1,1,1,1,1,1,1,1,1,1,1,1,1,1,1,0,0,1,0,1,0,0,0,0,0,0,1,1,1,1,1,1,1,1,1,1,1,1,1,0.604166667
,,,1,1,1,1,0,0,1,1,0,0,0,0,1,1,0,0,1,1,1,1,1,1,0,0,1,0,1,1,1,0,0,1,0,1,0,0,0,0,0,0,1,1,1,1,1,1,1,0,0,1,1,0,1,1,1,1,1,1,1,1,0,0,0,0,1,1,0,1,1,1,1,1,1,1,1,1,1,0,1,1,1,1,1,1,1,1,0,1,1,1,1,1,1,1,1,1,0.6875
,,,1,1,1,1,1,0,1,1,0,1,1,0,0,0,0,0,0,0,0,0,0,0,0,0,1,0,1,0,1,0,1,0,1,1,1,0,1,1,1,1,0,0,0,0,0,1,1,1,0,0,0,1,0,0,1,1,0,0,0,1,1,1,1,1,1,1,1,1,1,1,1,1,0,0,0,0,1,1,1,1,1,1,1,1,0,0,0,0,1,0,1,0,0,1,1,1,0.541666667
,,,1,0,1,1,0,0,1,1,1,1,0,1,1,0,0,0,0,1,1,1,1,1,0,0,0,0,0,1,0,0,0,1,0,0,0,0,0,0,0,0,0,0,0,1,1,0,0,0,0,1,1,1,1,0,0,0,0,1,1,1,1,0,1,1,1,0,1,1,1,0,1,1,0,1,1,0,1,1,0,0,1,1,1,1,0,0,0,0,0,0,0,0,0,0,0,0,0.4375
,,,1,1,1,1,1,1,1,1,1,0,0,1,1,0,0,0,1,0,1,1,1,1,0,0,1,1,1,0,0,0,0,0,0,0,0,0,0,0,0,0,0,1,1,0,1,1,1,1,1,1,1,0,1,1,1,1,1,1,1,1,1,0,1,1,1,1,1,1,1,1,1,1,1,1,1,1,1,1,1,1,1,1,1,1,1,1,1,1,1,1,1,1,1,1,1,1,0.739583333
,,,1,1,1,1,1,0,0,1,1,1,0,1,1,0,0,0,0,1,0,1,0,0,0,0,0,0,0,0,0,0,0,0,1,0,0,0,0,0,0,1,0,0,1,0,1,1,1,1,1,1,1,1,0,0,1,0,0,1,0,0,0,0,0,0,0,1,1,0,1,1,1,0,0,0,0,0,0,1,0,0,0,1,1,1,0,0,0,0,0,0,0,0,0,0,0,0,0.354166667
,,,1,1,1,1,1,0,1,1,1,1,0,0,0,1,0,0,1,1,1,1,1,1,0,0,1,0,1,0,0,0,0,0,0,0,0,0,1,0,0,0,0,0,0,1,1,1,1,1,1,1,1,1,0,0,0,0,0,0,0,0,0,0,0,0,0,0,0,0,0,0,0,0,0,1,1,0,1,0,0,1,1,1,1,1,1,1,1,1,1,0,1,0,0,0,0,1,0.447916667
,,,1,1,1,1,0,0,1,1,1,0,0,0,1,1,0,1,0,0,1,0,0,0,0,0,0,0,0,0,0,0,0,0,0,1,0,0,0,0,0,0,0,0,1,1,1,1,1,1,1,1,1,1,1,0,0,0,0,1,0,1,1,0,1,1,1,0,0,1,1,0,0,0,0,0,0,0,0,0,1,0,1,0,0,0,0,0,0,1,1,0,0,0,0,0,0,0,0.364583333
,,,1,1,1,1,0,0,1,1,1,0,1,1,0,0,0,0,0,1,0,1,1,1,1,0,0,1,1,1,0,0,0,0,1,1,1,1,1,1,1,1,0,0,1,1,1,1,1,1,1,1,0,1,1,0,0,0,0,0,0,0,0,0,1,0,0,1,1,1,1,1,1,1,0,0,0,0,1,1,1,1,1,1,1,1,0,0,0,0,0,0,0,0,0,0,0,0,0.53125
,,,1,0,1,1,1,1,1,1,0,0,0,0,1,0,1,0,1,1,1,1,1,1,1,1,1,1,1,1,1,1,1,0,1,1,1,1,0,1,1,1,0,1,0,1,1,1,1,1,0,0,0,0,0,0,0,0,0,0,0,1,1,1,0,1,0,0,1,0,0,0,0,1,0,1,0,1,1,0,1,1,1,1,1,1,1,1,1,1,1,0,1,0,0,0,0,0,0.604166667
,,,1,1,1,1,0,0,1,1,1,1,0,1,0,0,0,1,0,0,0,0,0,1,0,0,0,1,0,1,0,0,1,0,1,0,1,1,0,0,1,1,0,0,1,1,0,1,1,1,1,0,0,0,0,1,0,0,0,0,0,0,1,1,0,1,0,1,0,1,0,0,0,1,0,1,0,0,1,0,1,1,1,1,1,1,0,0,0,0,0,0,0,0,1,0,0,0,0.427083333
,,,1,1,1,0,1,0,1,0,0,1,0,0,1,1,0,0,1,1,1,1,1,1,0,0,0,0,0,0,0,0,0,1,0,1,0,0,0,0,0,0,1,1,1,1,1,1,1,1,1,1,1,1,1,1,1,1,1,1,1,1,1,1,1,1,1,0,1,1,1,0,1,1,0,1,0,1,0,1,0,0,1,0,1,1,1,1,1,1,1,1,1,1,1,1,1,1,0.666666667
,,,1,1,1,1,0,0,1,1,0,1,1,1,1,0,1,0,0,0,0,1,1,0,0,0,1,1,1,1,0,0,0,0,1,1,1,1,1,1,1,1,0,0,1,1,1,0,1,1,1,1,1,0,0,0,0,0,0,0,0,1,0,0,0,0,0,0,0,0,0,0,0,0,1,1,0,0,1,0,1,1,0,0,0,1,0,0,0,1,1,0,0,0,0,0,0,0,0.4375
,,,1,1,1,1,1,1,1,1,0,1,1,0,0,0,0,0,1,0,0,0,1,1,0,1,1,1,1,1,1,1,1,1,1,1,1,1,0,0,0,0,0,0,0,0,1,0,0,0,0,0,1,1,1,1,1,1,1,1,1,1,1,1,1,1,1,1,1,1,1,1,1,0,1,0,1,1,0,1,1,1,1,1,1,1,1,1,1,1,1,1,1,1,1,1,1,1,0.729166667
,,,1,1,1,0,1,0,1,0,0,0,1,0,1,0,0,0,1,1,1,0,1,1,0,0,1,1,1,1,0,0,0,0,0,0,0,0,0,0,1,0,0,0,0,0,0,0,0,0,0,0,0,0,1,1,1,1,1,0,0,1,1,0,0,0,1,0,1,0,0,0,1,0,0,1,1,1,1,1,1,1,1,1,1,1,0,1,1,0,0,0,1,1,1,1,1,1,0.479166667
,,,1,0,1,1,0,0,1,1,1,1,0,1,0,0,0,0,0,1,0,0,0,0,0,0,1,1,1,1,1,0,1,0,0,0,1,0,0,0,0,0,1,1,0,1,1,1,1,1,1,1,1,1,0,0,1,1,1,1,1,1,1,1,1,1,1,1,1,1,1,1,1,1,0,1,0,0,1,0,1,1,1,1,1,1,0,0,0,0,0,0,0,0,0,0,0,0,0.552083333
,,,1,0,1,1,0,0,1,1,0,0,1,0,0,0,0,0,0,0,0,0,1,1,0,0,1,1,1,1,0,0,0,0,1,1,1,1,1,0,1,1,1,0,1,1,1,0,1,1,1,0,1,1,0,0,1,0,1,1,1,1,1,1,0,1,1,1,1,1,1,1,1,1,0,0,0,0,0,1,0,1,1,1,1,1,0,0,0,0,0,0,0,0,0,0,0,0,0.520833333
,,,1,1,1,1,0,0,1,1,0,1,0,1,1,1,0,0,1,1,1,1,1,1,0,0,1,1,1,1,0,0,0,0,0,0,0,0,1,1,0,0,0,0,0,0,0,0,0,0,0,0,1,0,1,1,1,1,1,1,1,1,1,1,1,1,0,1,0,0,1,1,1,0,0,1,0,1,1,1,1,0,0,0,0,0,0,0,1,0,0,0,1,1,1,1,1,1,0.53125
,,,0,0,1,1,0,0,1,1,1,1,0,0,0,0,0,0,0,1,0,1,1,0,1,0,1,1,1,0,0,0,0,0,1,1,1,0,1,1,1,1,0,0,1,1,1,1,1,0,1,1,1,1,0,0,1,1,1,1,1,1,1,1,1,0,1,1,1,1,1,1,1,1,0,0,0,0,1,1,1,1,1,1,1,1,0,0,1,0,0,0,0,0,0,0,0,0,0.572916667
,,,1,1,1,1,1,1,1,1,0,1,1,0,1,1,0,1,1,1,1,1,0,1,0,1,1,1,1,1,0,0,0,0,0,0,0,0,0,0,0,0,1,0,1,1,0,0,0,1,1,0,0,0,0,0,0,1,0,0,0,0,0,1,1,1,1,0,1,1,1,1,1,1,0,1,1,1,0,1,1,1,1,1,1,1,1,1,1,1,1,0,1,0,0,0,0,0,0.572916667
,,,1,1,1,1,0,0,1,1,0,1,0,0,1,1,0,0,1,1,1,0,1,1,0,0,1,1,1,0,1,0,0,0,0,0,0,0,0,0,0,0,1,1,1,1,1,1,1,0,0,0,1,0,1,1,1,0,1,1,1,1,1,1,1,1,0,0,0,1,1,0,1,1,1,0,1,1,1,0,0,0,1,1,0,0,0,1,1,1,1,1,1,1,1,1,1,1,0.604166667
,,,0,0,1,1,0,0,1,1,1,1,0,0,0,0,0,0,0,1,0,0,0,0,0,1,0,0,0,0,0,0,0,0,1,1,1,0,0,1,0,1,0,0,1,1,1,1,1,0,1,1,1,1,0,0,0,0,0,0,1,0,1,1,1,1,1,0,1,1,1,1,1,1,0,0,0,0,1,0,1,1,1,1,1,1,0,0,1,0,0,0,0,0,0,0,0,0,0.4375
,,,1,1,1,1,1,1,1,1,0,1,1,0,0,1,0,0,0,1,0,0,0,0,0,0,1,1,1,0,1,1,1,1,1,0,0,0,0,0,0,1,1,1,0,1,1,1,1,0,0,0,0,1,1,1,1,1,1,1,1,1,0,0,0,0,1,0,0,0,0,1,0,1,1,0,0,0,1,1,1,1,1,1,1,1,1,1,1,1,1,1,1,1,1,1,1,1,0.625
,,,1,0,1,1,0,0,1,1,1,1,0,1,0,0,0,1,0,1,0,0,0,0,0,0,0,0,0,0,0,0,1,0,1,0,1,0,0,0,0,1,0,0,1,0,1,0,1,1,1,1,1,0,0,0,0,1,0,1,0,0,1,1,0,0,0,0,1,0,0,1,0,0,0,1,0,0,1,1,1,1,0,0,1,0,0,0,0,0,0,0,0,0,0,0,0,0,0.34375
,,,1,1,1,0,1,0,1,0,0,1,0,1,1,1,1,0,0,1,0,0,0,0,1,0,0,0,0,1,1,0,0,0,0,0,0,0,0,0,0,0,1,0,0,0,1,1,1,1,0,1,1,0,1,0,0,0,0,0,0,1,1,0,0,0,0,0,1,1,1,0,0,0,1,1,1,1,1,0,1,1,1,1,1,1,1,1,1,1,1,1,1,1,0,0,0,1,0.489583333
,,,1,0,1,1,0,0,1,1,1,1,0,1,1,1,1,0,0,1,0,1,1,1,0,0,1,0,0,0,1,0,0,0,0,1,1,1,1,0,1,1,1,0,1,1,0,1,1,0,1,1,1,1,0,0,0,0,1,1,1,1,1,1,1,1,1,0,0,0,0,0,0,0,0,0,0,0,1,1,1,0,1,1,1,1,0,0,0,0,0,0,0,0,0,0,0,0,0.5
,,,1,1,1,1,1,0,1,1,1,1,1,1,0,0,0,1,0,1,0,1,1,1,1,0,1,1,1,0,1,0,0,1,0,0,0,0,0,0,0,0,1,1,1,1,1,1,1,1,1,0,0,0,1,1,1,1,1,1,1,1,1,1,1,1,1,1,1,1,1,1,1,1,1,1,1,1,0,0,0,0,0,0,1,0,0,1,1,0,1,0,1,1,1,1,1,1,0.677083333
,,,1,1,1,1,1,0,1,1,1,0,0,1,0,1,0,1,0,0,0,0,1,1,0,0,1,0,0,0,0,0,0,0,1,0,0,0,1,0,1,0,0,0,0,0,1,1,1,1,0,1,1,0,0,0,0,0,1,0,1,0,1,0,0,1,0,0,0,1,0,1,1,1,0,0,0,0,1,0,0,0,1,0,1,1,0,0,0,0,0,0,0,0,0,0,0,0,0.364583333
,,,1,0,1,1,0,0,1,1,0,1,0,1,1,0,0,0,0,0,0,0,0,0,1,0,0,0,0,0,1,0,0,0,1,0,0,1,0,1,1,1,1,0,1,1,0,1,1,1,0,0,0,1,0,0,1,1,1,1,1,1,1,1,1,1,1,1,1,1,1,0,1,1,0,0,0,0,1,1,1,1,1,1,1,1,0,0,0,0,0,0,0,0,0,0,1,0,0.5
,,,1,1,1,1,1,0,1,1,0,1,1,1,0,0,0,1,0,0,0,1,1,1,0,0,1,1,0,1,1,0,0,0,1,0,0,0,1,1,1,0,1,0,0,0,1,0,1,1,0,1,0,1,0,0,1,0,0,0,0,0,1,1,1,1,1,1,1,1,0,1,1,0,0,1,0,0,1,1,1,0,1,1,1,1,0,0,0,0,0,0,0,0,0,0,0,0,0.489583333
,,,1,1,1,1,1,0,1,1,0,1,1,0,0,0,0,0,0,0,0,1,1,0,1,0,1,1,0,0,1,0,0,0,1,0,1,0,1,1,1,1,1,0,0,1,0,1,1,0,1,1,0,0,1,0,0,0,0,1,0,0,0,0,0,0,1,1,0,1,0,0,0,0,1,1,0,0,1,0,0,0,0,0,0,0,1,1,1,1,1,0,0,0,0,0,0,0,0.416666667
,,,1,1,1,1,0,0,1,1,0,0,1,0,1,1,0,0,1,1,1,1,1,1,0,0,1,1,1,1,0,0,0,0,0,0,0,0,0,0,0,0,1,1,1,0,0,0,0,0,1,1,1,1,0,1,1,0,1,1,1,1,1,1,1,1,1,1,1,1,1,1,1,1,1,1,1,1,1,1,0,0,1,1,1,1,0,1,1,0,1,0,1,1,1,1,1,1,0.65625
,,,1,1,1,1,1,1,0,1,0,1,1,1,1,1,1,1,1,1,0,0,0,0,0,0,1,1,1,1,1,1,1,1,0,0,0,0,1,0,0,0,0,0,0,1,0,0,0,0,1,1,0,0,1,1,0,1,0,1,0,0,1,1,1,1,1,0,1,1,0,1,1,1,1,0,0,0,1,0,0,0,0,0,1,1,1,1,1,1,1,1,1,1,1,1,1,1,0.604166667
,,,1,1,1,1,0,0,1,1,0,0,0,0,1,1,1,0,1,1,1,1,0,1,0,0,1,1,1,0,0,0,0,0,0,0,0,0,0,1,1,0,0,1,0,0,0,0,1,1,0,0,0,0,0,0,0,1,0,1,0,1,1,1,1,1,0,0,0,1,0,1,1,0,0,0,0,0,0,0,0,1,1,1,1,1,1,1,1,1,1,1,1,1,1,1,1,1,0.510416667
,,,1,0,1,1,1,1,1,1,0,0,0,0,0,1,1,0,1,0,1,1,1,1,0,0,1,0,1,1,0,0,0,0,1,0,0,0,1,1,1,0,0,0,1,1,1,0,0,0,0,0,0,0,1,0,1,1,1,0,1,1,1,1,1,1,1,1,1,1,1,1,1,1,1,1,0,1,0,1,0,0,0,0,0,0,1,1,1,1,1,1,1,1,1,1,1,1,0.604166667
,,,1,1,1,1,1,0,1,1,1,1,0,0,1,1,0,0,1,1,0,1,0,0,1,0,1,0,0,0,0,0,0,0,1,1,0,1,0,0,0,0,0,0,0,1,1,1,0,1,1,1,0,1,0,1,1,1,1,1,1,1,1,1,1,1,0,0,0,0,0,0,1,1,0,0,0,0,0,0,1,1,1,1,1,1,1,1,1,1,1,1,1,1,1,1,1,1,0.59375
,,,0,0,1,1,0,0,1,1,1,1,1,0,1,0,0,0,0,1,0,0,1,1,0,0,1,1,1,1,0,0,0,0,1,0,1,1,1,1,1,1,0,0,0,1,0,0,0,0,1,1,1,0,0,0,1,1,1,0,1,1,0,0,1,1,1,0,1,1,0,1,0,1,1,0,0,0,1,0,0,0,0,0,0,0,1,1,0,1,1,0,0,0,0,0,0,0,0.458333333
,,,1,1,1,1,0,0,1,1,0,1,1,0,1,1,1,0,1,1,0,0,1,1,0,0,1,1,0,1,0,0,0,0,0,0,0,0,1,0,1,0,1,1,1,1,1,1,1,1,1,1,0,0,1,1,1,1,0,0,0,0,0,0,0,0,0,1,0,1,0,0,0,0,1,0,1,1,1,1,1,1,1,1,1,1,1,1,1,1,1,0,1,0,0,0,0,0,0.552083333
,,,1,1,1,1,0,0,1,1,0,0,0,1,1,1,0,0,1,1,1,0,0,1,0,0,0,0,0,0,0,0,0,0,0,1,0,0,0,0,0,0,1,1,1,1,1,1,1,0,1,1,1,1,1,0,1,1,1,1,1,1,1,1,1,1,1,1,1,1,1,0,0,1,0,1,1,0,1,1,1,1,1,1,1,1,1,1,1,1,1,1,1,1,1,1,1,1,0.666666667
,,,1,1,1,1,1,0,1,1,1,1,1,0,0,0,0,0,0,0,0,0,1,0,0,0,1,0,0,0,0,0,0,1,0,1,0,0,0,1,1,0,1,1,0,0,1,1,1,1,0,0,0,1,1,1,0,0,0,1,1,1,1,1,1,1,0,1,1,0,0,0,0,0,1,1,0,1,1,1,0,0,0,0,1,0,1,1,0,1,1,1,1,1,1,1,1,1,0.53125
,,,1,1,1,1,0,0,1,1,1,1,0,1,1,1,1,0,1,1,1,0,0,0,0,0,1,0,1,0,0,0,0,0,0,0,0,0,0,0,0,0,0,1,0,0,1,1,1,1,1,1,1,1,1,1,1,1,1,1,1,1,1,1,1,1,1,1,1,1,0,0,0,0,0,1,1,0,1,1,1,1,1,1,1,1,0,0,1,0,0,0,1,1,1,1,1,1,0.614583333
,,,0,0,0,1,0,0,1,1,0,0,1,0,0,0,0,0,0,0,0,0,1,1,0,0,1,1,1,0,0,0,1,0,1,1,1,1,0,0,1,0,0,0,1,1,1,1,1,1,0,1,0,1,0,0,1,1,0,1,0,1,1,1,1,1,1,0,1,1,1,1,1,1,0,1,0,0,0,1,1,1,1,1,0,1,0,0,0,0,0,0,0,0,0,0,0,0,0.46875
,,,1,1,1,1,0,0,1,1,0,1,0,1,1,1,0,0,0,0,0,0,0,0,1,0,1,1,0,1,0,0,0,0,0,0,0,0,0,0,0,0,1,0,0,1,1,0,0,0,1,1,1,1,1,0,0,0,0,1,1,1,0,0,0,0,0,0,0,0,0,0,0,1,0,0,0,0,0,0,0,1,1,1,1,1,1,1,1,1,1,1,1,1,1,1,1,1,0.447916667
,,,1,1,1,1,0,0,1,1,0,1,1,0,0,0,0,0,0,1,0,1,1,0,0,0,1,1,1,0,0,0,0,0,0,0,0,0,0,0,1,0,0,0,1,1,1,1,1,1,1,1,1,1,0,0,1,1,0,0,1,1,1,1,1,1,0,0,0,1,0,1,0,1,0,0,0,0,0,0,0,1,1,1,1,1,0,0,0,0,0,0,0,0,0,0,0,0,0.427083333
,,,1,0,1,1,0,0,1,1,1,1,0,0,0,0,0,0,0,0,0,1,0,1,0,0,0,0,0,1,0,0,0,0,0,0,0,1,0,0,0,0,1,0,0,1,1,0,0,0,0,1,1,0,0,0,1,1,1,1,1,1,1,1,0,1,0,1,0,1,1,1,0,0,0,0,0,0,1,1,1,1,1,1,1,1,0,0,1,0,0,0,0,0,0,0,0,0,0.395833333
,,,1,0,1,1,0,0,1,1,1,1,1,0,0,0,0,0,0,1,0,0,1,0,0,0,1,1,1,1,0,0,0,0,1,0,1,1,0,1,1,1,0,0,1,1,1,1,1,1,1,1,0,1,0,0,1,1,0,0,0,0,0,1,0,1,0,1,1,1,0,1,1,1,0,0,0,0,0,0,0,0,1,1,1,0,0,0,0,0,0,0,0,0,0,0,0,0,0.4375
,,,1,0,1,1,1,1,1,1,0,0,0,0,0,1,0,1,1,1,1,1,1,0,1,1,0,0,1,1,1,1,0,1,0,0,1,0,0,1,1,1,1,0,0,0,0,1,1,1,1,1,0,1,1,0,0,0,1,0,1,1,1,1,1,1,1,1,1,1,1,1,0,0,1,1,1,1,0,0,0,0,0,0,0,1,0,1,1,0,0,0,1,1,1,1,1,1,0.614583333
,,,1,1,1,1,0,0,1,1,0,1,0,0,1,1,0,0,1,1,1,1,1,1,1,0,1,1,0,1,1,0,0,0,0,0,0,0,0,0,1,0,0,0,0,1,1,0,0,0,1,1,1,1,0,1,0,0,0,0,0,1,0,0,0,0,0,1,1,1,0,0,0,0,0,0,0,1,1,1,1,1,1,1,1,1,1,1,1,1,1,1,1,1,1,1,1,1,0.552083333
,,,1,0,1,1,0,0,1,1,1,1,0,0,0,0,0,0,0,0,0,0,0,1,0,0,1,0,1,0,0,0,0,0,1,1,1,1,1,0,1,0,1,1,0,0,1,0,0,0,0,0,0,0,0,0,0,1,1,0,0,0,0,1,0,1,0,1,1,0,1,1,1,0,0,0,1,1,0,1,1,1,1,1,1,1,0,0,0,0,0,0,0,0,0,0,0,0,0.385416667
,,,1,0,1,1,1,1,0,1,0,1,1,1,1,1,0,0,1,1,1,1,1,0,1,0,1,0,1,1,1,1,1,1,1,1,1,1,1,1,1,1,1,1,1,1,1,1,1,0,0,0,0,0,0,0,0,0,0,0,0,0,1,0,1,1,1,1,1,1,1,1,1,1,1,1,1,1,1,0,0,0,0,0,1,1,0,1,0,1,1,1,1,1,1,1,1,1,0.697916667
,,,0,0,0,1,0,0,1,1,1,1,0,1,1,0,1,0,0,0,0,0,0,1,0,0,1,1,1,1,1,0,1,0,0,0,0,1,0,0,0,0,1,1,0,0,0,1,0,1,0,0,0,0,0,0,0,1,1,1,1,0,1,1,1,1,1,0,1,1,1,1,1,1,0,0,0,0,0,0,0,0,0,1,1,1,0,0,0,0,0,0,0,0,0,0,0,0,0.395833333
,,,1,1,1,1,1,1,1,1,1,1,1,1,1,0,1,0,1,0,1,0,0,1,1,0,1,1,1,1,0,0,0,0,1,1,0,0,0,1,0,0,0,0,0,0,1,0,0,0,1,1,1,1,0,1,0,1,1,0,1,1,0,0,1,1,1,1,1,1,1,1,0,1,1,1,1,1,0,1,1,1,1,0,1,1,1,1,1,1,1,1,1,1,1,1,1,1,0.6875
,,,1,0,1,1,1,1,1,1,0,0,1,0,0,1,0,0,1,1,1,0,1,1,0,0,0,0,0,1,0,0,0,0,1,0,0,1,1,1,1,1,0,0,1,1,1,1,1,1,1,1,1,0,0,0,1,1,0,0,1,0,0,0,0,0,0,0,1,1,1,1,1,1,0,0,0,0,0,0,0,0,0,0,0,0,0,0,1,0,0,0,1,1,1,1,1,1,0.479166667
,,,1,1,1,1,0,0,1,1,0,0,0,1,1,1,1,0,0,0,0,1,1,1,0,0,0,1,0,0,1,0,0,1,1,0,0,0,0,0,0,0,1,1,1,1,1,1,1,0,0,1,0,1,1,1,1,1,1,1,1,1,0,1,1,1,1,1,0,1,1,1,1,1,1,0,0,1,1,1,1,1,1,1,1,1,1,1,1,1,1,1,1,1,1,1,1,1,0.6875
,,,1,1,1,1,0,0,1,1,1,1,0,0,1,0,1,0,1,1,1,0,1,0,0,0,1,1,0,0,0,0,0,1,0,0,0,0,0,0,0,0,0,1,0,1,1,1,1,1,0,0,1,1,1,1,1,1,1,1,1,0,0,0,1,0,1,1,1,1,1,1,1,1,1,0,1,1,1,1,1,1,1,1,1,1,1,1,1,1,1,1,1,1,1,1,1,1,0.666666667
,,,1,1,1,1,1,0,1,1,1,1,0,1,0,0,0,0,0,1,1,1,0,0,1,0,1,1,1,1,0,0,0,0,1,1,1,0,0,1,0,1,0,0,1,1,1,1,1,1,0,0,1,0,0,1,0,1,1,1,1,1,1,1,1,1,1,1,1,1,1,1,0,1,0,0,1,0,1,1,1,0,1,1,1,1,0,0,0,0,0,0,0,0,0,0,0,0,0.572916667
,,,1,0,1,1,1,1,1,1,0,0,0,0,1,0,1,1,1,1,1,1,1,1,1,1,0,1,0,0,0,1,0,0,0,0,0,0,0,0,0,0,0,0,1,1,0,0,0,0,0,0,1,0,0,1,0,0,0,0,0,1,0,0,0,1,1,1,0,1,1,1,1,0,1,0,0,0,0,1,1,0,1,0,1,1,0,1,1,0,1,0,1,1,1,1,1,1,0.489583333
,,,1,0,1,1,1,1,1,1,0,1,0,0,1,1,0,0,1,0,1,0,1,1,0,0,1,1,1,1,1,0,0,0,1,0,0,1,1,1,0,1,1,0,1,1,0,0,0,0,1,1,1,1,0,0,0,0,0,0,0,0,1,0,1,0,1,0,0,0,0,0,1,1,1,1,1,1,1,1,1,1,0,1,1,1,1,1,1,1,1,1,1,1,1,1,1,1,0.614583333
,,,1,1,1,1,1,0,1,1,1,1,0,1,1,0,1,1,0,0,1,0,0,0,1,0,1,0,1,0,0,0,0,0,0,0,0,0,0,0,0,0,1,0,0,0,0,1,0,1,0,1,0,1,1,0,1,0,1,1,1,1,1,1,0,0,0,1,1,0,1,1,1,1,1,1,1,1,0,1,0,1,1,1,1,1,1,1,1,1,1,1,1,1,1,1,1,1,0.604166667
,,,1,1,1,1,1,0,1,1,0,1,1,1,1,0,0,0,0,0,0,0,0,0,1,0,1,0,1,1,0,0,0,0,1,0,0,1,1,1,1,1,0,0,1,0,1,1,1,1,1,1,1,1,0,0,0,1,1,1,1,1,1,1,1,1,1,0,0,1,0,0,0,1,0,0,1,0,0,1,1,1,1,1,1,1,0,0,0,0,0,0,0,0,0,0,0,0,0.520833333
,,,1,1,1,1,1,1,1,1,0,1,0,1,0,0,0,0,1,1,0,0,1,1,1,1,1,0,1,0,1,0,1,1,1,1,1,0,1,1,1,1,1,1,1,1,1,0,0,1,1,0,0,0,1,1,1,1,1,1,1,0,1,1,1,1,0,0,0,1,0,0,0,0,0,1,0,0,1,1,1,0,1,1,1,1,1,1,1,1,1,1,1,0,1,0,1,1,0.677083333
,,,1,1,1,1,1,0,0,1,0,1,1,0,1,0,0,0,1,1,1,0,1,0,0,0,1,1,1,1,0,0,0,1,0,0,0,0,0,0,0,0,0,0,0,1,1,1,1,1,1,1,0,1,1,1,1,1,1,0,0,0,0,1,1,0,0,0,0,1,0,0,0,0,0,0,0,0,1,1,0,0,1,1,1,0,0,0,0,0,0,0,1,1,1,1,1,1,0.46875
,,,1,1,1,1,1,1,1,1,1,0,0,1,0,0,0,0,0,0,0,0,0,0,1,0,1,0,0,0,0,0,0,0,1,1,1,0,1,1,1,1,1,0,1,1,1,0,1,0,1,1,1,1,0,0,1,1,0,0,0,1,1,1,0,0,1,0,1,1,1,1,1,1,0,1,0,0,0,0,0,0,0,0,0,0,1,1,0,1,1,1,1,1,1,1,1,1,0.541666667
,,,0,0,0,1,0,0,1,1,1,1,0,1,1,0,1,0,0,0,0,1,0,0,1,0,0,0,0,0,0,0,0,0,1,1,1,1,1,1,1,1,0,0,1,1,1,0,1,1,1,1,1,1,0,0,1,1,1,1,1,1,0,1,0,1,0,0,0,0,0,1,1,1,0,0,0,0,1,1,0,0,1,1,1,1,0,0,0,0,0,0,0,0,0,0,0,0,0.458333333