a,b,x2,b295,b296,b297,b298,b299,b300,b301,b302,b303,b304,b305,b306,b307,b308,b309,b310,b311,b312,b313,b314,b315,b316,b317,b318,b319,b320,b321,b322,b323,b324,b325,b326,b327,b328,b329,b330,b331,b332,b333,b334,b335,b336,b337,b338,b339,b340,b341,b342,b343,b344,b345,b346,b347,b348,b349,b350,b351,b352,b353,b354,b355,b356,b357,b358,b359,b360,b361,b362,b363,b364,b365,b366,b367,b368,b369,b370,b371,b372,b373,b374,b375,b376,b377,b378,b379,b380,b381,b382,b383,b384,b385,b386,b387,b388,b389,b390
-9.291086344,-66.3062233,159.9166328,0.5,1.5,2.5,2.5,0.5,1.5,2.5,2.5,1.5,0.5,1.5,0.5,2.5,2.5,0.5,1.5,2.5,2.5,2.5,2.5,0.5,1.5,1.5,0.5,1.5,0.5,1.5,0.5,0.5,1.5,1.5,0.5,0.5,1.5,2.5,2.5,2.5,2.5,2.5,2.5,1.5,0.5,1.5,0.5,0.5,1.5,2.5,2.5,2.5,2.5,2.5,2.5,1.5,0.5,0.5,1.5,2.5,2.5,2.5,2.5,2.5,2.5,2.5,2.5,1.5,1.5,1.5,1.5,0.5,1.5,0.5,1.5,2.5,2.5,2.5,2.5,2.5,2.5,2.5,2.5,2.5,2.5,2.5,2.5,2.5,2.5,2.5,2.5,2.5,2.5,2.5,2.5,2.5,2.5,2.5,2.5
-74.0836823,-41.79642882,162.7268353,0.5,1.5,2.5,2.5,2.5,2.5,2.5,2.5,1.5,0.5,0.5,1.5,0.5,1.5,1.5,0.5,1.5,0.5,1.5,0.5,2.5,2.5,0.5,1.5,2.5,2.5,2.5,2.5,0.5,1.5,0.5,1.5,2.5,2.5,2.5,2.5,2.5,2.5,2.5,2.5,0.5,1.5,2.5,2.5,2.5,2.5,2.5,2.5,2.5,2.5,2.5,2.5,0.5,1.5,2.5,2.5,2.5,2.5,2.5,2.5,2.5,2.5,2.5,2.5,2.5,2.5,2.5,2.5,2.5,2.5,2.5,2.5,0.5,1.5,2.5,2.5,1.5,1.5,1.5,1.5,0.5,1.5,0.5,1.5,2.5,2.5,2.5,2.5,2.5,2.5,2.5,2.5,2.5,2.5,2.5,2.5
45.35116434,51.13247773,197.7232578,0.5,1.5,2.5,2.5,0.5,1.5,2.5,2.5,1.5,0.5,1.5,0.5,2.5,2.5,0.5,1.5,2.5,2.5,2.5,2.5,0.5,1.5,1.5,0.5,1.5,0.5,1.5,0.5,0.5,1.5,1.5,0.5,0.5,1.5,2.5,2.5,2.5,2.5,2.5,2.5,1.5,0.5,1.5,0.5,0.5,1.5,2.5,2.5,2.5,2.5,2.5,2.5,1.5,0.5,0.5,1.5,2.5,2.5,2.5,2.5,2.5,2.5,2.5,2.5,1.5,1.5,1.5,1.5,0.5,1.5,0.5,1.5,2.5,2.5,2.5,2.5,2.5,2.5,2.5,2.5,2.5,2.5,2.5,2.5,2.5,2.5,2.5,2.5,2.5,2.5,2.5,2.5,2.5,2.5,2.5,2.5
42.31629845,65.5093348,171.7661828,0.5,1.5,2.5,2.5,0.5,1.5,2.5,2.5,1.5,0.5,1.5,0.5,2.5,2.5,0.5,1.5,2.5,2.5,2.5,2.5,0.5,1.5,1.5,0.5,1.5,0.5,1.5,0.5,0.5,1.5,1.5,0.5,0.5,1.5,2.5,2.5,2.5,2.5,2.5,2.5,1.5,0.5,1.5,0.5,0.5,1.5,2.5,2.5,2.5,2.5,2.5,2.5,1.5,0.5,0.5,1.5,2.5,2.5,2.5,2.5,2.5,2.5,2.5,2.5,1.5,1.5,1.5,1.5,0.5,1.5,0.5,1.5,2.5,2.5,2.5,2.5,2.5,2.5,2.5,2.5,2.5,2.5,2.5,2.5,2.5,2.5,2.5,2.5,2.5,2.5,2.5,2.5,2.5,2.5,2.5,2.5
-35.89146771,56.53328296,-57.85629346,0.5,1.5,2.5,2.5,2.5,2.5,2.5,2.5,1.5,0.5,0.5,1.5,2.5,2.5,0.5,1.5,2.5,2.5,2.5,2.5,2.5,2.5,0.5,1.5,2.5,2.5,2.5,2.5,0.5,1.5,0.5,1.5,2.5,2.5,2.5,2.5,2.5,2.5,2.5,2.5,0.5,1.5,2.5,2.5,2.5,2.5,2.5,2.5,2.5,2.5,2.5,2.5,1.5,0.5,1.5,0.5,1.5,1.5,1.5,1.5,0.5,1.5,0.5,1.5,2.5,2.5,2.5,2.5,2.5,2.5,2.5,2.5,2.5,2.5,2.5,2.5,2.5,2.5,2.5,2.5,2.5,2.5,2.5,2.5,2.5,2.5,2.5,2.5,2.5,2.5,2.5,2.5,2.5,2.5,2.5,2.5
88.56525191,51.22721019,88.66754764,0.5,1.5,2.5,2.5,2.5,2.5,2.5,2.5,1.5,0.5,0.5,1.5,2.5,2.5,0.5,1.5,2.5,2.5,2.5,2.5,2.5,2.5,0.5,1.5,2.5,2.5,2.5,2.5,0.5,1.5,0.5,1.5,2.5,2.5,2.5,2.5,2.5,2.5,2.5,2.5,0.5,1.5,2.5,2.5,2.5,2.5,2.5,2.5,2.5,2.5,2.5,2.5,1.5,0.5,1.5,0.5,1.5,1.5,1.5,1.5,0.5,1.5,0.5,1.5,2.5,2.5,2.5,2.5,2.5,2.5,2.5,2.5,2.5,2.5,2.5,2.5,2.5,2.5,2.5,2.5,2.5,2.5,2.5,2.5,2.5,2.5,2.5,2.5,2.5,2.5,2.5,2.5,2.5,2.5,2.5,2.5
80.85009109,41.52848119,-75.12472705,0.5,1.5,2.5,2.5,2.5,2.5,2.5,2.5,1.5,0.5,0.5,1.5,2.5,2.5,0.5,1.5,2.5,2.5,2.5,2.5,2.5,2.5,0.5,1.5,2.5,2.5,2.5,2.5,0.5,1.5,0.5,1.5,2.5,2.5,2.5,2.5,2.5,2.5,2.5,2.5,0.5,1.5,2.5,2.5,2.5,2.5,2.5,2.5,2.5,2.5,2.5,2.5,0.5,1.5,2.5,2.5,2.5,2.5,2.5,2.5,2.5,2.5,2.5,2.5,2.5,2.5,2.5,2.5,2.5,2.5,2.5,2.5,1.5,0.5,1.5,0.5,1.5,1.5,1.5,1.5,0.5,1.5,0.5,1.5,2.5,2.5,2.5,2.5,2.5,2.5,2.5,2.5,2.5,2.5,2.5,2.5
65.78046474,49.22321234,172.1518224,0.5,1.5,2.5,2.5,2.5,2.5,2.5,2.5,1.5,0.5,0.5,1.5,2.5,2.5,0.5,1.5,2.5,2.5,2.5,2.5,0.5,1.5,1.5,0.5,1.5,0.5,1.5,0.5,0.5,1.5,0.5,1.5,2.5,2.5,2.5,2.5,2.5,2.5,2.5,2.5,0.5,1.5,2.5,2.5,2.5,2.5,2.5,2.5,2.5,2.5,2.5,2.5,1.5,0.5,1.5,0.5,1.5,1.5,1.5,1.5,0.5,1.5,0.5,1.5,2.5,2.5,2.5,2.5,2.5,2.5,2.5,2.5,2.5,2.5,2.5,2.5,2.5,2.5,2.5,2.5,2.5,2.5,2.5,2.5,2.5,2.5,2.5,2.5,2.5,2.5,2.5,2.5,2.5,2.5,2.5,2.5
-49.12887194,19.91657615,-175.2339626,0.5,1.5,2.5,2.5,2.5,2.5,2.5,2.5,1.5,0.5,0.5,1.5,2.5,2.5,0.5,1.5,2.5,2.5,2.5,2.5,0.5,1.5,1.5,0.5,1.5,0.5,1.5,0.5,0.5,1.5,0.5,1.5,2.5,2.5,2.5,2.5,2.5,2.5,2.5,2.5,0.5,1.5,2.5,2.5,2.5,2.5,2.5,2.5,2.5,2.5,2.5,2.5,1.5,0.5,1.5,0.5,1.5,1.5,1.5,1.5,0.5,1.5,0.5,1.5,2.5,2.5,2.5,2.5,2.5,2.5,2.5,2.5,2.5,2.5,2.5,2.5,2.5,2.5,2.5,2.5,2.5,2.5,2.5,2.5,2.5,2.5,2.5,2.5,2.5,2.5,2.5,2.5,2.5,2.5,2.5,2.5
-26.92015051,52.1707705,85.74352869,0.5,1.5,2.5,2.5,2.5,2.5,2.5,2.5,1.5,0.5,0.5,1.5,2.5,2.5,0.5,1.5,2.5,2.5,2.5,2.5,2.5,2.5,0.5,1.5,2.5,2.5,2.5,2.5,0.5,1.5,0.5,1.5,2.5,2.5,2.5,2.5,2.5,2.5,2.5,2.5,0.5,1.5,2.5,2.5,2.5,2.5,2.5,2.5,2.5,2.5,2.5,2.5,0.5,1.5,2.5,2.5,2.5,2.5,2.5,2.5,2.5,2.5,2.5,2.5,2.5,2.5,2.5,2.5,2.5,2.5,2.5,2.5,1.5,0.5,0.5,1.5,2.5,2.5,2.5,2.5,2.5,2.5,2.5,2.5,1.5,1.5,0.5,1.5,0.5,1.5,0.5,1.5,0.5,1.5,1.5,1.5
33.01095967,-41.72699234,-113.1780717,0.5,1.5,2.5,2.5,2.5,2.5,2.5,2.5,1.5,0.5,0.5,1.5,0.5,1.5,1.5,0.5,1.5,0.5,1.5,0.5,2.5,2.5,0.5,1.5,2.5,2.5,2.5,2.5,0.5,1.5,0.5,1.5,2.5,2.5,2.5,2.5,2.5,2.5,2.5,2.5,0.5,1.5,2.5,2.5,2.5,2.5,2.5,2.5,2.5,2.5,2.5,2.5,0.5,1.5,2.5,2.5,2.5,2.5,2.5,2.5,2.5,2.5,2.5,2.5,2.5,2.5,2.5,2.5,2.5,2.5,2.5,2.5,0.5,1.5,2.5,2.5,1.5,1.5,1.5,1.5,0.5,1.5,0.5,1.5,2.5,2.5,2.5,2.5,2.5,2.5,2.5,2.5,2.5,2.5,2.5,2.5
10.20192004,33.79763432,75.03397046,0.5,1.5,2.5,2.5,0.5,1.5,2.5,2.5,1.5,0.5,1.5,0.5,2.5,2.5,0.5,1.5,2.5,2.5,2.5,2.5,2.5,2.5,0.5,1.5,2.5,2.5,2.5,2.5,0.5,1.5,1.5,0.5,0.5,1.5,2.5,2.5,2.5,2.5,2.5,2.5,1.5,0.5,1.5,0.5,0.5,1.5,2.5,2.5,2.5,2.5,2.5,2.5,1.5,0.5,0.5,1.5,2.5,2.5,2.5,2.5,2.5,2.5,2.5,2.5,1.5,1.5,1.5,1.5,0.5,1.5,0.5,1.5,2.5,2.5,2.5,2.5,2.5,2.5,2.5,2.5,2.5,2.5,2.5,2.5,2.5,2.5,2.5,2.5,2.5,2.5,2.5,2.5,2.5,2.5,2.5,2.5
1.074445854,99.39334026,121.5007862,0.5,1.5,2.5,2.5,0.5,1.5,2.5,2.5,1.5,0.5,1.5,0.5,2.5,2.5,0.5,1.5,2.5,2.5,2.5,2.5,0.5,1.5,1.5,0.5,1.5,0.5,0.5,1.5,0.5,1.5,1.5,0.5,0.5,1.5,2.5,2.5,2.5,2.5,2.5,2.5,1.5,0.5,1.5,0.5,0.5,1.5,2.5,2.5,2.5,2.5,2.5,2.5,1.5,0.5,0.5,1.5,2.5,2.5,2.5,2.5,2.5,2.5,2.5,2.5,0.5,1.5,2.5,2.5,0.5,1.5,0.5,1.5,2.5,2.5,2.5,2.5,2.5,2.5,2.5,2.5,2.5,2.5,2.5,2.5,2.5,2.5,2.5,2.5,2.5,2.5,2.5,2.5,2.5,2.5,2.5,2.5
12.50282921,60.57255375,182.8265972,0.5,1.5,2.5,2.5,0.5,1.5,2.5,2.5,1.5,0.5,1.5,0.5,2.5,2.5,0.5,1.5,2.5,2.5,2.5,2.5,0.5,1.5,1.5,0.5,1.5,0.5,1.5,0.5,0.5,1.5,1.5,0.5,0.5,1.5,2.5,2.5,2.5,2.5,2.5,2.5,1.5,0.5,1.5,0.5,0.5,1.5,2.5,2.5,2.5,2.5,2.5,2.5,1.5,0.5,0.5,1.5,2.5,2.5,2.5,2.5,2.5,2.5,2.5,2.5,1.5,1.5,1.5,1.5,0.5,1.5,0.5,1.5,2.5,2.5,2.5,2.5,2.5,2.5,2.5,2.5,2.5,2.5,2.5,2.5,2.5,2.5,2.5,2.5,2.5,2.5,2.5,2.5,2.5,2.5,2.5,2.5
-14.9111996,65.14433759,-134.0539321,0.5,1.5,2.5,2.5,2.5,2.5,2.5,2.5,1.5,0.5,0.5,1.5,2.5,2.5,0.5,1.5,2.5,2.5,2.5,2.5,0.5,1.5,1.5,0.5,1.5,0.5,1.5,0.5,0.5,1.5,0.5,1.5,2.5,2.5,2.5,2.5,2.5,2.5,2.5,2.5,0.5,1.5,2.5,2.5,2.5,2.5,2.5,2.5,2.5,2.5,2.5,2.5,1.5,0.5,1.5,0.5,1.5,1.5,1.5,1.5,0.5,1.5,0.5,1.5,2.5,2.5,2.5,2.5,2.5,2.5,2.5,2.5,2.5,2.5,2.5,2.5,2.5,2.5,2.5,2.5,2.5,2.5,2.5,2.5,2.5,2.5,2.5,2.5,2.5,2.5,2.5,2.5,2.5,2.5,2.5,2.5
-35.35688192,89.15528001,44.53143915,0.5,1.5,2.5,2.5,2.5,2.5,2.5,2.5,1.5,0.5,0.5,1.5,2.5,2.5,0.5,1.5,2.5,2.5,2.5,2.5,2.5,2.5,0.5,1.5,2.5,2.5,2.5,2.5,0.5,1.5,0.5,1.5,2.5,2.5,2.5,2.5,2.5,2.5,2.5,2.5,0.5,1.5,2.5,2.5,2.5,2.5,2.5,2.5,2.5,2.5,2.5,2.5,0.5,1.5,2.5,2.5,2.5,2.5,2.5,2.5,2.5,2.5,2.5,2.5,2.5,2.5,2.5,2.5,2.5,2.5,2.5,2.5,1.5,0.5,1.5,0.5,1.5,1.5,1.5,0.5,0.5,1.5,0.5,1.5,2.5,2.5,2.5,2.5,2.5,2.5,2.5,2.5,2.5,2.5,2.5,2.5
-47.43619674,86.27040748,152.5088535,0.5,1.5,2.5,2.5,2.5,2.5,2.5,2.5,1.5,0.5,0.5,1.5,0.5,1.5,1.5,0.5,1.5,0.5,1.5,0.5,2.5,2.5,0.5,1.5,2.5,2.5,2.5,2.5,0.5,1.5,0.5,1.5,2.5,2.5,2.5,2.5,2.5,2.5,2.5,2.5,0.5,1.5,2.5,2.5,2.5,2.5,2.5,2.5,2.5,2.5,2.5,2.5,0.5,1.5,2.5,2.5,2.5,2.5,2.5,2.5,2.5,2.5,2.5,2.5,2.5,2.5,2.5,2.5,2.5,2.5,2.5,2.5,1.5,0.5,0.5,1.5,2.5,2.5,2.5,2.5,2.5,2.5,2.5,2.5,1.5,1.5,0.5,1.5,0.5,1.5,0.5,1.5,0.5,1.5,1.5,1.5
-92.41094238,10.93229674,-139.6198321,0.5,1.5,2.5,2.5,2.5,2.5,2.5,2.5,1.5,0.5,0.5,1.5,2.5,2.5,0.5,1.5,2.5,2.5,2.5,2.5,0.5,1.5,1.5,0.5,1.5,0.5,1.5,0.5,0.5,1.5,0.5,1.5,2.5,2.5,2.5,2.5,2.5,2.5,2.5,2.5,0.5,1.5,2.5,2.5,2.5,2.5,2.5,2.5,2.5,2.5,2.5,2.5,1.5,0.5,1.5,0.5,1.5,1.5,1.5,1.5,0.5,1.5,0.5,1.5,2.5,2.5,2.5,2.5,2.5,2.5,2.5,2.5,2.5,2.5,2.5,2.5,2.5,2.5,2.5,2.5,2.5,2.5,2.5,2.5,2.5,2.5,2.5,2.5,2.5,2.5,2.5,2.5,2.5,2.5,2.5,2.5
-11.35736108,97.35629826,63.2738742,0.5,1.5,2.5,2.5,2.5,2.5,2.5,2.5,1.5,0.5,0.5,1.5,2.5,2.5,0.5,1.5,2.5,2.5,2.5,2.5,2.5,2.5,0.5,1.5,2.5,2.5,2.5,2.5,0.5,1.5,0.5,1.5,2.5,2.5,2.5,2.5,2.5,2.5,2.5,2.5,0.5,1.5,2.5,2.5,2.5,2.5,2.5,2.5,2.5,2.5,2.5,2.5,0.5,1.5,2.5,2.5,2.5,2.5,2.5,2.5,2.5,2.5,2.5,2.5,2.5,2.5,2.5,2.5,2.5,2.5,2.5,2.5,1.5,0.5,1.5,0.5,1.5,1.5,1.5,0.5,0.5,1.5,0.5,1.5,2.5,2.5,2.5,2.5,2.5,2.5,2.5,2.5,2.5,2.5,2.5,2.5
-85.91531185,13.74666694,141.2092167,0.5,1.5,2.5,2.5,2.5,2.5,2.5,2.5,1.5,0.5,0.5,1.5,0.5,1.5,1.5,0.5,1.5,0.5,1.5,0.5,2.5,2.5,0.5,1.5,2.5,2.5,2.5,2.5,0.5,1.5,0.5,1.5,2.5,2.5,2.5,2.5,2.5,2.5,2.5,2.5,0.5,1.5,2.5,2.5,2.5,2.5,2.5,2.5,2.5,2.5,2.5,2.5,0.5,1.5,2.5,2.5,2.5,2.5,2.5,2.5,2.5,2.5,2.5,2.5,2.5,2.5,2.5,2.5,2.5,2.5,2.5,2.5,1.5,0.5,0.5,1.5,2.5,2.5,2.5,2.5,2.5,2.5,2.5,2.5,1.5,1.5,0.5,1.5,0.5,1.5,0.5,1.5,0.5,1.5,1.5,1.5
26.92369542,62.54824777,-40.61728471,0.5,1.5,2.5,2.5,0.5,1.5,2.5,2.5,1.5,0.5,1.5,0.5,2.5,2.5,0.5,1.5,2.5,2.5,2.5,2.5,2.5,2.5,0.5,1.5,2.5,2.5,2.5,2.5,0.5,1.5,1.5,0.5,1.5,0.5,1.5,1.5,0.5,1.5,0.5,1.5,2.5,2.5,2.5,2.5,2.5,2.5,2.5,2.5,2.5,2.5,2.5,2.5,2.5,2.5,2.5,2.5,2.5,2.5,2.5,2.5,2.5,2.5,2.5,2.5,2.5,2.5,2.5,2.5,2.5,2.5,2.5,2.5,2.5,2.5,2.5,2.5,2.5,2.5,2.5,2.5,2.5,2.5,2.5,2.5,2.5,2.5,2.5,2.5,2.5,2.5,2.5,2.5,2.5,2.5,2.5,2.5
49.38367101,-59.67344101,-113.4682976,0.5,1.5,2.5,2.5,2.5,2.5,2.5,2.5,1.5,0.5,0.5,1.5,0.5,1.5,1.5,0.5,1.5,0.5,1.5,0.5,2.5,2.5,0.5,1.5,2.5,2.5,2.5,2.5,0.5,1.5,0.5,1.5,2.5,2.5,2.5,2.5,2.5,2.5,2.5,2.5,0.5,1.5,2.5,2.5,2.5,2.5,2.5,2.5,2.5,2.5,2.5,2.5,0.5,1.5,2.5,2.5,2.5,2.5,2.5,2.5,2.5,2.5,2.5,2.5,2.5,2.5,2.5,2.5,2.5,2.5,2.5,2.5,1.5,0.5,0.5,1.5,2.5,2.5,2.5,2.5,2.5,2.5,2.5,2.5,1.5,1.5,0.5,1.5,0.5,1.5,0.5,1.5,0.5,1.5,1.5,1.5
-28.65012567,80.84463826,86.43816844,0.5,1.5,2.5,2.5,2.5,2.5,2.5,2.5,1.5,0.5,0.5,1.5,2.5,2.5,0.5,1.5,2.5,2.5,2.5,2.5,2.5,2.5,0.5,1.5,2.5,2.5,2.5,2.5,0.5,1.5,0.5,1.5,2.5,2.5,2.5,2.5,2.5,2.5,2.5,2.5,0.5,1.5,2.5,2.5,2.5,2.5,2.5,2.5,2.5,2.5,2.5,2.5,0.5,1.5,2.5,2.5,2.5,2.5,2.5,2.5,2.5,2.5,2.5,2.5,2.5,2.5,2.5,2.5,2.5,2.5,2.5,2.5,1.5,0.5,1.5,0.5,1.5,1.5,1.5,1.5,0.5,1.5,0.5,1.5,2.5,2.5,2.5,2.5,2.5,2.5,2.5,2.5,2.5,2.5,2.5,2.5
85.35830303,18.59120163,-104.6367808,0.5,1.5,2.5,2.5,2.5,2.5,2.5,2.5,1.5,0.5,0.5,1.5,0.5,1.5,1.5,0.5,1.5,0.5,1.5,0.5,2.5,2.5,0.5,1.5,2.5,2.5,2.5,2.5,0.5,1.5,0.5,1.5,2.5,2.5,2.5,2.5,2.5,2.5,2.5,2.5,0.5,1.5,2.5,2.5,2.5,2.5,2.5,2.5,2.5,2.5,2.5,2.5,0.5,1.5,2.5,2.5,2.5,2.5,2.5,2.5,2.5,2.5,2.5,2.5,2.5,2.5,2.5,2.5,2.5,2.5,2.5,2.5,1.5,0.5,0.5,1.5,2.5,2.5,2.5,2.5,2.5,2.5,2.5,2.5,1.5,1.5,0.5,1.5,0.5,1.5,0.5,1.5,0.5,1.5,1.5,1.5
18.88052975,96.28967657,76.03625259,0.5,1.5,2.5,2.5,0.5,1.5,2.5,2.5,1.5,0.5,1.5,0.5,2.5,2.5,0.5,1.5,2.5,2.5,2.5,2.5,2.5,2.5,0.5,1.5,2.5,2.5,2.5,2.5,0.5,1.5,1.5,0.5,0.5,1.5,2.5,2.5,2.5,2.5,2.5,2.5,1.5,0.5,1.5,0.5,1.5,0.5,1.5,1.5,0.5,1.5,0.5,1.5,2.5,2.5,2.5,2.5,2.5,2.5,2.5,2.5,2.5,2.5,2.5,2.5,2.5,2.5,2.5,2.5,2.5,2.5,2.5,2.5,2.5,2.5,2.5,2.5,2.5,2.5,2.5,2.5,2.5,2.5,2.5,2.5,2.5,2.5,2.5,2.5,2.5,2.5,2.5,2.5,2.5,2.5,2.5,2.5
44.51164464,11.27935238,-26.04823288,0.5,1.5,2.5,2.5,2.5,2.5,2.5,2.5,1.5,0.5,0.5,1.5,2.5,2.5,0.5,1.5,2.5,2.5,2.5,2.5,2.5,2.5,0.5,1.5,2.5,2.5,2.5,2.5,0.5,1.5,0.5,1.5,2.5,2.5,2.5,2.5,2.5,2.5,2.5,2.5,0.5,1.5,2.5,2.5,2.5,2.5,2.5,2.5,2.5,2.5,2.5,2.5,0.5,1.5,2.5,2.5,2.5,2.5,2.5,2.5,2.5,2.5,2.5,2.5,2.5,2.5,2.5,2.5,2.5,2.5,2.5,2.5,1.5,0.5,1.5,0.5,1.5,1.5,1.5,1.5,0.5,1.5,0.5,1.5,2.5,2.5,2.5,2.5,2.5,2.5,2.5,2.5,2.5,2.5,2.5,2.5
-85.53464578,12.97228779,3.526803528,0.5,1.5,2.5,2.5,2.5,2.5,2.5,2.5,1.5,0.5,0.5,1.5,2.5,2.5,0.5,1.5,2.5,2.5,2.5,2.5,2.5,2.5,0.5,1.5,2.5,2.5,2.5,2.5,0.5,1.5,0.5,1.5,2.5,2.5,2.5,2.5,2.5,2.5,2.5,2.5,0.5,1.5,2.5,2.5,2.5,2.5,2.5,2.5,2.5,2.5,2.5,2.5,0.5,1.5,2.5,2.5,2.5,2.5,2.5,2.5,2.5,2.5,2.5,2.5,2.5,2.5,2.5,2.5,2.5,2.5,2.5,2.5,1.5,0.5,1.5,0.5,1.5,1.5,1.5,1.5,0.5,1.5,0.5,1.5,2.5,2.5,2.5,2.5,2.5,2.5,2.5,2.5,2.5,2.5,2.5,2.5
97.82629678,48.47795997,-125.3990383,0.5,1.5,2.5,2.5,2.5,2.5,2.5,2.5,1.5,0.5,0.5,1.5,0.5,1.5,1.5,0.5,1.5,0.5,1.5,0.5,2.5,2.5,0.5,1.5,2.5,2.5,2.5,2.5,0.5,1.5,0.5,1.5,2.5,2.5,2.5,2.5,2.5,2.5,2.5,2.5,0.5,1.5,2.5,2.5,2.5,2.5,2.5,2.5,2.5,2.5,2.5,2.5,0.5,1.5,2.5,2.5,2.5,2.5,2.5,2.5,2.5,2.5,2.5,2.5,2.5,2.5,2.5,2.5,2.5,2.5,2.5,2.5,1.5,0.5,0.5,1.5,2.5,2.5,2.5,2.5,2.5,2.5,2.5,2.5,1.5,1.5,0.5,1.5,0.5,1.5,0.5,1.5,0.5,1.5,1.5,1.5
-45.20587339,84.55956409,78.35462925,0.5,1.5,2.5,2.5,2.5,2.5,2.5,2.5,1.5,0.5,0.5,1.5,2.5,2.5,0.5,1.5,2.5,2.5,2.5,2.5,2.5,2.5,0.5,1.5,2.5,2.5,2.5,2.5,0.5,1.5,0.5,1.5,2.5,2.5,2.5,2.5,2.5,2.5,2.5,2.5,0.5,1.5,2.5,2.5,2.5,2.5,2.5,2.5,2.5,2.5,2.5,2.5,0.5,1.5,2.5,2.5,2.5,2.5,2.5,2.5,2.5,2.5,2.5,2.5,2.5,2.5,2.5,2.5,2.5,2.5,2.5,2.5,1.5,0.5,1.5,0.5,1.5,1.5,1.5,1.5,0.5,1.5,0.5,1.5,2.5,2.5,2.5,2.5,2.5,2.5,2.5,2.5,2.5,2.5,2.5,2.5
96.68811941,69.835403,-117.3451774,0.5,1.5,2.5,2.5,2.5,2.5,2.5,2.5,1.5,0.5,0.5,1.5,0.5,1.5,1.5,0.5,1.5,0.5,1.5,0.5,2.5,2.5,0.5,1.5,2.5,2.5,2.5,2.5,0.5,1.5,0.5,1.5,2.5,2.5,2.5,2.5,2.5,2.5,2.5,2.5,0.5,1.5,2.5,2.5,2.5,2.5,2.5,2.5,2.5,2.5,2.5,2.5,0.5,1.5,2.5,2.5,2.5,2.5,2.5,2.5,2.5,2.5,2.5,2.5,2.5,2.5,2.5,2.5,2.5,2.5,2.5,2.5,1.5,0.5,0.5,1.5,2.5,2.5,2.5,2.5,2.5,2.5,2.5,2.5,1.5,1.5,0.5,1.5,0.5,1.5,0.5,1.5,0.5,1.5,1.5,1.5
32.7475943,11.10875289,-80.55604713,0.5,1.5,2.5,2.5,2.5,2.5,2.5,2.5,1.5,0.5,0.5,1.5,2.5,2.5,0.5,1.5,2.5,2.5,2.5,2.5,2.5,2.5,0.5,1.5,2.5,2.5,2.5,2.5,0.5,1.5,0.5,1.5,2.5,2.5,2.5,2.5,2.5,2.5,2.5,2.5,0.5,1.5,2.5,2.5,2.5,2.5,2.5,2.5,2.5,2.5,2.5,2.5,0.5,1.5,2.5,2.5,2.5,2.5,2.5,2.5,2.5,2.5,2.5,2.5,2.5,2.5,2.5,2.5,2.5,2.5,2.5,2.5,0.5,1.5,2.5,2.5,1.5,1.5,1.5,1.5,0.5,1.5,0.5,1.5,2.5,2.5,2.5,2.5,2.5,2.5,2.5,2.5,2.5,2.5,2.5,2.5
16.50307937,47.00125249,128.6253993,0.5,1.5,2.5,2.5,0.5,1.5,2.5,2.5,1.5,0.5,1.5,0.5,2.5,2.5,0.5,1.5,2.5,2.5,2.5,2.5,0.5,1.5,1.5,0.5,1.5,0.5,1.5,0.5,0.5,1.5,1.5,0.5,0.5,1.5,2.5,2.5,2.5,2.5,2.5,2.5,1.5,0.5,1.5,0.5,0.5,1.5,2.5,2.5,2.5,2.5,2.5,2.5,1.5,0.5,0.5,1.5,2.5,2.5,2.5,2.5,2.5,2.5,2.5,2.5,1.5,1.5,1.5,1.5,0.5,1.5,0.5,1.5,2.5,2.5,2.5,2.5,2.5,2.5,2.5,2.5,2.5,2.5,2.5,2.5,2.5,2.5,2.5,2.5,2.5,2.5,2.5,2.5,2.5,2.5,2.5,2.5
-8.998475512,-59.49190738,30.79397943,0.5,1.5,2.5,2.5,0.5,1.5,2.5,2.5,1.5,0.5,1.5,0.5,2.5,2.5,0.5,1.5,2.5,2.5,2.5,2.5,2.5,2.5,0.5,1.5,2.5,2.5,2.5,2.5,0.5,1.5,1.5,0.5,0.5,1.5,2.5,2.5,2.5,2.5,2.5,2.5,1.5,0.5,1.5,0.5,1.5,0.5,1.5,1.5,0.5,1.5,0.5,1.5,2.5,2.5,2.5,2.5,2.5,2.5,2.5,2.5,2.5,2.5,2.5,2.5,2.5,2.5,2.5,2.5,2.5,2.5,2.5,2.5,2.5,2.5,2.5,2.5,2.5,2.5,2.5,2.5,2.5,2.5,2.5,2.5,2.5,2.5,2.5,2.5,2.5,2.5,2.5,2.5,2.5,2.5,2.5,2.5
6.113471801,46.57657248,-118.9606545,0.5,1.5,2.5,2.5,0.5,1.5,2.5,2.5,1.5,0.5,1.5,0.5,0.5,1.5,1.5,0.5,1.5,0.5,1.5,0.5,2.5,2.5,0.5,1.5,2.5,2.5,2.5,2.5,0.5,1.5,1.5,0.5,1.5,0.5,1.5,1.5,0.5,1.5,0.5,1.5,2.5,2.5,2.5,2.5,2.5,2.5,2.5,2.5,2.5,2.5,2.5,2.5,2.5,2.5,2.5,2.5,2.5,2.5,2.5,2.5,2.5,2.5,2.5,2.5,2.5,2.5,2.5,2.5,2.5,2.5,2.5,2.5,2.5,2.5,2.5,2.5,2.5,2.5,2.5,2.5,2.5,2.5,2.5,2.5,2.5,2.5,2.5,2.5,2.5,2.5,2.5,2.5,2.5,2.5,2.5,2.5
-5.092798921,-33.44604811,50.6285658,0.5,1.5,2.5,2.5,0.5,1.5,2.5,2.5,1.5,0.5,1.5,0.5,2.5,2.5,0.5,1.5,2.5,2.5,2.5,2.5,2.5,2.5,0.5,1.5,2.5,2.5,2.5,2.5,0.5,1.5,1.5,0.5,0.5,1.5,2.5,2.5,2.5,2.5,2.5,2.5,1.5,0.5,1.5,0.5,0.5,1.5,2.5,2.5,2.5,2.5,2.5,2.5,1.5,0.5,0.5,1.5,2.5,2.5,2.5,2.5,2.5,2.5,2.5,2.5,1.5,1.5,1.5,1.5,0.5,1.5,0.5,1.5,2.5,2.5,2.5,2.5,2.5,2.5,2.5,2.5,2.5,2.5,2.5,2.5,2.5,2.5,2.5,2.5,2.5,2.5,2.5,2.5,2.5,2.5,2.5,2.5
28.83268562,94.7092147,60.7885024,0.5,1.5,2.5,2.5,0.5,1.5,2.5,2.5,1.5,0.5,1.5,0.5,2.5,2.5,0.5,1.5,2.5,2.5,2.5,2.5,2.5,2.5,0.5,1.5,2.5,2.5,2.5,2.5,0.5,1.5,1.5,0.5,0.5,1.5,2.5,2.5,2.5,2.5,2.5,2.5,1.5,0.5,1.5,0.5,1.5,0.5,1.5,1.5,0.5,1.5,0.5,1.5,2.5,2.5,2.5,2.5,2.5,2.5,2.5,2.5,2.5,2.5,2.5,2.5,2.5,2.5,2.5,2.5,2.5,2.5,2.5,2.5,2.5,2.5,2.5,2.5,2.5,2.5,2.5,2.5,2.5,2.5,2.5,2.5,2.5,2.5,2.5,2.5,2.5,2.5,2.5,2.5,2.5,2.5,2.5,2.5
22.13376265,-61.60170952,-13.93991583,0.5,1.5,2.5,2.5,2.5,2.5,2.5,2.5,1.5,0.5,0.5,1.5,2.5,2.5,0.5,1.5,2.5,2.5,2.5,2.5,2.5,2.5,0.5,1.5,2.5,2.5,2.5,2.5,0.5,1.5,0.5,1.5,2.5,2.5,2.5,2.5,2.5,2.5,2.5,2.5,0.5,1.5,2.5,2.5,2.5,2.5,2.5,2.5,2.5,2.5,2.5,2.5,0.5,1.5,2.5,2.5,2.5,2.5,2.5,2.5,2.5,2.5,2.5,2.5,2.5,2.5,2.5,2.5,2.5,2.5,2.5,2.5,1.5,0.5,1.5,0.5,1.5,1.5,1.5,0.5,0.5,1.5,0.5,1.5,2.5,2.5,2.5,2.5,2.5,2.5,2.5,2.5,2.5,2.5,2.5,2.5
14.22679941,52.29542962,-31.01641142,0.5,1.5,2.5,2.5,0.5,1.5,2.5,2.5,1.5,0.5,1.5,0.5,2.5,2.5,0.5,1.5,2.5,2.5,2.5,2.5,2.5,2.5,0.5,1.5,2.5,2.5,2.5,2.5,0.5,1.5,1.5,0.5,1.5,0.5,1.5,1.5,0.5,1.5,0.5,1.5,2.5,2.5,2.5,2.5,2.5,2.5,2.5,2.5,2.5,2.5,2.5,2.5,2.5,2.5,2.5,2.5,2.5,2.5,2.5,2.5,2.5,2.5,2.5,2.5,2.5,2.5,2.5,2.5,2.5,2.5,2.5,2.5,2.5,2.5,2.5,2.5,2.5,2.5,2.5,2.5,2.5,2.5,2.5,2.5,2.5,2.5,2.5,2.5,2.5,2.5,2.5,2.5,2.5,2.5,2.5,2.5
-25.94206777,81.11583715,141.9093061,0.5,1.5,2.5,2.5,2.5,2.5,2.5,2.5,1.5,0.5,0.5,1.5,0.5,1.5,1.5,0.5,1.5,0.5,1.5,0.5,2.5,2.5,0.5,1.5,2.5,2.5,2.5,2.5,0.5,1.5,0.5,1.5,2.5,2.5,2.5,2.5,2.5,2.5,2.5,2.5,0.5,1.5,2.5,2.5,2.5,2.5,2.5,2.5,2.5,2.5,2.5,2.5,0.5,1.5,2.5,2.5,2.5,2.5,2.5,2.5,2.5,2.5,2.5,2.5,2.5,2.5,2.5,2.5,2.5,2.5,2.5,2.5,0.5,1.5,2.5,2.5,1.5,1.5,1.5,1.5,0.5,1.5,0.5,1.5,2.5,2.5,2.5,2.5,2.5,2.5,2.5,2.5,2.5,2.5,2.5,2.5
93.97460924,63.42972243,105.1457458,0.5,1.5,2.5,2.5,2.5,2.5,2.5,2.5,1.5,0.5,0.5,1.5,2.5,2.5,0.5,1.5,2.5,2.5,2.5,2.5,0.5,1.5,1.5,0.5,1.5,0.5,1.5,0.5,0.5,1.5,0.5,1.5,2.5,2.5,2.5,2.5,2.5,2.5,2.5,2.5,0.5,1.5,2.5,2.5,2.5,2.5,2.5,2.5,2.5,2.5,2.5,2.5,1.5,0.5,1.5,0.5,1.5,1.5,1.5,1.5,0.5,1.5,0.5,1.5,2.5,2.5,2.5,2.5,2.5,2.5,2.5,2.5,2.5,2.5,2.5,2.5,2.5,2.5,2.5,2.5,2.5,2.5,2.5,2.5,2.5,2.5,2.5,2.5,2.5,2.5,2.5,2.5,2.5,2.5,2.5,2.5
71.22008543,25.38892607,130.282801,0.5,1.5,2.5,2.5,2.5,2.5,2.5,2.5,1.5,0.5,0.5,1.5,2.5,2.5,0.5,1.5,2.5,2.5,2.5,2.5,0.5,1.5,1.5,0.5,1.5,0.5,1.5,0.5,0.5,1.5,0.5,1.5,2.5,2.5,2.5,2.5,2.5,2.5,2.5,2.5,0.5,1.5,2.5,2.5,2.5,2.5,2.5,2.5,2.5,2.5,2.5,2.5,1.5,0.5,1.5,0.5,1.5,1.5,1.5,1.5,0.5,1.5,0.5,1.5,2.5,2.5,2.5,2.5,2.5,2.5,2.5,2.5,2.5,2.5,2.5,2.5,2.5,2.5,2.5,2.5,2.5,2.5,2.5,2.5,2.5,2.5,2.5,2.5,2.5,2.5,2.5,2.5,2.5,2.5,2.5,2.5
-26.12222127,50.02101562,-149.9643356,0.5,1.5,2.5,2.5,2.5,2.5,2.5,2.5,1.5,0.5,0.5,1.5,2.5,2.5,0.5,1.5,2.5,2.5,2.5,2.5,0.5,1.5,1.5,0.5,1.5,0.5,1.5,0.5,0.5,1.5,0.5,1.5,2.5,2.5,2.5,2.5,2.5,2.5,2.5,2.5,0.5,1.5,2.5,2.5,2.5,2.5,2.5,2.5,2.5,2.5,2.5,2.5,1.5,0.5,1.5,0.5,1.5,1.5,1.5,1.5,0.5,1.5,0.5,1.5,2.5,2.5,2.5,2.5,2.5,2.5,2.5,2.5,2.5,2.5,2.5,2.5,2.5,2.5,2.5,2.5,2.5,2.5,2.5,2.5,2.5,2.5,2.5,2.5,2.5,2.5,2.5,2.5,2.5,2.5,2.5,2.5
-77.72999068,-82.02229468,131.3521837,0.5,1.5,2.5,2.5,0.5,1.5,2.5,2.5,1.5,0.5,1.5,0.5,2.5,2.5,0.5,1.5,2.5,2.5,2.5,2.5,0.5,1.5,1.5,0.5,1.5,0.5,1.5,0.5,0.5,1.5,1.5,0.5,0.5,1.5,2.5,2.5,2.5,2.5,2.5,2.5,1.5,0.5,1.5,0.5,0.5,1.5,2.5,2.5,2.5,2.5,2.5,2.5,1.5,0.5,0.5,1.5,2.5,2.5,2.5,2.5,2.5,2.5,2.5,2.5,1.5,1.5,1.5,1.5,0.5,1.5,0.5,1.5,2.5,2.5,2.5,2.5,2.5,2.5,2.5,2.5,2.5,2.5,2.5,2.5,2.5,2.5,2.5,2.5,2.5,2.5,2.5,2.5,2.5,2.5,2.5,2.5
-5.077032051,38.54515955,-80.51884181,0.5,1.5,2.5,2.5,2.5,2.5,2.5,2.5,1.5,0.5,0.5,1.5,2.5,2.5,0.5,1.5,2.5,2.5,2.5,2.5,2.5,2.5,0.5,1.5,2.5,2.5,2.5,2.5,0.5,1.5,0.5,1.5,2.5,2.5,2.5,2.5,2.5,2.5,2.5,2.5,0.5,1.5,2.5,2.5,2.5,2.5,2.5,2.5,2.5,2.5,2.5,2.5,1.5,0.5,1.5,0.5,1.5,1.5,1.5,1.5,0.5,1.5,0.5,1.5,2.5,2.5,2.5,2.5,2.5,2.5,2.5,2.5,2.5,2.5,2.5,2.5,2.5,2.5,2.5,2.5,2.5,2.5,2.5,2.5,2.5,2.5,2.5,2.5,2.5,2.5,2.5,2.5,2.5,2.5,2.5,2.5
82.13172956,-31.0501431,-126.4934748,0.5,1.5,2.5,2.5,2.5,2.5,2.5,2.5,1.5,0.5,0.5,1.5,0.5,1.5,1.5,0.5,1.5,0.5,1.5,0.5,2.5,2.5,0.5,1.5,2.5,2.5,2.5,2.5,0.5,1.5,0.5,1.5,2.5,2.5,2.5,2.5,2.5,2.5,2.5,2.5,0.5,1.5,2.5,2.5,2.5,2.5,2.5,2.5,2.5,2.5,2.5,2.5,0.5,1.5,2.5,2.5,2.5,2.5,2.5,2.5,2.5,2.5,2.5,2.5,2.5,2.5,2.5,2.5,2.5,2.5,2.5,2.5,1.5,0.5,0.5,1.5,2.5,2.5,2.5,2.5,2.5,2.5,2.5,2.5,1.5,1.5,0.5,1.5,0.5,1.5,0.5,1.5,0.5,1.5,1.5,1.5
-39.86724866,67.98785027,53.40999484,0.5,1.5,2.5,2.5,2.5,2.5,2.5,2.5,1.5,0.5,0.5,1.5,2.5,2.5,0.5,1.5,2.5,2.5,2.5,2.5,2.5,2.5,0.5,1.5,2.5,2.5,2.5,2.5,0.5,1.5,0.5,1.5,2.5,2.5,2.5,2.5,2.5,2.5,2.5,2.5,0.5,1.5,2.5,2.5,2.5,2.5,2.5,2.5,2.5,2.5,2.5,2.5,0.5,1.5,2.5,2.5,2.5,2.5,2.5,2.5,2.5,2.5,2.5,2.5,2.5,2.5,2.5,2.5,2.5,2.5,2.5,2.5,1.5,0.5,1.5,0.5,1.5,1.5,1.5,1.5,0.5,1.5,0.5,1.5,2.5,2.5,2.5,2.5,2.5,2.5,2.5,2.5,2.5,2.5,2.5,2.5
-4.181794712,53.43996645,94.81697653,0.5,1.5,2.5,2.5,2.5,2.5,2.5,2.5,1.5,0.5,0.5,1.5,2.5,2.5,0.5,1.5,2.5,2.5,2.5,2.5,2.5,2.5,0.5,1.5,2.5,2.5,2.5,2.5,0.5,1.5,0.5,1.5,2.5,2.5,2.5,2.5,2.5,2.5,2.5,2.5,0.5,1.5,2.5,2.5,2.5,2.5,2.5,2.5,2.5,2.5,2.5,2.5,0.5,1.5,2.5,2.5,2.5,2.5,2.5,2.5,2.5,2.5,2.5,2.5,2.5,2.5,2.5,2.5,2.5,2.5,2.5,2.5,0.5,1.5,2.5,2.5,1.5,1.5,1.5,0.5,0.5,1.5,0.5,1.5,2.5,2.5,2.5,2.5,2.5,2.5,2.5,2.5,2.5,2.5,2.5,2.5
-37.35867891,80.67132296,145.8139958,0.5,1.5,2.5,2.5,2.5,2.5,2.5,2.5,1.5,0.5,0.5,1.5,0.5,1.5,1.5,0.5,1.5,0.5,1.5,0.5,2.5,2.5,0.5,1.5,2.5,2.5,2.5,2.5,0.5,1.5,0.5,1.5,2.5,2.5,2.5,2.5,2.5,2.5,2.5,2.5,0.5,1.5,2.5,2.5,2.5,2.5,2.5,2.5,2.5,2.5,2.5,2.5,0.5,1.5,2.5,2.5,2.5,2.5,2.5,2.5,2.5,2.5,2.5,2.5,2.5,2.5,2.5,2.5,2.5,2.5,2.5,2.5,1.5,0.5,0.5,1.5,2.5,2.5,2.5,2.5,2.5,2.5,2.5,2.5,1.5,1.5,0.5,1.5,0.5,1.5,0.5,1.5,0.5,1.5,1.5,1.5
-83.65843297,23.56718484,-15.24399609,0.5,1.5,2.5,2.5,2.5,2.5,2.5,2.5,1.5,0.5,0.5,1.5,2.5,2.5,0.5,1.5,2.5,2.5,2.5,2.5,2.5,2.5,0.5,1.5,2.5,2.5,2.5,2.5,0.5,1.5,0.5,1.5,2.5,2.5,2.5,2.5,2.5,2.5,2.5,2.5,0.5,1.5,2.5,2.5,2.5,2.5,2.5,2.5,2.5,2.5,2.5,2.5,1.5,0.5,1.5,0.5,1.5,1.5,1.5,1.5,0.5,1.5,0.5,1.5,2.5,2.5,2.5,2.5,2.5,2.5,2.5,2.5,2.5,2.5,2.5,2.5,2.5,2.5,2.5,2.5,2.5,2.5,2.5,2.5,2.5,2.5,2.5,2.5,2.5,2.5,2.5,2.5,2.5,2.5,2.5,2.5
64.51470173,69.61690966,-19.80929172,0.5,1.5,2.5,2.5,0.5,1.5,2.5,2.5,1.5,0.5,1.5,0.5,2.5,2.5,0.5,1.5,2.5,2.5,2.5,2.5,2.5,2.5,0.5,1.5,2.5,2.5,2.5,2.5,0.5,1.5,1.5,0.5,0.5,1.5,2.5,2.5,2.5,2.5,2.5,2.5,1.5,0.5,1.5,0.5,1.5,0.5,1.5,1.5,0.5,1.5,0.5,1.5,2.5,2.5,2.5,2.5,2.5,2.5,2.5,2.5,2.5,2.5,2.5,2.5,2.5,2.5,2.5,2.5,2.5,2.5,2.5,2.5,2.5,2.5,2.5,2.5,2.5,2.5,2.5,2.5,2.5,2.5,2.5,2.5,2.5,2.5,2.5,2.5,2.5,2.5,2.5,2.5,2.5,2.5,2.5,2.5
-19.73705169,25.45055546,-7.669267046,0.5,1.5,2.5,2.5,2.5,2.5,2.5,2.5,1.5,0.5,0.5,1.5,2.5,2.5,0.5,1.5,2.5,2.5,2.5,2.5,2.5,2.5,0.5,1.5,2.5,2.5,2.5,2.5,0.5,1.5,0.5,1.5,2.5,2.5,2.5,2.5,2.5,2.5,2.5,2.5,0.5,1.5,2.5,2.5,2.5,2.5,2.5,2.5,2.5,2.5,2.5,2.5,1.5,0.5,1.5,0.5,1.5,1.5,1.5,1.5,0.5,1.5,0.5,1.5,2.5,2.5,2.5,2.5,2.5,2.5,2.5,2.5,2.5,2.5,2.5,2.5,2.5,2.5,2.5,2.5,2.5,2.5,2.5,2.5,2.5,2.5,2.5,2.5,2.5,2.5,2.5,2.5,2.5,2.5,2.5,2.5
76.03714155,-76.05183644,-107.0668022,0.5,1.5,2.5,2.5,2.5,2.5,2.5,2.5,1.5,0.5,0.5,1.5,0.5,1.5,1.5,0.5,1.5,0.5,1.5,0.5,2.5,2.5,0.5,1.5,2.5,2.5,2.5,2.5,0.5,1.5,0.5,1.5,2.5,2.5,2.5,2.5,2.5,2.5,2.5,2.5,0.5,1.5,2.5,2.5,2.5,2.5,2.5,2.5,2.5,2.5,2.5,2.5,0.5,1.5,2.5,2.5,2.5,2.5,2.5,2.5,2.5,2.5,2.5,2.5,2.5,2.5,2.5,2.5,2.5,2.5,2.5,2.5,1.5,0.5,1.5,0.5,1.5,1.5,1.5,1.5,0.5,1.5,0.5,1.5,2.5,2.5,2.5,2.5,2.5,2.5,2.5,2.5,2.5,2.5,2.5,2.5
88.98965791,63.65878497,127.7748202,0.5,1.5,2.5,2.5,2.5,2.5,2.5,2.5,1.5,0.5,0.5,1.5,2.5,2.5,0.5,1.5,2.5,2.5,2.5,2.5,0.5,1.5,1.5,0.5,1.5,0.5,1.5,0.5,0.5,1.5,0.5,1.5,2.5,2.5,2.5,2.5,2.5,2.5,2.5,2.5,0.5,1.5,2.5,2.5,2.5,2.5,2.5,2.5,2.5,2.5,2.5,2.5,1.5,0.5,1.5,0.5,1.5,1.5,1.5,1.5,0.5,1.5,0.5,1.5,2.5,2.5,2.5,2.5,2.5,2.5,2.5,2.5,2.5,2.5,2.5,2.5,2.5,2.5,2.5,2.5,2.5,2.5,2.5,2.5,2.5,2.5,2.5,2.5,2.5,2.5,2.5,2.5,2.5,2.5,2.5,2.5
13.67422273,98.54132254,37.04177961,0.5,1.5,2.5,2.5,0.5,1.5,2.5,2.5,1.5,0.5,1.5,0.5,2.5,2.5,0.5,1.5,2.5,2.5,2.5,2.5,2.5,2.5,0.5,1.5,2.5,2.5,2.5,2.5,0.5,1.5,1.5,0.5,1.5,0.5,1.5,1.5,0.5,1.5,0.5,1.5,2.5,2.5,2.5,2.5,2.5,2.5,2.5,2.5,2.5,2.5,2.5,2.5,2.5,2.5,2.5,2.5,2.5,2.5,2.5,2.5,2.5,2.5,2.5,2.5,2.5,2.5,2.5,2.5,2.5,2.5,2.5,2.5,2.5,2.5,2.5,2.5,2.5,2.5,2.5,2.5,2.5,2.5,2.5,2.5,2.5,2.5,2.5,2.5,2.5,2.5,2.5,2.5,2.5,2.5,2.5,2.5
-22.02154406,75.34112522,-115.5616571,0.5,1.5,2.5,2.5,2.5,2.5,2.5,2.5,1.5,0.5,0.5,1.5,2.5,2.5,0.5,1.5,2.5,2.5,2.5,2.5,0.5,1.5,1.5,0.5,1.5,0.5,1.5,0.5,0.5,1.5,0.5,1.5,2.5,2.5,2.5,2.5,2.5,2.5,2.5,2.5,0.5,1.5,2.5,2.5,2.5,2.5,2.5,2.5,2.5,2.5,2.5,2.5,1.5,0.5,1.5,0.5,1.5,1.5,1.5,1.5,0.5,1.5,0.5,1.5,2.5,2.5,2.5,2.5,2.5,2.5,2.5,2.5,2.5,2.5,2.5,2.5,2.5,2.5,2.5,2.5,2.5,2.5,2.5,2.5,2.5,2.5,2.5,2.5,2.5,2.5,2.5,2.5,2.5,2.5,2.5,2.5
-11.28317068,-59.01912057,13.84575914,0.5,1.5,2.5,2.5,0.5,1.5,2.5,2.5,1.5,0.5,1.5,0.5,2.5,2.5,0.5,1.5,2.5,2.5,2.5,2.5,2.5,2.5,0.5,1.5,2.5,2.5,2.5,2.5,0.5,1.5,1.5,0.5,0.5,1.5,2.5,2.5,2.5,2.5,2.5,2.5,1.5,0.5,1.5,0.5,1.5,0.5,1.5,1.5,0.5,1.5,0.5,1.5,2.5,2.5,2.5,2.5,2.5,2.5,2.5,2.5,2.5,2.5,2.5,2.5,2.5,2.5,2.5,2.5,2.5,2.5,2.5,2.5,2.5,2.5,2.5,2.5,2.5,2.5,2.5,2.5,2.5,2.5,2.5,2.5,2.5,2.5,2.5,2.5,2.5,2.5,2.5,2.5,2.5,2.5,2.5,2.5
34.49289154,20.39379705,113.2538878,0.5,1.5,2.5,2.5,2.5,2.5,2.5,2.5,1.5,0.5,0.5,1.5,2.5,2.5,0.5,1.5,2.5,2.5,2.5,2.5,0.5,1.5,1.5,0.5,1.5,0.5,1.5,0.5,0.5,1.5,0.5,1.5,2.5,2.5,2.5,2.5,2.5,2.5,2.5,2.5,0.5,1.5,2.5,2.5,2.5,2.5,2.5,2.5,2.5,2.5,2.5,2.5,1.5,0.5,1.5,0.5,1.5,1.5,1.5,1.5,0.5,1.5,0.5,1.5,2.5,2.5,2.5,2.5,2.5,2.5,2.5,2.5,2.5,2.5,2.5,2.5,2.5,2.5,2.5,2.5,2.5,2.5,2.5,2.5,2.5,2.5,2.5,2.5,2.5,2.5,2.5,2.5,2.5,2.5,2.5,2.5
-32.00044448,96.25559157,21.29459439,0.5,1.5,2.5,2.5,2.5,2.5,2.5,2.5,1.5,0.5,0.5,1.5,2.5,2.5,0.5,1.5,2.5,2.5,2.5,2.5,2.5,2.5,0.5,1.5,2.5,2.5,2.5,2.5,0.5,1.5,0.5,1.5,2.5,2.5,2.5,2.5,2.5,2.5,2.5,2.5,0.5,1.5,2.5,2.5,2.5,2.5,2.5,2.5,2.5,2.5,2.5,2.5,0.5,1.5,2.5,2.5,2.5,2.5,2.5,2.5,2.5,2.5,2.5,2.5,2.5,2.5,2.5,2.5,2.5,2.5,2.5,2.5,1.5,0.5,1.5,0.5,1.5,1.5,1.5,0.5,0.5,1.5,0.5,1.5,2.5,2.5,2.5,2.5,2.5,2.5,2.5,2.5,2.5,2.5,2.5,2.5
-44.40784723,-63.90015161,132.7203692,0.5,1.5,2.5,2.5,0.5,1.5,2.5,2.5,1.5,0.5,1.5,0.5,2.5,2.5,0.5,1.5,2.5,2.5,2.5,2.5,0.5,1.5,1.5,0.5,1.5,0.5,1.5,0.5,0.5,1.5,1.5,0.5,0.5,1.5,2.5,2.5,2.5,2.5,2.5,2.5,1.5,0.5,1.5,0.5,0.5,1.5,2.5,2.5,2.5,2.5,2.5,2.5,1.5,0.5,0.5,1.5,2.5,2.5,2.5,2.5,2.5,2.5,2.5,2.5,1.5,1.5,1.5,1.5,0.5,1.5,0.5,1.5,2.5,2.5,2.5,2.5,2.5,2.5,2.5,2.5,2.5,2.5,2.5,2.5,2.5,2.5,2.5,2.5,2.5,2.5,2.5,2.5,2.5,2.5,2.5,2.5
81.69434366,12.31292875,45.0334529,0.5,1.5,2.5,2.5,2.5,2.5,2.5,2.5,1.5,0.5,0.5,1.5,2.5,2.5,0.5,1.5,2.5,2.5,2.5,2.5,2.5,2.5,0.5,1.5,2.5,2.5,2.5,2.5,0.5,1.5,0.5,1.5,2.5,2.5,2.5,2.5,2.5,2.5,2.5,2.5,0.5,1.5,2.5,2.5,2.5,2.5,2.5,2.5,2.5,2.5,2.5,2.5,1.5,0.5,1.5,0.5,1.5,1.5,1.5,1.5,0.5,1.5,0.5,1.5,2.5,2.5,2.5,2.5,2.5,2.5,2.5,2.5,2.5,2.5,2.5,2.5,2.5,2.5,2.5,2.5,2.5,2.5,2.5,2.5,2.5,2.5,2.5,2.5,2.5,2.5,2.5,2.5,2.5,2.5,2.5,2.5
13.37534645,81.90925032,196.8333448,0.5,1.5,2.5,2.5,0.5,1.5,2.5,2.5,1.5,0.5,1.5,0.5,2.5,2.5,0.5,1.5,2.5,2.5,2.5,2.5,0.5,1.5,1.5,0.5,1.5,0.5,1.5,0.5,0.5,1.5,1.5,0.5,0.5,1.5,2.5,2.5,2.5,2.5,2.5,2.5,1.5,0.5,1.5,0.5,0.5,1.5,2.5,2.5,2.5,2.5,2.5,2.5,1.5,0.5,0.5,1.5,2.5,2.5,2.5,2.5,2.5,2.5,2.5,2.5,1.5,1.5,1.5,1.5,0.5,1.5,0.5,1.5,2.5,2.5,2.5,2.5,2.5,2.5,2.5,2.5,2.5,2.5,2.5,2.5,2.5,2.5,2.5,2.5,2.5,2.5,2.5,2.5,2.5,2.5,2.5,2.5
-43.74911716,85.72973167,186.6782844,0.5,1.5,2.5,2.5,2.5,2.5,2.5,2.5,1.5,0.5,0.5,1.5,0.5,1.5,1.5,0.5,1.5,0.5,1.5,0.5,2.5,2.5,0.5,1.5,2.5,2.5,2.5,2.5,0.5,1.5,0.5,1.5,2.5,2.5,2.5,2.5,2.5,2.5,2.5,2.5,0.5,1.5,2.5,2.5,2.5,2.5,2.5,2.5,2.5,2.5,2.5,2.5,0.5,1.5,2.5,2.5,2.5,2.5,2.5,2.5,2.5,2.5,2.5,2.5,2.5,2.5,2.5,2.5,2.5,2.5,2.5,2.5,0.5,1.5,2.5,2.5,1.5,1.5,1.5,1.5,0.5,1.5,0.5,1.5,2.5,2.5,2.5,2.5,2.5,2.5,2.5,2.5,2.5,2.5,2.5,2.5
3.410435698,79.7297007,104.8492188,0.5,1.5,2.5,2.5,0.5,1.5,2.5,2.5,1.5,0.5,1.5,0.5,2.5,2.5,0.5,1.5,2.5,2.5,2.5,2.5,0.5,1.5,1.5,0.5,1.5,0.5,1.5,0.5,0.5,1.5,1.5,0.5,0.5,1.5,2.5,2.5,2.5,2.5,2.5,2.5,1.5,0.5,1.5,0.5,0.5,1.5,2.5,2.5,2.5,2.5,2.5,2.5,1.5,0.5,0.5,1.5,2.5,2.5,2.5,2.5,2.5,2.5,2.5,2.5,1.5,1.5,1.5,1.5,0.5,1.5,0.5,1.5,2.5,2.5,2.5,2.5,2.5,2.5,2.5,2.5,2.5,2.5,2.5,2.5,2.5,2.5,2.5,2.5,2.5,2.5,2.5,2.5,2.5,2.5,2.5,2.5
-16.02997068,55.05174191,-34.59520112,0.5,1.5,2.5,2.5,2.5,2.5,2.5,2.5,1.5,0.5,0.5,1.5,2.5,2.5,0.5,1.5,2.5,2.5,2.5,2.5,2.5,2.5,0.5,1.5,2.5,2.5,2.5,2.5,0.5,1.5,0.5,1.5,2.5,2.5,2.5,2.5,2.5,2.5,2.5,2.5,0.5,1.5,2.5,2.5,2.5,2.5,2.5,2.5,2.5,2.5,2.5,2.5,1.5,0.5,1.5,0.5,1.5,1.5,1.5,1.5,0.5,1.5,0.5,1.5,2.5,2.5,2.5,2.5,2.5,2.5,2.5,2.5,2.5,2.5,2.5,2.5,2.5,2.5,2.5,2.5,2.5,2.5,2.5,2.5,2.5,2.5,2.5,2.5,2.5,2.5,2.5,2.5,2.5,2.5,2.5,2.5
60.23357784,35.46343122,83.78563888,0.5,1.5,2.5,2.5,2.5,2.5,2.5,2.5,1.5,0.5,0.5,1.5,2.5,2.5,0.5,1.5,2.5,2.5,2.5,2.5,2.5,2.5,0.5,1.5,2.5,2.5,2.5,2.5,0.5,1.5,0.5,1.5,2.5,2.5,2.5,2.5,2.5,2.5,2.5,2.5,0.5,1.5,2.5,2.5,2.5,2.5,2.5,2.5,2.5,2.5,2.5,2.5,1.5,0.5,1.5,0.5,1.5,1.5,1.5,1.5,0.5,1.5,0.5,1.5,2.5,2.5,2.5,2.5,2.5,2.5,2.5,2.5,2.5,2.5,2.5,2.5,2.5,2.5,2.5,2.5,2.5,2.5,2.5,2.5,2.5,2.5,2.5,2.5,2.5,2.5,2.5,2.5,2.5,2.5,2.5,2.5
14.17082741,35.88774543,-146.6634168,0.5,1.5,2.5,2.5,0.5,1.5,2.5,2.5,1.5,0.5,1.5,0.5,0.5,1.5,1.5,0.5,1.5,0.5,1.5,0.5,2.5,2.5,0.5,1.5,2.5,2.5,2.5,2.5,0.5,1.5,1.5,0.5,1.5,0.5,1.5,1.5,0.5,1.5,0.5,1.5,2.5,2.5,2.5,2.5,2.5,2.5,2.5,2.5,2.5,2.5,2.5,2.5,2.5,2.5,2.5,2.5,2.5,2.5,2.5,2.5,2.5,2.5,2.5,2.5,2.5,2.5,2.5,2.5,2.5,2.5,2.5,2.5,2.5,2.5,2.5,2.5,2.5,2.5,2.5,2.5,2.5,2.5,2.5,2.5,2.5,2.5,2.5,2.5,2.5,2.5,2.5,2.5,2.5,2.5,2.5,2.5
-44.09674821,13.08794116,-44.73968342,0.5,1.5,2.5,2.5,2.5,2.5,2.5,2.5,1.5,0.5,0.5,1.5,2.5,2.5,0.5,1.5,2.5,2.5,2.5,2.5,2.5,2.5,0.5,1.5,2.5,2.5,2.5,2.5,0.5,1.5,0.5,1.5,2.5,2.5,2.5,2.5,2.5,2.5,2.5,2.5,0.5,1.5,2.5,2.5,2.5,2.5,2.5,2.5,2.5,2.5,2.5,2.5,1.5,0.5,1.5,0.5,1.5,1.5,1.5,1.5,0.5,1.5,0.5,1.5,2.5,2.5,2.5,2.5,2.5,2.5,2.5,2.5,2.5,2.5,2.5,2.5,2.5,2.5,2.5,2.5,2.5,2.5,2.5,2.5,2.5,2.5,2.5,2.5,2.5,2.5,2.5,2.5,2.5,2.5,2.5,2.5
61.32035651,-74.54533518,-157.7500834,0.5,1.5,2.5,2.5,2.5,2.5,2.5,2.5,1.5,0.5,0.5,1.5,0.5,1.5,1.5,0.5,1.5,0.5,1.5,0.5,2.5,2.5,0.5,1.5,2.5,2.5,2.5,2.5,0.5,1.5,0.5,1.5,2.5,2.5,2.5,2.5,2.5,2.5,2.5,2.5,0.5,1.5,2.5,2.5,2.5,2.5,2.5,2.5,2.5,2.5,2.5,2.5,0.5,1.5,2.5,2.5,2.5,2.5,2.5,2.5,2.5,2.5,2.5,2.5,2.5,2.5,2.5,2.5,2.5,2.5,2.5,2.5,1.5,0.5,0.5,1.5,2.5,2.5,2.5,2.5,2.5,2.5,2.5,2.5,1.5,1.5,0.5,1.5,0.5,1.5,0.5,1.5,0.5,1.5,1.5,1.5
14.38728768,-22.98026105,-108.4698208,0.5,1.5,2.5,2.5,2.5,2.5,2.5,2.5,1.5,0.5,0.5,1.5,0.5,1.5,1.5,0.5,1.5,0.5,1.5,0.5,2.5,2.5,0.5,1.5,2.5,2.5,2.5,2.5,0.5,1.5,0.5,1.5,2.5,2.5,2.5,2.5,2.5,2.5,2.5,2.5,0.5,1.5,2.5,2.5,2.5,2.5,2.5,2.5,2.5,2.5,2.5,2.5,0.5,1.5,2.5,2.5,2.5,2.5,2.5,2.5,2.5,2.5,2.5,2.5,2.5,2.5,2.5,2.5,2.5,2.5,2.5,2.5,0.5,1.5,2.5,2.5,1.5,1.5,1.5,0.5,0.5,1.5,0.5,1.5,2.5,2.5,2.5,2.5,2.5,2.5,2.5,2.5,2.5,2.5,2.5,2.5
-39.1375153,88.6244501,143.2982858,0.5,1.5,2.5,2.5,2.5,2.5,2.5,2.5,1.5,0.5,0.5,1.5,0.5,1.5,1.5,0.5,1.5,0.5,1.5,0.5,2.5,2.5,0.5,1.5,2.5,2.5,2.5,2.5,0.5,1.5,0.5,1.5,2.5,2.5,2.5,2.5,2.5,2.5,2.5,2.5,0.5,1.5,2.5,2.5,2.5,2.5,2.5,2.5,2.5,2.5,2.5,2.5,0.5,1.5,2.5,2.5,2.5,2.5,2.5,2.5,2.5,2.5,2.5,2.5,2.5,2.5,2.5,2.5,2.5,2.5,2.5,2.5,1.5,0.5,0.5,1.5,2.5,2.5,2.5,2.5,2.5,2.5,2.5,2.5,1.5,1.5,0.5,1.5,0.5,1.5,0.5,1.5,0.5,1.5,1.5,1.5
-97.87873092,42.73111473,160.2359117,0.5,1.5,2.5,2.5,2.5,2.5,2.5,2.5,1.5,0.5,0.5,1.5,0.5,1.5,1.5,0.5,1.5,0.5,1.5,0.5,2.5,2.5,0.5,1.5,2.5,2.5,2.5,2.5,0.5,1.5,0.5,1.5,2.5,2.5,2.5,2.5,2.5,2.5,2.5,2.5,0.5,1.5,2.5,2.5,2.5,2.5,2.5,2.5,2.5,2.5,2.5,2.5,0.5,1.5,2.5,2.5,2.5,2.5,2.5,2.5,2.5,2.5,2.5,2.5,2.5,2.5,2.5,2.5,2.5,2.5,2.5,2.5,1.5,0.5,0.5,1.5,2.5,2.5,2.5,2.5,2.5,2.5,2.5,2.5,1.5,1.5,0.5,1.5,0.5,1.5,0.5,1.5,0.5,1.5,1.5,1.5
15.93003973,76.03125281,-11.19093411,0.5,1.5,2.5,2.5,0.5,1.5,2.5,2.5,1.5,0.5,1.5,0.5,2.5,2.5,0.5,1.5,2.5,2.5,2.5,2.5,2.5,2.5,0.5,1.5,2.5,2.5,2.5,2.5,0.5,1.5,1.5,0.5,1.5,0.5,1.5,1.5,0.5,1.5,0.5,1.5,2.5,2.5,2.5,2.5,2.5,2.5,2.5,2.5,2.5,2.5,2.5,2.5,2.5,2.5,2.5,2.5,2.5,2.5,2.5,2.5,2.5,2.5,2.5,2.5,2.5,2.5,2.5,2.5,2.5,2.5,2.5,2.5,2.5,2.5,2.5,2.5,2.5,2.5,2.5,2.5,2.5,2.5,2.5,2.5,2.5,2.5,2.5,2.5,2.5,2.5,2.5,2.5,2.5,2.5,2.5,2.5
2.654633053,32.72720029,-100.9511733,0.5,1.5,2.5,2.5,0.5,1.5,2.5,2.5,1.5,0.5,1.5,0.5,0.5,1.5,1.5,0.5,1.5,0.5,1.5,0.5,2.5,2.5,0.5,1.5,2.5,2.5,2.5,2.5,0.5,1.5,1.5,0.5,1.5,0.5,1.5,1.5,0.5,1.5,0.5,1.5,2.5,2.5,2.5,2.5,2.5,2.5,2.5,2.5,2.5,2.5,2.5,2.5,2.5,2.5,2.5,2.5,2.5,2.5,2.5,2.5,2.5,2.5,2.5,2.5,2.5,2.5,2.5,2.5,2.5,2.5,2.5,2.5,2.5,2.5,2.5,2.5,2.5,2.5,2.5,2.5,2.5,2.5,2.5,2.5,2.5,2.5,2.5,2.5,2.5,2.5,2.5,2.5,2.5,2.5,2.5,2.5
56.30357374,60.54698231,165.1182452,0.5,1.5,2.5,2.5,0.5,1.5,2.5,2.5,1.5,0.5,1.5,0.5,2.5,2.5,0.5,1.5,2.5,2.5,2.5,2.5,0.5,1.5,1.5,0.5,1.5,0.5,1.5,0.5,0.5,1.5,1.5,0.5,0.5,1.5,2.5,2.5,2.5,2.5,2.5,2.5,1.5,0.5,1.5,0.5,0.5,1.5,2.5,2.5,2.5,2.5,2.5,2.5,1.5,0.5,0.5,1.5,2.5,2.5,2.5,2.5,2.5,2.5,2.5,2.5,1.5,1.5,1.5,1.5,0.5,1.5,0.5,1.5,2.5,2.5,2.5,2.5,2.5,2.5,2.5,2.5,2.5,2.5,2.5,2.5,2.5,2.5,2.5,2.5,2.5,2.5,2.5,2.5,2.5,2.5,2.5,2.5
36.27849309,69.3993492,-149.9369409,0.5,1.5,2.5,2.5,0.5,1.5,2.5,2.5,1.5,0.5,1.5,0.5,0.5,1.5,1.5,0.5,1.5,0.5,1.5,0.5,2.5,2.5,0.5,1.5,2.5,2.5,2.5,2.5,0.5,1.5,1.5,0.5,1.5,0.5,1.5,1.5,0.5,1.5,0.5,1.5,2.5,2.5,2.5,2.5,2.5,2.5,2.5,2.5,2.5,2.5,2.5,2.5,2.5,2.5,2.5,2.5,2.5,2.5,2.5,2.5,2.5,2.5,2.5,2.5,2.5,2.5,2.5,2.5,2.5,2.5,2.5,2.5,2.5,2.5,2.5,2.5,2.5,2.5,2.5,2.5,2.5,2.5,2.5,2.5,2.5,2.5,2.5,2.5,2.5,2.5,2.5,2.5,2.5,2.5,2.5,2.5
-20.63945697,47.92427571,-85.69551164,0.5,1.5,2.5,2.5,2.5,2.5,2.5,2.5,1.5,0.5,0.5,1.5,2.5,2.5,0.5,1.5,2.5,2.5,2.5,2.5,2.5,2.5,0.5,1.5,2.5,2.5,2.5,2.5,0.5,1.5,0.5,1.5,2.5,2.5,2.5,2.5,2.5,2.5,2.5,2.5,0.5,1.5,2.5,2.5,2.5,2.5,2.5,2.5,2.5,2.5,2.5,2.5,1.5,0.5,1.5,0.5,1.5,1.5,1.5,1.5,0.5,1.5,0.5,1.5,2.5,2.5,2.5,2.5,2.5,2.5,2.5,2.5,2.5,2.5,2.5,2.5,2.5,2.5,2.5,2.5,2.5,2.5,2.5,2.5,2.5,2.5,2.5,2.5,2.5,2.5,2.5,2.5,2.5,2.5,2.5,2.5
70.81385072,97.37596304,-169.7475034,0.5,1.5,2.5,2.5,0.5,1.5,2.5,2.5,1.5,0.5,1.5,0.5,0.5,1.5,1.5,0.5,1.5,0.5,1.5,0.5,2.5,2.5,0.5,1.5,2.5,2.5,2.5,2.5,0.5,1.5,1.5,0.5,1.5,0.5,1.5,1.5,0.5,1.5,0.5,1.5,2.5,2.5,2.5,2.5,2.5,2.5,2.5,2.5,2.5,2.5,2.5,2.5,2.5,2.5,2.5,2.5,2.5,2.5,2.5,2.5,2.5,2.5,2.5,2.5,2.5,2.5,2.5,2.5,2.5,2.5,2.5,2.5,2.5,2.5,2.5,2.5,2.5,2.5,2.5,2.5,2.5,2.5,2.5,2.5,2.5,2.5,2.5,2.5,2.5,2.5,2.5,2.5,2.5,2.5,2.5,2.5
-46.05940367,-79.73867821,42.12503801,0.5,1.5,2.5,2.5,0.5,1.5,2.5,2.5,1.5,0.5,1.5,0.5,2.5,2.5,0.5,1.5,2.5,2.5,2.5,2.5,2.5,2.5,0.5,1.5,2.5,2.5,2.5,2.5,0.5,1.5,1.5,0.5,0.5,1.5,2.5,2.5,2.5,2.5,2.5,2.5,1.5,0.5,1.5,0.5,1.5,0.5,1.5,1.5,0.5,1.5,0.5,1.5,2.5,2.5,2.5,2.5,2.5,2.5,2.5,2.5,2.5,2.5,2.5,2.5,2.5,2.5,2.5,2.5,2.5,2.5,2.5,2.5,2.5,2.5,2.5,2.5,2.5,2.5,2.5,2.5,2.5,2.5,2.5,2.5,2.5,2.5,2.5,2.5,2.5,2.5,2.5,2.5,2.5,2.5,2.5,2.5
54.94174286,12.63004749,129.2711257,0.5,1.5,2.5,2.5,2.5,2.5,2.5,2.5,1.5,0.5,0.5,1.5,2.5,2.5,0.5,1.5,2.5,2.5,2.5,2.5,0.5,1.5,1.5,0.5,1.5,0.5,1.5,0.5,0.5,1.5,0.5,1.5,2.5,2.5,2.5,2.5,2.5,2.5,2.5,2.5,0.5,1.5,2.5,2.5,2.5,2.5,2.5,2.5,2.5,2.5,2.5,2.5,1.5,0.5,1.5,0.5,1.5,1.5,1.5,1.5,0.5,1.5,0.5,1.5,2.5,2.5,2.5,2.5,2.5,2.5,2.5,2.5,2.5,2.5,2.5,2.5,2.5,2.5,2.5,2.5,2.5,2.5,2.5,2.5,2.5,2.5,2.5,2.5,2.5,2.5,2.5,2.5,2.5,2.5,2.5,2.5
82.98654667,34.95524033,-92.8507159,0.5,1.5,2.5,2.5,2.5,2.5,2.5,2.5,1.5,0.5,0.5,1.5,2.5,2.5,0.5,1.5,2.5,2.5,2.5,2.5,2.5,2.5,0.5,1.5,2.5,2.5,2.5,2.5,0.5,1.5,0.5,1.5,2.5,2.5,2.5,2.5,2.5,2.5,2.5,2.5,0.5,1.5,2.5,2.5,2.5,2.5,2.5,2.5,2.5,2.5,2.5,2.5,0.5,1.5,2.5,2.5,2.5,2.5,2.5,2.5,2.5,2.5,2.5,2.5,2.5,2.5,2.5,2.5,2.5,2.5,2.5,2.5,1.5,0.5,0.5,1.5,2.5,2.5,2.5,2.5,2.5,2.5,2.5,2.5,1.5,1.5,0.5,1.5,0.5,1.5,0.5,1.5,0.5,1.5,1.5,1.5
-16.04684313,71.58487616,147.6955459,0.5,1.5,2.5,2.5,2.5,2.5,2.5,2.5,1.5,0.5,0.5,1.5,0.5,1.5,1.5,0.5,1.5,0.5,1.5,0.5,2.5,2.5,0.5,1.5,2.5,2.5,2.5,2.5,0.5,1.5,0.5,1.5,2.5,2.5,2.5,2.5,2.5,2.5,2.5,2.5,0.5,1.5,2.5,2.5,2.5,2.5,2.5,2.5,2.5,2.5,2.5,2.5,0.5,1.5,2.5,2.5,2.5,2.5,2.5,2.5,2.5,2.5,2.5,2.5,2.5,2.5,2.5,2.5,2.5,2.5,2.5,2.5,0.5,1.5,2.5,2.5,1.5,1.5,1.5,1.5,0.5,1.5,0.5,1.5,2.5,2.5,2.5,2.5,2.5,2.5,2.5,2.5,2.5,2.5,2.5,2.5
-56.37428264,69.55399871,100.2175978,0.5,1.5,2.5,2.5,2.5,2.5,2.5,2.5,1.5,0.5,0.5,1.5,0.5,1.5,1.5,0.5,1.5,0.5,1.5,0.5,2.5,2.5,0.5,1.5,2.5,2.5,2.5,2.5,0.5,1.5,0.5,1.5,2.5,2.5,2.5,2.5,2.5,2.5,2.5,2.5,0.5,1.5,2.5,2.5,2.5,2.5,2.5,2.5,2.5,2.5,2.5,2.5,0.5,1.5,2.5,2.5,2.5,2.5,2.5,2.5,2.5,2.5,2.5,2.5,2.5,2.5,2.5,2.5,2.5,2.5,2.5,2.5,1.5,0.5,1.5,0.5,1.5,1.5,1.5,1.5,0.5,1.5,0.5,1.5,2.5,2.5,2.5,2.5,2.5,2.5,2.5,2.5,2.5,2.5,2.5,2.5
-31.15379625,-97.20053924,166.6558997,0.5,1.5,2.5,2.5,0.5,1.5,2.5,2.5,1.5,0.5,1.5,0.5,2.5,2.5,0.5,1.5,2.5,2.5,2.5,2.5,0.5,1.5,1.5,0.5,1.5,0.5,1.5,0.5,0.5,1.5,1.5,0.5,0.5,1.5,2.5,2.5,2.5,2.5,2.5,2.5,1.5,0.5,1.5,0.5,0.5,1.5,2.5,2.5,2.5,2.5,2.5,2.5,1.5,0.5,0.5,1.5,2.5,2.5,2.5,2.5,2.5,2.5,2.5,2.5,1.5,1.5,1.5,1.5,0.5,1.5,0.5,1.5,2.5,2.5,2.5,2.5,2.5,2.5,2.5,2.5,2.5,2.5,2.5,2.5,2.5,2.5,2.5,2.5,2.5,2.5,2.5,2.5,2.5,2.5,2.5,2.5
-83.0908341,-97.81671299,176.2059711,0.5,1.5,2.5,2.5,0.5,1.5,2.5,2.5,1.5,0.5,1.5,0.5,2.5,2.5,0.5,1.5,2.5,2.5,2.5,2.5,0.5,1.5,1.5,0.5,1.5,0.5,1.5,0.5,0.5,1.5,1.5,0.5,0.5,1.5,2.5,2.5,2.5,2.5,2.5,2.5,1.5,0.5,1.5,0.5,0.5,1.5,2.5,2.5,2.5,2.5,2.5,2.5,1.5,0.5,0.5,1.5,2.5,2.5,2.5,2.5,2.5,2.5,2.5,2.5,1.5,1.5,1.5,1.5,0.5,1.5,0.5,1.5,2.5,2.5,2.5,2.5,2.5,2.5,2.5,2.5,2.5,2.5,2.5,2.5,2.5,2.5,2.5,2.5,2.5,2.5,2.5,2.5,2.5,2.5,2.5,2.5
29.69392281,32.8981236,178.0573655,0.5,1.5,2.5,2.5,0.5,1.5,2.5,2.5,1.5,0.5,1.5,0.5,2.5,2.5,0.5,1.5,2.5,2.5,2.5,2.5,1.5,0.5,1.5,0.5,1.5,0.5,1.5,0.5,2.5,2.5,2.5,2.5,2.5,2.5,2.5,2.5,2.5,2.5,2.5,2.5,2.5,2.5,2.5,2.5,2.5,2.5,2.5,2.5,2.5,2.5,2.5,2.5,2.5,2.5,2.5,2.5,2.5,2.5,2.5,2.5,2.5,2.5,2.5,2.5,2.5,2.5,2.5,2.5,2.5,2.5,2.5,2.5,2.5,2.5,2.5,2.5,2.5,2.5,2.5,2.5,2.5,2.5,2.5,2.5,2.5,2.5,2.5,2.5,2.5,2.5,2.5,2.5,2.5,2.5,2.5,2.5
-31.23272539,64.05819519,-72.73533023,0.5,1.5,2.5,2.5,2.5,2.5,2.5,2.5,1.5,0.5,0.5,1.5,2.5,2.5,0.5,1.5,2.5,2.5,2.5,2.5,2.5,2.5,0.5,1.5,2.5,2.5,2.5,2.5,0.5,1.5,0.5,1.5,2.5,2.5,2.5,2.5,2.5,2.5,2.5,2.5,0.5,1.5,2.5,2.5,2.5,2.5,2.5,2.5,2.5,2.5,2.5,2.5,1.5,0.5,1.5,0.5,1.5,1.5,1.5,1.5,0.5,1.5,0.5,1.5,2.5,2.5,2.5,2.5,2.5,2.5,2.5,2.5,2.5,2.5,2.5,2.5,2.5,2.5,2.5,2.5,2.5,2.5,2.5,2.5,2.5,2.5,2.5,2.5,2.5,2.5,2.5,2.5,2.5,2.5,2.5,2.5
-65.42311499,30.28911454,194.2267885,0.5,1.5,2.5,2.5,2.5,2.5,2.5,2.5,1.5,0.5,0.5,1.5,0.5,1.5,1.5,0.5,1.5,0.5,1.5,0.5,2.5,2.5,0.5,1.5,2.5,2.5,2.5,2.5,0.5,1.5,0.5,1.5,2.5,2.5,2.5,2.5,2.5,2.5,2.5,2.5,0.5,1.5,2.5,2.5,2.5,2.5,2.5,2.5,2.5,2.5,2.5,2.5,0.5,1.5,2.5,2.5,2.5,2.5,2.5,2.5,2.5,2.5,2.5,2.5,2.5,2.5,2.5,2.5,2.5,2.5,2.5,2.5,0.5,1.5,2.5,2.5,1.5,1.5,1.5,1.5,0.5,1.5,0.5,1.5,2.5,2.5,2.5,2.5,2.5,2.5,2.5,2.5,2.5,2.5,2.5,2.5
68.45746796,82.21498468,-144.4419986,0.5,1.5,2.5,2.5,0.5,1.5,2.5,2.5,1.5,0.5,1.5,0.5,0.5,1.5,1.5,0.5,1.5,0.5,1.5,0.5,2.5,2.5,0.5,1.5,2.5,2.5,2.5,2.5,0.5,1.5,1.5,0.5,1.5,0.5,1.5,1.5,0.5,1.5,0.5,1.5,2.5,2.5,2.5,2.5,2.5,2.5,2.5,2.5,2.5,2.5,2.5,2.5,2.5,2.5,2.5,2.5,2.5,2.5,2.5,2.5,2.5,2.5,2.5,2.5,2.5,2.5,2.5,2.5,2.5,2.5,2.5,2.5,2.5,2.5,2.5,2.5,2.5,2.5,2.5,2.5,2.5,2.5,2.5,2.5,2.5,2.5,2.5,2.5,2.5,2.5,2.5,2.5,2.5,2.5,2.5,2.5
88.09953245,27.56320194,69.13629988,0.5,1.5,2.5,2.5,2.5,2.5,2.5,2.5,1.5,0.5,0.5,1.5,2.5,2.5,0.5,1.5,2.5,2.5,2.5,2.5,2.5,2.5,0.5,1.5,2.5,2.5,2.5,2.5,0.5,1.5,0.5,1.5,2.5,2.5,2.5,2.5,2.5,2.5,2.5,2.5,0.5,1.5,2.5,2.5,2.5,2.5,2.5,2.5,2.5,2.5,2.5,2.5,1.5,0.5,1.5,0.5,1.5,1.5,1.5,1.5,0.5,1.5,0.5,1.5,2.5,2.5,2.5,2.5,2.5,2.5,2.5,2.5,2.5,2.5,2.5,2.5,2.5,2.5,2.5,2.5,2.5,2.5,2.5,2.5,2.5,2.5,2.5,2.5,2.5,2.5,2.5,2.5,2.5,2.5,2.5,2.5
-8.66134781,96.94184007,176.4064956,0.5,1.5,2.5,2.5,2.5,2.5,2.5,2.5,1.5,0.5,0.5,1.5,0.5,1.5,1.5,0.5,1.5,0.5,1.5,0.5,2.5,2.5,0.5,1.5,2.5,2.5,2.5,2.5,0.5,1.5,0.5,1.5,2.5,2.5,2.5,2.5,2.5,2.5,2.5,2.5,0.5,1.5,2.5,2.5,2.5,2.5,2.5,2.5,2.5,2.5,2.5,2.5,0.5,1.5,2.5,2.5,2.5,2.5,2.5,2.5,2.5,2.5,2.5,2.5,2.5,2.5,2.5,2.5,2.5,2.5,2.5,2.5,0.5,1.5,2.5,2.5,1.5,1.5,1.5,0.5,0.5,1.5,0.5,1.5,2.5,2.5,2.5,2.5,2.5,2.5,2.5,2.5,2.5,2.5,2.5,2.5
-45.62507663,16.08798637,-133.7236486,0.5,1.5,2.5,2.5,2.5,2.5,2.5,2.5,1.5,0.5,0.5,1.5,2.5,2.5,0.5,1.5,2.5,2.5,2.5,2.5,0.5,1.5,1.5,0.5,1.5,0.5,1.5,0.5,0.5,1.5,0.5,1.5,2.5,2.5,2.5,2.5,2.5,2.5,2.5,2.5,0.5,1.5,2.5,2.5,2.5,2.5,2.5,2.5,2.5,2.5,2.5,2.5,1.5,0.5,1.5,0.5,1.5,1.5,1.5,1.5,0.5,1.5,0.5,1.5,2.5,2.5,2.5,2.5,2.5,2.5,2.5,2.5,2.5,2.5,2.5,2.5,2.5,2.5,2.5,2.5,2.5,2.5,2.5,2.5,2.5,2.5,2.5,2.5,2.5,2.5,2.5,2.5,2.5,2.5,2.5,2.5
45.05268175,-90.47807685,-160.2026132,0.5,1.5,2.5,2.5,2.5,2.5,2.5,2.5,1.5,0.5,0.5,1.5,0.5,1.5,1.5,0.5,1.5,0.5,1.5,0.5,2.5,2.5,0.5,1.5,2.5,2.5,2.5,2.5,0.5,1.5,0.5,1.5,2.5,2.5,2.5,2.5,2.5,2.5,2.5,2.5,0.5,1.5,2.5,2.5,2.5,2.5,2.5,2.5,2.5,2.5,2.5,2.5,0.5,1.5,2.5,2.5,2.5,2.5,2.5,2.5,2.5,2.5,2.5,2.5,2.5,2.5,2.5,2.5,2.5,2.5,2.5,2.5,1.5,0.5,0.5,1.5,2.5,2.5,2.5,2.5,2.5,2.5,2.5,2.5,1.5,1.5,0.5,1.5,0.5,1.5,0.5,1.5,0.5,1.5,1.5,1.5
-85.69227519,55.55151675,144.7186986,0.5,1.5,2.5,2.5,2.5,2.5,2.5,2.5,1.5,0.5,0.5,1.5,0.5,1.5,1.5,0.5,1.5,0.5,1.5,0.5,2.5,2.5,0.5,1.5,2.5,2.5,2.5,2.5,0.5,1.5,0.5,1.5,2.5,2.5,2.5,2.5,2.5,2.5,2.5,2.5,0.5,1.5,2.5,2.5,2.5,2.5,2.5,2.5,2.5,2.5,2.5,2.5,0.5,1.5,2.5,2.5,2.5,2.5,2.5,2.5,2.5,2.5,2.5,2.5,2.5,2.5,2.5,2.5,2.5,2.5,2.5,2.5,1.5,0.5,0.5,1.5,2.5,2.5,2.5,2.5,2.5,2.5,2.5,2.5,1.5,1.5,0.5,1.5,0.5,1.5,0.5,1.5,0.5,1.5,1.5,1.5
-40.25876887,42.34614893,10.89192373,0.5,1.5,2.5,2.5,2.5,2.5,2.5,2.5,1.5,0.5,0.5,1.5,2.5,2.5,0.5,1.5,2.5,2.5,2.5,2.5,2.5,2.5,0.5,1.5,2.5,2.5,2.5,2.5,0.5,1.5,0.5,1.5,2.5,2.5,2.5,2.5,2.5,2.5,2.5,2.5,0.5,1.5,2.5,2.5,2.5,2.5,2.5,2.5,2.5,2.5,2.5,2.5,0.5,1.5,2.5,2.5,2.5,2.5,2.5,2.5,2.5,2.5,2.5,2.5,2.5,2.5,2.5,2.5,2.5,2.5,2.5,2.5,1.5,0.5,1.5,0.5,1.5,1.5,1.5,1.5,0.5,1.5,0.5,1.5,2.5,2.5,2.5,2.5,2.5,2.5,2.5,2.5,2.5,2.5,2.5,2.5
13.24027559,96.99460095,120.7161151,0.5,1.5,2.5,2.5,0.5,1.5,2.5,2.5,1.5,0.5,1.5,0.5,2.5,2.5,0.5,1.5,2.5,2.5,2.5,2.5,0.5,1.5,1.5,0.5,1.5,0.5,1.5,0.5,0.5,1.5,1.5,0.5,0.5,1.5,2.5,2.5,2.5,2.5,2.5,2.5,1.5,0.5,1.5,0.5,0.5,1.5,2.5,2.5,2.5,2.5,2.5,2.5,1.5,0.5,0.5,1.5,2.5,2.5,2.5,2.5,2.5,2.5,2.5,2.5,1.5,1.5,1.5,1.5,0.5,1.5,0.5,1.5,2.5,2.5,2.5,2.5,2.5,2.5,2.5,2.5,2.5,2.5,2.5,2.5,2.5,2.5,2.5,2.5,2.5,2.5,2.5,2.5,2.5,2.5,2.5,2.5
-71.03726453,-36.62213748,10.95900513,0.5,1.5,2.5,2.5,2.5,2.5,2.5,2.5,1.5,0.5,0.5,1.5,2.5,2.5,0.5,1.5,2.5,2.5,2.5,2.5,2.5,2.5,0.5,1.5,2.5,2.5,2.5,2.5,0.5,1.5,0.5,1.5,2.5,2.5,2.5,2.5,2.5,2.5,2.5,2.5,0.5,1.5,2.5,2.5,2.5,2.5,2.5,2.5,2.5,2.5,2.5,2.5,0.5,1.5,2.5,2.5,2.5,2.5,2.5,2.5,2.5,2.5,2.5,2.5,2.5,2.5,2.5,2.5,2.5,2.5,2.5,2.5,1.5,0.5,1.5,0.5,1.5,1.5,1.5,1.5,0.5,1.5,0.5,1.5,2.5,2.5,2.5,2.5,2.5,2.5,2.5,2.5,2.5,2.5,2.5,2.5
-29.8939382,28.32335953,-158.8910642,0.5,1.5,2.5,2.5,2.5,2.5,2.5,2.5,1.5,0.5,0.5,1.5,2.5,2.5,0.5,1.5,2.5,2.5,2.5,2.5,0.5,1.5,1.5,0.5,1.5,0.5,1.5,0.5,0.5,1.5,0.5,1.5,2.5,2.5,2.5,2.5,2.5,2.5,2.5,2.5,0.5,1.5,2.5,2.5,2.5,2.5,2.5,2.5,2.5,2.5,2.5,2.5,1.5,0.5,1.5,0.5,1.5,1.5,1.5,1.5,0.5,1.5,0.5,1.5,2.5,2.5,2.5,2.5,2.5,2.5,2.5,2.5,2.5,2.5,2.5,2.5,2.5,2.5,2.5,2.5,2.5,2.5,2.5,2.5,2.5,2.5,2.5,2.5,2.5,2.5,2.5,2.5,2.5,2.5,2.5,2.5
-18.83724854,-97.51895022,164.2855036,0.5,1.5,2.5,2.5,0.5,1.5,2.5,2.5,1.5,0.5,1.5,0.5,2.5,2.5,0.5,1.5,2.5,2.5,2.5,2.5,0.5,1.5,1.5,0.5,1.5,0.5,1.5,0.5,0.5,1.5,1.5,0.5,0.5,1.5,2.5,2.5,2.5,2.5,2.5,2.5,1.5,0.5,1.5,0.5,0.5,1.5,2.5,2.5,2.5,2.5,2.5,2.5,1.5,0.5,0.5,1.5,2.5,2.5,2.5,2.5,2.5,2.5,2.5,2.5,1.5,1.5,1.5,1.5,0.5,1.5,0.5,1.5,2.5,2.5,2.5,2.5,2.5,2.5,2.5,2.5,2.5,2.5,2.5,2.5,2.5,2.5,2.5,2.5,2.5,2.5,2.5,2.5,2.5,2.5,2.5,2.5
88.39019724,82.47414324,37.19048262,0.5,1.5,2.5,2.5,2.5,2.5,2.5,2.5,1.5,0.5,0.5,1.5,2.5,2.5,0.5,1.5,2.5,2.5,2.5,2.5,2.5,2.5,0.5,1.5,2.5,2.5,2.5,2.5,0.5,1.5,0.5,1.5,2.5,2.5,2.5,2.5,2.5,2.5,2.5,2.5,0.5,1.5,2.5,2.5,2.5,2.5,2.5,2.5,2.5,2.5,2.5,2.5,1.5,0.5,1.5,0.5,1.5,1.5,1.5,1.5,0.5,1.5,0.5,1.5,2.5,2.5,2.5,2.5,2.5,2.5,2.5,2.5,2.5,2.5,2.5,2.5,2.5,2.5,2.5,2.5,2.5,2.5,2.5,2.5,2.5,2.5,2.5,2.5,2.5,2.5,2.5,2.5,2.5,2.5,2.5,2.5
50.38474709,73.61816784,141.805676,0.5,1.5,2.5,2.5,0.5,1.5,2.5,2.5,1.5,0.5,1.5,0.5,2.5,2.5,0.5,1.5,2.5,2.5,2.5,2.5,0.5,1.5,1.5,0.5,1.5,0.5,1.5,0.5,0.5,1.5,1.5,0.5,0.5,1.5,2.5,2.5,2.5,2.5,2.5,2.5,1.5,0.5,1.5,0.5,0.5,1.5,2.5,2.5,2.5,2.5,2.5,2.5,1.5,0.5,0.5,1.5,2.5,2.5,2.5,2.5,2.5,2.5,2.5,2.5,1.5,1.5,1.5,1.5,0.5,1.5,0.5,1.5,2.5,2.5,2.5,2.5,2.5,2.5,2.5,2.5,2.5,2.5,2.5,2.5,2.5,2.5,2.5,2.5,2.5,2.5,2.5,2.5,2.5,2.5,2.5,2.5
-24.671127319335938,38.254409790039055,86.41616821289062,1.5,2.5,0.5,0.5,1.5,2.5,0.5,0.5,2.5,1.5,2.5,1.5,0.5,0.5,1.5,2.5,0.5,0.5,0.5,0.5,0.5,0.5,1.5,2.5,0.5,0.5,0.5,0.5,2.5,1.5,0.5,0.5,0.5,0.5,0.5,0.5,0.5,0.5,0.5,0.5,0.5,0.5,0.5,0.5,0.5,0.5,0.5,0.5,0.5,0.5,0.5,0.5,0.5,0.5,0.5,0.5,0.5,0.5,0.5,0.5,0.5,0.5,0.5,0.5,0.5,0.5,0.5,0.5,0.5,0.5,0.5,0.5,0.5,0.5,0.5,0.5,0.5,0.5,0.5,0.5,0.5,0.5,0.5,0.5,0.5,0.5,0.5,0.5,0.5,0.5,0.5,0.5,0.5,0.5,0.5,0.5
-51.4785041809082,-39.28206634521484,-80.13426971435545,1.5,2.5,0.5,0.5,0.5,0.5,0.5,0.5,2.5,1.5,1.5,2.5,0.5,0.5,1.5,2.5,0.5,0.5,0.5,0.5,2.5,1.5,2.5,1.5,2.5,1.5,2.5,1.5,0.5,0.5,0.5,0.5,0.5,0.5,0.5,0.5,0.5,0.5,0.5,0.5,0.5,0.5,0.5,0.5,0.5,0.5,0.5,0.5,0.5,0.5,0.5,0.5,0.5,0.5,0.5,0.5,0.5,0.5,0.5,0.5,0.5,0.5,0.5,0.5,0.5,0.5,0.5,0.5,0.5,0.5,0.5,0.5,0.5,0.5,0.5,0.5,0.5,0.5,0.5,0.5,0.5,0.5,0.5,0.5,0.5,0.5,0.5,0.5,0.5,0.5,0.5,0.5,0.5,0.5,0.5,0.5
-23.88243865966797,-15.02545166015625,82.17254638671875,1.5,2.5,0.5,0.5,1.5,2.5,0.5,0.5,2.5,1.5,2.5,1.5,0.5,0.5,1.5,2.5,0.5,0.5,0.5,0.5,0.5,0.5,1.5,2.5,0.5,0.5,0.5,0.5,1.5,2.5,2.5,1.5,1.5,2.5,0.5,0.5,0.5,0.5,0.5,0.5,2.5,1.5,2.5,1.5,2.5,1.5,4.5,2.5,1.5,2.5,1.5,2.5,0.5,0.5,0.5,0.5,0.5,0.5,0.5,0.5,0.5,0.5,0.5,0.5,0.5,0.5,0.5,0.5,0.5,0.5,0.5,0.5,0.5,0.5,0.5,0.5,0.5,0.5,0.5,0.5,0.5,0.5,0.5,0.5,0.5,0.5,0.5,0.5,0.5,0.5,0.5,0.5,0.5,0.5,0.5,0.5
-24.99163818359376,39.19204711914063,91.4784240722656,1.5,2.5,0.5,0.5,1.5,2.5,0.5,0.5,2.5,1.5,2.5,1.5,0.5,0.5,1.5,2.5,0.5,0.5,0.5,0.5,0.5,0.5,1.5,2.5,0.5,0.5,0.5,0.5,1.5,2.5,2.5,1.5,1.5,2.5,0.5,0.5,0.5,0.5,0.5,0.5,2.5,1.5,2.5,1.5,2.5,1.5,3.5,2.5,1.5,2.5,1.5,2.5,0.5,0.5,0.5,0.5,0.5,0.5,0.5,0.5,0.5,0.5,0.5,0.5,0.5,0.5,0.5,0.5,0.5,0.5,0.5,0.5,0.5,0.5,0.5,0.5,0.5,0.5,0.5,0.5,0.5,0.5,0.5,0.5,0.5,0.5,0.5,0.5,0.5,0.5,0.5,0.5,0.5,0.5,0.5,0.5
-16.740127563476562,40.98277282714844,112.73855590820312,1.5,2.5,0.5,0.5,1.5,2.5,0.5,0.5,2.5,1.5,2.5,1.5,0.5,0.5,1.5,2.5,0.5,0.5,0.5,0.5,1.5,2.5,2.5,1.5,2.5,1.5,2.5,1.5,1.5,2.5,2.5,1.5,1.5,2.5,0.5,0.5,0.5,0.5,0.5,0.5,2.5,1.5,2.5,1.5,1.5,2.5,0.5,0.5,0.5,0.5,0.5,0.5,2.5,1.5,1.5,2.5,0.5,0.5,0.5,0.5,0.5,0.5,0.5,0.5,8.5,2.5,2.5,8.5,1.5,2.5,1.5,2.5,0.5,0.5,0.5,0.5,0.5,0.5,0.5,0.5,0.5,0.5,0.5,0.5,0.5,0.5,0.5,0.5,0.5,0.5,0.5,0.5,0.5,0.5,0.5,0.5
-25.040115356445312,39.989776611328125,95.74472045898436,1.5,2.5,0.5,0.5,1.5,2.5,0.5,0.5,2.5,1.5,2.5,1.5,0.5,0.5,1.5,2.5,0.5,0.5,0.5,0.5,0.5,0.5,1.5,2.5,0.5,0.5,0.5,0.5,1.5,2.5,2.5,1.5,1.5,2.5,0.5,0.5,0.5,0.5,0.5,0.5,2.5,1.5,2.5,1.5,2.5,1.5,4.5,2.5,1.5,2.5,1.5,2.5,0.5,0.5,0.5,0.5,0.5,0.5,0.5,0.5,0.5,0.5,0.5,0.5,0.5,0.5,0.5,0.5,0.5,0.5,0.5,0.5,0.5,0.5,0.5,0.5,0.5,0.5,0.5,0.5,0.5,0.5,0.5,0.5,0.5,0.5,0.5,0.5,0.5,0.5,0.5,0.5,0.5,0.5,0.5,0.5
-49.93056106567384,-33.44926452636719,-55.39915466308594,1.5,2.5,0.5,0.5,0.5,0.5,0.5,0.5,2.5,1.5,1.5,2.5,0.5,0.5,1.5,2.5,0.5,0.5,0.5,0.5,0.5,0.5,1.5,2.5,0.5,0.5,0.5,0.5,1.5,2.5,1.5,2.5,0.5,0.5,0.5,0.5,0.5,0.5,0.5,0.5,1.5,2.5,0.5,0.5,0.5,0.5,0.5,0.5,0.5,0.5,0.5,0.5,1.5,2.5,0.5,0.5,0.5,0.5,0.5,0.5,0.5,0.5,0.5,0.5,0.5,0.5,0.5,0.5,0.5,0.5,0.5,0.5,2.5,1.5,2.5,1.5,3.5,2.5,3.5,1.5,1.5,2.5,1.5,2.5,0.5,0.5,0.5,0.5,0.5,0.5,0.5,0.5,0.5,0.5,0.5,0.5
-17.279739379882812,19.90300750732421,33.08207702636719,1.5,2.5,0.5,0.5,0.5,0.5,0.5,0.5,2.5,1.5,1.5,2.5,0.5,0.5,1.5,2.5,0.5,0.5,0.5,0.5,0.5,0.5,1.5,2.5,0.5,0.5,0.5,0.5,1.5,2.5,1.5,2.5,0.5,0.5,0.5,0.5,0.5,0.5,0.5,0.5,1.5,2.5,0.5,0.5,0.5,0.5,0.5,0.5,0.5,0.5,0.5,0.5,1.5,2.5,0.5,0.5,0.5,0.5,0.5,0.5,0.5,0.5,0.5,0.5,0.5,0.5,0.5,0.5,0.5,0.5,0.5,0.5,2.5,1.5,2.5,1.5,6.5,2.5,6.5,1.5,1.5,2.5,1.5,2.5,0.5,0.5,0.5,0.5,0.5,0.5,0.5,0.5,0.5,0.5,0.5,0.5
-47.026275634765625,-28.278709411621094,-28.421661376953125,1.5,2.5,0.5,0.5,0.5,0.5,0.5,0.5,2.5,1.5,1.5,2.5,0.5,0.5,1.5,2.5,0.5,0.5,0.5,0.5,0.5,0.5,1.5,2.5,0.5,0.5,0.5,0.5,1.5,2.5,1.5,2.5,0.5,0.5,0.5,0.5,0.5,0.5,0.5,0.5,1.5,2.5,0.5,0.5,0.5,0.5,0.5,0.5,0.5,0.5,0.5,0.5,2.5,1.5,2.5,1.5,6.5,2.5,2.5,6.5,1.5,2.5,1.5,2.5,0.5,0.5,0.5,0.5,0.5,0.5,0.5,0.5,0.5,0.5,0.5,0.5,0.5,0.5,0.5,0.5,0.5,0.5,0.5,0.5,0.5,0.5,0.5,0.5,0.5,0.5,0.5,0.5,0.5,0.5,0.5,0.5
-24.45428466796876,41.862319946289055,102.18887329101562,1.5,2.5,0.5,0.5,0.5,0.5,0.5,0.5,2.5,1.5,1.5,2.5,0.5,0.5,1.5,2.5,0.5,0.5,0.5,0.5,0.5,0.5,1.5,2.5,0.5,0.5,0.5,0.5,1.5,2.5,1.5,2.5,0.5,0.5,0.5,0.5,0.5,0.5,0.5,0.5,1.5,2.5,0.5,0.5,0.5,0.5,0.5,0.5,0.5,0.5,0.5,0.5,2.5,1.5,2.5,1.5,6.5,2.5,2.5,6.5,1.5,2.5,1.5,2.5,0.5,0.5,0.5,0.5,0.5,0.5,0.5,0.5,0.5,0.5,0.5,0.5,0.5,0.5,0.5,0.5,0.5,0.5,0.5,0.5,0.5,0.5,0.5,0.5,0.5,0.5,0.5,0.5,0.5,0.5,0.5,0.5
36.03929138183594,34.55902099609375,121.2655029296875,0.5,1.5,2.5,2.5,2.5,2.5,2.5,2.5,1.5,0.5,0.5,1.5,2.5,2.5,0.5,1.5,2.5,2.5,2.5,2.5,1.5,0.5,1.5,0.5,1.5,0.5,1.5,0.5,2.5,2.5,2.5,2.5,2.5,2.5,2.5,2.5,2.5,2.5,2.5,2.5,2.5,2.5,2.5,2.5,2.5,2.5,2.5,2.5,2.5,2.5,2.5,2.5,2.5,2.5,2.5,2.5,2.5,2.5,2.5,2.5,2.5,2.5,2.5,2.5,2.5,2.5,2.5,2.5,2.5,2.5,2.5,2.5,2.5,2.5,2.5,2.5,2.5,2.5,2.5,2.5,2.5,2.5,2.5,2.5,2.5,2.5,2.5,2.5,2.5,2.5,2.5,2.5,2.5,2.5,2.5,2.5
37.111083984375,36.219329833984375,126.61395263671876,0.5,1.5,2.5,2.5,2.5,2.5,2.5,2.5,1.5,0.5,0.5,1.5,2.5,2.5,0.5,1.5,2.5,2.5,2.5,2.5,1.5,0.5,1.5,0.5,0.5,1.5,1.5,0.5,2.5,2.5,2.5,2.5,2.5,2.5,2.5,2.5,2.5,2.5,2.5,2.5,2.5,2.5,2.5,2.5,2.5,2.5,2.5,2.5,2.5,2.5,2.5,2.5,2.5,2.5,2.5,2.5,2.5,2.5,2.5,2.5,2.5,2.5,2.5,2.5,2.5,2.5,2.5,2.5,2.5,2.5,2.5,2.5,2.5,2.5,2.5,2.5,2.5,2.5,2.5,2.5,2.5,2.5,2.5,2.5,2.5,2.5,2.5,2.5,2.5,2.5,2.5,2.5,2.5,2.5,2.5,2.5
31.3050537109375,27.08685302734376,94.34890747070312,0.5,1.5,2.5,2.5,2.5,2.5,2.5,2.5,1.5,0.5,0.5,1.5,2.5,2.5,0.5,1.5,2.5,2.5,2.5,2.5,2.5,2.5,0.5,1.5,2.5,2.5,2.5,2.5,0.5,1.5,0.5,1.5,2.5,2.5,2.5,2.5,2.5,2.5,2.5,2.5,0.5,1.5,2.5,2.5,2.5,2.5,2.5,2.5,2.5,2.5,2.5,2.5,1.5,0.5,1.5,0.5,1.5,1.5,1.5,1.5,0.5,1.5,0.5,1.5,2.5,2.5,2.5,2.5,2.5,2.5,2.5,2.5,2.5,2.5,2.5,2.5,2.5,2.5,2.5,2.5,2.5,2.5,2.5,2.5,2.5,2.5,2.5,2.5,2.5,2.5,2.5,2.5,2.5,2.5,2.5,2.5
17.167213439941406,13.993728637695312,-83.62088012695312,0.5,1.5,2.5,2.5,2.5,2.5,2.5,2.5,1.5,0.5,0.5,1.5,2.5,2.5,0.5,1.5,2.5,2.5,2.5,2.5,2.5,2.5,0.5,1.5,2.5,2.5,2.5,2.5,0.5,1.5,0.5,1.5,2.5,2.5,2.5,2.5,2.5,2.5,2.5,2.5,0.5,1.5,2.5,2.5,2.5,2.5,2.5,2.5,2.5,2.5,2.5,2.5,0.5,1.5,2.5,2.5,2.5,2.5,2.5,2.5,2.5,2.5,2.5,2.5,2.5,2.5,2.5,2.5,2.5,2.5,2.5,2.5,0.5,1.5,2.5,2.5,1.5,1.5,1.5,0.5,0.5,1.5,0.5,1.5,2.5,2.5,2.5,2.5,2.5,2.5,2.5,2.5,2.5,2.5,2.5,2.5
22.14183807373047,30.428283691406246,9.720703125,0.5,1.5,2.5,2.5,0.5,1.5,2.5,2.5,1.5,0.5,1.5,0.5,2.5,2.5,0.5,1.5,2.5,2.5,2.5,2.5,2.5,2.5,0.5,1.5,2.5,2.5,2.5,2.5,0.5,1.5,1.5,0.5,0.5,1.5,2.5,2.5,2.5,2.5,2.5,2.5,1.5,0.5,1.5,0.5,1.5,0.5,1.5,1.5,0.5,1.5,0.5,1.5,2.5,2.5,2.5,2.5,2.5,2.5,2.5,2.5,2.5,2.5,2.5,2.5,2.5,2.5,2.5,2.5,2.5,2.5,2.5,2.5,2.5,2.5,2.5,2.5,2.5,2.5,2.5,2.5,2.5,2.5,2.5,2.5,2.5,2.5,2.5,2.5,2.5,2.5,2.5,2.5,2.5,2.5,2.5,2.5
28.163330078125,23.74748992919921,81.8975830078125,0.5,1.5,2.5,2.5,2.5,2.5,2.5,2.5,1.5,0.5,0.5,1.5,2.5,2.5,0.5,1.5,2.5,2.5,2.5,2.5,2.5,2.5,0.5,1.5,2.5,2.5,2.5,2.5,0.5,1.5,0.5,1.5,2.5,2.5,2.5,2.5,2.5,2.5,2.5,2.5,0.5,1.5,2.5,2.5,2.5,2.5,2.5,2.5,2.5,2.5,2.5,2.5,1.5,0.5,1.5,0.5,1.5,1.5,1.5,1.5,0.5,1.5,0.5,1.5,2.5,2.5,2.5,2.5,2.5,2.5,2.5,2.5,2.5,2.5,2.5,2.5,2.5,2.5,2.5,2.5,2.5,2.5,2.5,2.5,2.5,2.5,2.5,2.5,2.5,2.5,2.5,2.5,2.5,2.5,2.5,2.5
20.67961883544921,18.40570068359376,-60.01921081542969,0.5,1.5,2.5,2.5,2.5,2.5,2.5,2.5,1.5,0.5,0.5,1.5,2.5,2.5,0.5,1.5,2.5,2.5,2.5,2.5,2.5,2.5,0.5,1.5,2.5,2.5,2.5,2.5,0.5,1.5,0.5,1.5,2.5,2.5,2.5,2.5,2.5,2.5,2.5,2.5,0.5,1.5,2.5,2.5,2.5,2.5,2.5,2.5,2.5,2.5,2.5,2.5,0.5,1.5,2.5,2.5,2.5,2.5,2.5,2.5,2.5,2.5,2.5,2.5,2.5,2.5,2.5,2.5,2.5,2.5,2.5,2.5,0.5,1.5,2.5,2.5,1.5,1.5,1.5,0.5,0.5,1.5,0.5,1.5,2.5,2.5,2.5,2.5,2.5,2.5,2.5,2.5,2.5,2.5,2.5,2.5
15.624496459960936,38.070068359375,48.54646301269531,0.5,1.5,2.5,2.5,0.5,1.5,2.5,2.5,1.5,0.5,1.5,0.5,2.5,2.5,0.5,1.5,2.5,2.5,2.5,2.5,2.5,2.5,0.5,1.5,2.5,2.5,2.5,2.5,0.5,1.5,1.5,0.5,0.5,1.5,2.5,2.5,2.5,2.5,2.5,2.5,1.5,0.5,1.5,0.5,0.5,1.5,2.5,2.5,2.5,2.5,2.5,2.5,1.5,0.5,0.5,1.5,2.5,2.5,2.5,2.5,2.5,2.5,2.5,2.5,1.5,1.5,1.5,1.5,0.5,1.5,0.5,1.5,2.5,2.5,2.5,2.5,2.5,2.5,2.5,2.5,2.5,2.5,2.5,2.5,2.5,2.5,2.5,2.5,2.5,2.5,2.5,2.5,2.5,2.5,2.5,2.5
20.47543334960937,17.940689086914062,-63.16574096679688,0.5,1.5,2.5,2.5,2.5,2.5,2.5,2.5,1.5,0.5,0.5,1.5,2.5,2.5,0.5,1.5,2.5,2.5,2.5,2.5,2.5,2.5,0.5,1.5,2.5,2.5,2.5,2.5,0.5,1.5,0.5,1.5,2.5,2.5,2.5,2.5,2.5,2.5,2.5,2.5,0.5,1.5,2.5,2.5,2.5,2.5,2.5,2.5,2.5,2.5,2.5,2.5,0.5,1.5,2.5,2.5,2.5,2.5,2.5,2.5,2.5,2.5,2.5,2.5,2.5,2.5,2.5,2.5,2.5,2.5,2.5,2.5,0.5,1.5,2.5,2.5,1.5,1.5,1.5,0.5,0.5,1.5,0.5,1.5,2.5,2.5,2.5,2.5,2.5,2.5,2.5,2.5,2.5,2.5,2.5,2.5
4.0308685302734375,35.26365661621094,117.94927978515624,0.5,1.5,2.5,2.5,0.5,1.5,2.5,2.5,1.5,0.5,1.5,0.5,2.5,2.5,0.5,1.5,2.5,2.5,2.5,2.5,0.5,1.5,1.5,0.5,1.5,0.5,1.5,0.5,0.5,1.5,1.5,0.5,0.5,1.5,2.5,2.5,2.5,2.5,2.5,2.5,1.5,0.5,1.5,0.5,0.5,1.5,2.5,2.5,2.5,2.5,2.5,2.5,1.5,0.5,0.5,1.5,2.5,2.5,2.5,2.5,2.5,2.5,2.5,2.5,1.5,1.5,1.5,1.5,0.5,1.5,0.5,1.5,2.5,2.5,2.5,2.5,2.5,2.5,2.5,2.5,2.5,2.5,2.5,2.5,2.5,2.5,2.5,2.5,2.5,2.5,2.5,2.5,2.5,2.5,2.5,2.5
-39.91875457763672,68.76441955566406,116.738525390625,0.5,1.5,2.5,2.5,2.5,2.5,2.5,2.5,1.5,0.5,0.5,1.5,0.5,1.5,1.5,0.5,1.5,0.5,1.5,0.5,2.5,2.5,0.5,1.5,2.5,2.5,2.5,2.5,0.5,1.5,0.5,1.5,2.5,2.5,2.5,2.5,2.5,2.5,2.5,2.5,0.5,1.5,2.5,2.5,2.5,2.5,2.5,2.5,2.5,2.5,2.5,2.5,0.5,1.5,2.5,2.5,2.5,2.5,2.5,2.5,2.5,2.5,2.5,2.5,2.5,2.5,2.5,2.5,2.5,2.5,2.5,2.5,1.5,0.5,0.5,1.5,2.5,2.5,2.5,2.5,2.5,2.5,2.5,2.5,1.5,1.5,0.5,1.5,0.5,1.5,0.5,1.5,0.5,1.5,1.5,1.5
8.355690002441406,13.649795532226562,123.83126831054688,0.5,1.5,2.5,2.5,0.5,1.5,2.5,2.5,1.5,0.5,1.5,0.5,2.5,2.5,0.5,1.5,2.5,2.5,2.5,2.5,1.5,0.5,1.5,0.5,1.5,0.5,1.5,0.5,2.5,2.5,2.5,2.5,2.5,2.5,2.5,2.5,2.5,2.5,2.5,2.5,2.5,2.5,2.5,2.5,2.5,2.5,2.5,2.5,2.5,2.5,2.5,2.5,2.5,2.5,2.5,2.5,2.5,2.5,2.5,2.5,2.5,2.5,2.5,2.5,2.5,2.5,2.5,2.5,2.5,2.5,2.5,2.5,2.5,2.5,2.5,2.5,2.5,2.5,2.5,2.5,2.5,2.5,2.5,2.5,2.5,2.5,2.5,2.5,2.5,2.5,2.5,2.5,2.5,2.5,2.5,2.5
12.339126586914062,2.071617126464844,122.08013916015624,1.5,0.5,0.5,1.5,2.5,2.5,2.5,2.5,1.5,0.5,0.5,1.5,2.5,2.5,0.5,1.5,2.5,2.5,2.5,2.5,0.5,1.5,1.5,0.5,1.5,0.5,1.5,0.5,0.5,1.5,0.5,1.5,2.5,2.5,2.5,2.5,2.5,2.5,2.5,2.5,0.5,1.5,2.5,2.5,2.5,2.5,2.5,2.5,2.5,2.5,2.5,2.5,1.5,0.5,1.5,0.5,1.5,1.5,1.5,1.5,0.5,1.5,0.5,1.5,2.5,2.5,2.5,2.5,2.5,2.5,2.5,2.5,2.5,2.5,2.5,2.5,2.5,2.5,2.5,2.5,2.5,2.5,2.5,2.5,2.5,2.5,2.5,2.5,2.5,2.5,2.5,2.5,2.5,2.5,2.5,2.5
4.395523071289063,29.44906616210937,117.569580078125,0.5,1.5,2.5,2.5,0.5,1.5,2.5,2.5,1.5,0.5,1.5,0.5,2.5,2.5,0.5,1.5,2.5,2.5,2.5,2.5,0.5,1.5,1.5,0.5,1.5,0.5,1.5,0.5,0.5,1.5,1.5,0.5,0.5,1.5,2.5,2.5,2.5,2.5,2.5,2.5,1.5,0.5,1.5,0.5,0.5,1.5,2.5,2.5,2.5,2.5,2.5,2.5,1.5,0.5,0.5,1.5,2.5,2.5,2.5,2.5,2.5,2.5,2.5,2.5,1.5,1.5,1.5,1.5,0.5,1.5,0.5,1.5,2.5,2.5,2.5,2.5,2.5,2.5,2.5,2.5,2.5,2.5,2.5,2.5,2.5,2.5,2.5,2.5,2.5,2.5,2.5,2.5,2.5,2.5,2.5,2.5
13.249542236328123,85.56001281738281,118.54916381835936,0.5,1.5,2.5,2.5,0.5,1.5,2.5,2.5,1.5,0.5,1.5,0.5,2.5,2.5,0.5,1.5,2.5,2.5,2.5,2.5,0.5,1.5,1.5,0.5,1.5,0.5,1.5,0.5,0.5,1.5,1.5,0.5,0.5,1.5,2.5,2.5,2.5,2.5,2.5,2.5,1.5,0.5,1.5,0.5,0.5,1.5,2.5,2.5,2.5,2.5,2.5,2.5,1.5,0.5,0.5,1.5,2.5,2.5,2.5,2.5,2.5,2.5,2.5,2.5,1.5,1.5,1.5,1.5,0.5,1.5,0.5,1.5,2.5,2.5,2.5,2.5,2.5,2.5,2.5,2.5,2.5,2.5,2.5,2.5,2.5,2.5,2.5,2.5,2.5,2.5,2.5,2.5,2.5,2.5,2.5,2.5
12.334465026855469,84.33525085449217,100.42343139648436,0.5,1.5,2.5,2.5,0.5,1.5,2.5,2.5,1.5,0.5,1.5,0.5,2.5,2.5,0.5,1.5,2.5,2.5,2.5,2.5,0.5,1.5,1.5,0.5,1.5,0.5,1.5,0.5,0.5,1.5,1.5,0.5,0.5,1.5,2.5,2.5,2.5,2.5,2.5,2.5,1.5,0.5,1.5,0.5,0.5,1.5,2.5,2.5,2.5,2.5,2.5,2.5,1.5,0.5,0.5,1.5,2.5,2.5,2.5,2.5,2.5,2.5,2.5,2.5,1.5,1.5,1.5,1.5,0.5,1.5,0.5,1.5,2.5,2.5,2.5,2.5,2.5,2.5,2.5,2.5,2.5,2.5,2.5,2.5,2.5,2.5,2.5,2.5,2.5,2.5,2.5,2.5,2.5,2.5,2.5,2.5
12.615776062011719,85.37847900390625,113.77862548828124,0.5,1.5,2.5,2.5,0.5,1.5,2.5,2.5,1.5,0.5,1.5,0.5,2.5,2.5,0.5,1.5,2.5,2.5,2.5,2.5,0.5,1.5,1.5,0.5,1.5,0.5,1.5,0.5,0.5,1.5,1.5,0.5,0.5,1.5,2.5,2.5,2.5,2.5,2.5,2.5,1.5,0.5,1.5,0.5,0.5,1.5,2.5,2.5,2.5,2.5,2.5,2.5,1.5,0.5,0.5,1.5,2.5,2.5,2.5,2.5,2.5,2.5,2.5,2.5,1.5,1.5,1.5,1.5,0.5,1.5,0.5,1.5,2.5,2.5,2.5,2.5,2.5,2.5,2.5,2.5,2.5,2.5,2.5,2.5,2.5,2.5,2.5,2.5,2.5,2.5,2.5,2.5,2.5,2.5,2.5,2.5
-5.153434753417969,2.622749328613281,-89.01517486572266,1.5,0.5,1.5,0.5,2.5,2.5,1.5,0.5,1.5,0.5,0.5,1.5,2.5,2.5,0.5,1.5,2.5,2.5,2.5,2.5,2.5,2.5,0.5,1.5,2.5,2.5,2.5,2.5,0.5,1.5,0.5,1.5,2.5,2.5,2.5,2.5,2.5,2.5,2.5,2.5,0.5,1.5,2.5,2.5,2.5,2.5,2.5,2.5,2.5,2.5,2.5,2.5,1.5,0.5,1.5,0.5,1.5,1.5,1.5,1.5,0.5,1.5,0.5,1.5,2.5,2.5,2.5,2.5,2.5,2.5,2.5,2.5,2.5,2.5,2.5,2.5,2.5,2.5,2.5,2.5,2.5,2.5,2.5,2.5,2.5,2.5,2.5,2.5,2.5,2.5,2.5,2.5,2.5,2.5,2.5,2.5
12.9520263671875,83.80244445800781,99.18820190429688,0.5,1.5,2.5,2.5,0.5,1.5,2.5,2.5,1.5,0.5,1.5,0.5,2.5,2.5,0.5,1.5,2.5,2.5,2.5,2.5,2.5,2.5,0.5,1.5,2.5,2.5,2.5,2.5,0.5,1.5,1.5,0.5,0.5,1.5,2.5,2.5,2.5,2.5,2.5,2.5,1.5,0.5,1.5,0.5,0.5,1.5,2.5,2.5,2.5,2.5,2.5,2.5,1.5,0.5,0.5,1.5,2.5,2.5,2.5,2.5,2.5,2.5,2.5,2.5,1.5,1.5,1.5,1.5,0.5,1.5,0.5,1.5,2.5,2.5,2.5,2.5,2.5,2.5,2.5,2.5,2.5,2.5,2.5,2.5,2.5,2.5,2.5,2.5,2.5,2.5,2.5,2.5,2.5,2.5,2.5,2.5
15.785537719726562,68.00186157226562,134.724365234375,0.5,1.5,2.5,2.5,0.5,1.5,2.5,2.5,1.5,0.5,1.5,0.5,2.5,2.5,0.5,1.5,2.5,2.5,2.5,2.5,0.5,1.5,1.5,0.5,1.5,0.5,1.5,0.5,0.5,1.5,1.5,0.5,0.5,1.5,2.5,2.5,2.5,2.5,2.5,2.5,1.5,0.5,1.5,0.5,0.5,1.5,2.5,2.5,2.5,2.5,2.5,2.5,1.5,0.5,0.5,1.5,2.5,2.5,2.5,2.5,2.5,2.5,2.5,2.5,1.5,1.5,1.5,1.5,0.5,1.5,0.5,1.5,2.5,2.5,2.5,2.5,2.5,2.5,2.5,2.5,2.5,2.5,2.5,2.5,2.5,2.5,2.5,2.5,2.5,2.5,2.5,2.5,2.5,2.5,2.5,2.5
12.491989135742188,84.47077941894531,101.1815185546875,0.5,1.5,2.5,2.5,0.5,1.5,2.5,2.5,1.5,0.5,1.5,0.5,2.5,2.5,0.5,1.5,2.5,2.5,2.5,2.5,0.5,1.5,1.5,0.5,1.5,0.5,1.5,0.5,0.5,1.5,1.5,0.5,0.5,1.5,2.5,2.5,2.5,2.5,2.5,2.5,1.5,0.5,1.5,0.5,0.5,1.5,2.5,2.5,2.5,2.5,2.5,2.5,1.5,0.5,0.5,1.5,2.5,2.5,2.5,2.5,2.5,2.5,2.5,2.5,1.5,1.5,1.5,1.5,0.5,1.5,0.5,1.5,2.5,2.5,2.5,2.5,2.5,2.5,2.5,2.5,2.5,2.5,2.5,2.5,2.5,2.5,2.5,2.5,2.5,2.5,2.5,2.5,2.5,2.5,2.5,2.5
12.523529052734377,85.23103332519531,110.65811157226562,0.5,1.5,2.5,2.5,0.5,1.5,2.5,2.5,1.5,0.5,1.5,0.5,2.5,2.5,0.5,1.5,2.5,2.5,2.5,2.5,0.5,1.5,1.5,0.5,1.5,0.5,1.5,0.5,0.5,1.5,1.5,0.5,0.5,1.5,2.5,2.5,2.5,2.5,2.5,2.5,1.5,0.5,1.5,0.5,0.5,1.5,2.5,2.5,2.5,2.5,2.5,2.5,1.5,0.5,0.5,1.5,2.5,2.5,2.5,2.5,2.5,2.5,2.5,2.5,1.5,1.5,1.5,1.5,0.5,1.5,0.5,1.5,2.5,2.5,2.5,2.5,2.5,2.5,2.5,2.5,2.5,2.5,2.5,2.5,2.5,2.5,2.5,2.5,2.5,2.5,2.5,2.5,2.5,2.5,2.5,2.5
16.14405059814453,69.74609375,132.0050048828125,0.5,1.5,2.5,2.5,0.5,1.5,2.5,2.5,1.5,0.5,1.5,0.5,2.5,2.5,0.5,1.5,2.5,2.5,2.5,2.5,0.5,1.5,1.5,0.5,1.5,0.5,1.5,0.5,0.5,1.5,1.5,0.5,0.5,1.5,2.5,2.5,2.5,2.5,2.5,2.5,1.5,0.5,1.5,0.5,0.5,1.5,2.5,2.5,2.5,2.5,2.5,2.5,1.5,0.5,0.5,1.5,2.5,2.5,2.5,2.5,2.5,2.5,2.5,2.5,1.5,1.5,1.5,1.5,0.5,1.5,0.5,1.5,2.5,2.5,2.5,2.5,2.5,2.5,2.5,2.5,2.5,2.5,2.5,2.5,2.5,2.5,2.5,2.5,2.5,2.5,2.5,2.5,2.5,2.5,2.5,2.5
12.585220336914062,85.3670196533203,113.55413818359376,0.5,1.5,2.5,2.5,0.5,1.5,2.5,2.5,1.5,0.5,1.5,0.5,2.5,2.5,0.5,1.5,2.5,2.5,2.5,2.5,0.5,1.5,1.5,0.5,1.5,0.5,1.5,0.5,0.5,1.5,1.5,0.5,0.5,1.5,2.5,2.5,2.5,2.5,2.5,2.5,1.5,0.5,1.5,0.5,0.5,1.5,2.5,2.5,2.5,2.5,2.5,2.5,1.5,0.5,0.5,1.5,2.5,2.5,2.5,2.5,2.5,2.5,2.5,2.5,1.5,1.5,1.5,1.5,0.5,1.5,0.5,1.5,2.5,2.5,2.5,2.5,2.5,2.5,2.5,2.5,2.5,2.5,2.5,2.5,2.5,2.5,2.5,2.5,2.5,2.5,2.5,2.5,2.5,2.5,2.5,2.5
