a,b,x,b449,b450,b451,b452,b453,b454,b455,b456,b457,b458,b459,b460,b461,b462,b463,b464,b465,b466,b467,b468,b469,b470,b471,b472,b473,b474,b475,b476,b477,b478,b479,b480,b481,b482,b483,b484,b485,b486,b487,b488,b489,b490
39.96827093,-32.99922646,150.4820883,1.5,2.5,1.5,2.5,1.5,2.5,1.5,2.5,2.5,1.5,2.5,1.5,2.5,1.5,0.5,0.5,0.5,0.5,0.5,0.5,0.5,0.5,0.5,0.5,0.5,0.5,0.5,0.5,0.5,0.5,0.5,0.5,0.5,0.5,0.5,0.5,0.5,0.5,0.5,0.5,0.5,0.5
98.4225251,-66.67973247,184.7299414,1.5,2.5,1.5,2.5,1.5,2.5,1.5,2.5,2.5,1.5,2.5,1.5,2.5,1.5,0.5,0.5,0.5,0.5,0.5,0.5,0.5,0.5,0.5,0.5,0.5,0.5,0.5,0.5,0.5,0.5,0.5,0.5,0.5,0.5,0.5,0.5,0.5,0.5,0.5,0.5,0.5,0.5
52.82245332,85.82854491,58.36193615,1.5,2.5,1.5,2.5,1.5,2.5,1.5,2.5,1.5,2.5,0.5,0.5,0.5,0.5,1.5,2.5,0.5,0.5,0.5,0.5,0.5,0.5,1.5,2.5,0.5,0.5,0.5,0.5,0.5,0.5,1.5,2.5,0.5,0.5,1.5,2.5,0.5,0.5,0.5,0.5,0.5,0.5
40.38330895,43.84841554,-28.59128281,1.5,2.5,1.5,2.5,1.5,2.5,1.5,2.5,1.5,2.5,0.5,0.5,0.5,0.5,1.5,2.5,0.5,0.5,0.5,0.5,0.5,0.5,1.5,2.5,0.5,0.5,0.5,0.5,0.5,0.5,1.5,2.5,0.5,0.5,1.5,2.5,0.5,0.5,0.5,0.5,0.5,0.5
66.63244283,-79.14489206,88.47212023,1.5,2.5,1.5,2.5,1.5,2.5,1.5,2.5,2.5,1.5,2.5,1.5,2.5,1.5,0.5,0.5,0.5,0.5,0.5,0.5,0.5,0.5,0.5,0.5,0.5,0.5,0.5,0.5,0.5,0.5,0.5,0.5,0.5,0.5,0.5,0.5,0.5,0.5,0.5,0.5,0.5,0.5
20.99591393,79.92574707,-46.41864279,1.5,2.5,1.5,2.5,1.5,2.5,1.5,2.5,1.5,2.5,0.5,0.5,0.5,0.5,1.5,2.5,0.5,0.5,0.5,0.5,0.5,0.5,1.5,2.5,0.5,0.5,0.5,0.5,0.5,0.5,1.5,2.5,0.5,0.5,1.5,2.5,0.5,0.5,0.5,0.5,0.5,0.5
67.0242195,66.31303432,-73.57095432,1.5,2.5,1.5,2.5,1.5,2.5,1.5,2.5,1.5,2.5,0.5,0.5,0.5,0.5,1.5,2.5,0.5,0.5,0.5,0.5,0.5,0.5,1.5,2.5,0.5,0.5,0.5,0.5,0.5,0.5,1.5,2.5,0.5,0.5,1.5,2.5,0.5,0.5,0.5,0.5,0.5,0.5
-92.67868059,72.79280771,112.3890793,1.5,2.5,1.5,2.5,1.5,2.5,1.5,2.5,1.5,2.5,0.5,0.5,0.5,0.5,2.5,1.5,1.5,2.5,1.5,2.5,1.5,2.5,1.5,2.5,0.5,0.5,0.5,0.5,0.5,0.5,2.5,1.5,1.5,2.5,2.5,1.5,2.5,1.5,1.5,2.5,1.5,2.5
51.47220546,-67.90192637,-84.99005519,1.5,2.5,1.5,2.5,1.5,2.5,1.5,2.5,2.5,1.5,2.5,1.5,2.5,1.5,0.5,0.5,0.5,0.5,0.5,0.5,0.5,0.5,0.5,0.5,0.5,0.5,0.5,0.5,0.5,0.5,0.5,0.5,0.5,0.5,0.5,0.5,0.5,0.5,0.5,0.5,0.5,0.5
73.88330152,-13.56239804,188.8530353,1.5,2.5,1.5,2.5,1.5,2.5,1.5,2.5,2.5,1.5,2.5,1.5,2.5,1.5,0.5,0.5,0.5,0.5,0.5,0.5,0.5,0.5,0.5,0.5,0.5,0.5,0.5,0.5,0.5,0.5,0.5,0.5,0.5,0.5,0.5,0.5,0.5,0.5,0.5,0.5,0.5,0.5
74.76002803,36.06991204,126.6641106,1.5,2.5,1.5,2.5,1.5,2.5,1.5,2.5,1.5,2.5,0.5,0.5,0.5,0.5,2.5,1.5,1.5,2.5,1.5,2.5,1.5,2.5,1.5,2.5,0.5,0.5,0.5,0.5,0.5,0.5,1.5,2.5,0.5,0.5,1.5,2.5,0.5,0.5,0.5,0.5,0.5,0.5
-4.09750756,10.25914151,30.96294918,1.5,2.5,1.5,2.5,1.5,2.5,1.5,2.5,1.5,2.5,0.5,0.5,0.5,0.5,1.5,2.5,0.5,0.5,0.5,0.5,0.5,0.5,1.5,2.5,0.5,0.5,0.5,0.5,0.5,0.5,2.5,1.5,1.5,2.5,2.5,1.5,2.5,1.5,1.5,2.5,1.5,2.5
27.97677248,16.49369087,176.0364412,1.5,2.5,1.5,2.5,1.5,2.5,1.5,2.5,1.5,2.5,0.5,0.5,0.5,0.5,2.5,1.5,1.5,2.5,1.5,2.5,1.5,2.5,1.5,2.5,0.5,0.5,0.5,0.5,0.5,0.5,1.5,2.5,0.5,0.5,1.5,2.5,0.5,0.5,0.5,0.5,0.5,0.5
-30.36006224,11.5312857,101.3646335,1.5,2.5,1.5,2.5,1.5,2.5,1.5,2.5,1.5,2.5,0.5,0.5,0.5,0.5,2.5,1.5,1.5,2.5,1.5,2.5,1.5,2.5,1.5,2.5,0.5,0.5,0.5,0.5,0.5,0.5,2.5,1.5,1.5,2.5,2.5,1.5,2.5,1.5,1.5,2.5,1.5,2.5
33.62172851,-45.01276568,-9.887555257,1.5,2.5,1.5,2.5,1.5,2.5,1.5,2.5,2.5,1.5,2.5,1.5,2.5,1.5,0.5,0.5,0.5,0.5,0.5,0.5,0.5,0.5,0.5,0.5,0.5,0.5,0.5,0.5,0.5,0.5,0.5,0.5,0.5,0.5,0.5,0.5,0.5,0.5,0.5,0.5,0.5,0.5
44.08488203,-62.51712699,168.9034388,1.5,2.5,1.5,2.5,1.5,2.5,1.5,2.5,2.5,1.5,2.5,1.5,2.5,1.5,0.5,0.5,0.5,0.5,0.5,0.5,0.5,0.5,0.5,0.5,0.5,0.5,0.5,0.5,0.5,0.5,0.5,0.5,0.5,0.5,0.5,0.5,0.5,0.5,0.5,0.5,0.5,0.5
33.46627296,-13.38103227,-103.6278597,1.5,2.5,1.5,2.5,1.5,2.5,1.5,2.5,2.5,1.5,2.5,1.5,2.5,1.5,0.5,0.5,0.5,0.5,0.5,0.5,0.5,0.5,0.5,0.5,0.5,0.5,0.5,0.5,0.5,0.5,0.5,0.5,0.5,0.5,0.5,0.5,0.5,0.5,0.5,0.5,0.5,0.5
84.2738588,-33.77686857,182.794628,1.5,2.5,1.5,2.5,1.5,2.5,1.5,2.5,2.5,1.5,2.5,1.5,2.5,1.5,0.5,0.5,0.5,0.5,0.5,0.5,0.5,0.5,0.5,0.5,0.5,0.5,0.5,0.5,0.5,0.5,0.5,0.5,0.5,0.5,0.5,0.5,0.5,0.5,0.5,0.5,0.5,0.5
-42.60179996,76.56007059,67.32499648,1.5,2.5,1.5,2.5,1.5,2.5,1.5,2.5,1.5,2.5,0.5,0.5,0.5,0.5,1.5,2.5,0.5,0.5,0.5,0.5,0.5,0.5,1.5,2.5,0.5,0.5,0.5,0.5,0.5,0.5,2.5,1.5,1.5,2.5,2.5,1.5,2.5,1.5,1.5,2.5,1.5,2.5
1.00931987,84.38956765,144.5194285,1.5,2.5,1.5,2.5,1.5,2.5,1.5,2.5,1.5,2.5,0.5,0.5,0.5,0.5,2.5,1.5,1.5,2.5,2.5,1.5,1.5,2.5,1.5,2.5,0.5,0.5,0.5,0.5,0.5,0.5,1.5,2.5,0.5,0.5,1.5,2.5,0.5,0.5,0.5,0.5,0.5,0.5
-94.80738706,89.81805101,57.65984044,1.5,2.5,1.5,2.5,1.5,2.5,1.5,2.5,1.5,2.5,0.5,0.5,0.5,0.5,1.5,2.5,0.5,0.5,0.5,0.5,0.5,0.5,1.5,2.5,0.5,0.5,0.5,0.5,0.5,0.5,2.5,1.5,1.5,2.5,2.5,1.5,2.5,1.5,1.5,2.5,1.5,2.5
57.76753097,-38.27094854,-54.06835888,1.5,2.5,1.5,2.5,1.5,2.5,1.5,2.5,2.5,1.5,2.5,1.5,2.5,1.5,0.5,0.5,0.5,0.5,0.5,0.5,0.5,0.5,0.5,0.5,0.5,0.5,0.5,0.5,0.5,0.5,0.5,0.5,0.5,0.5,0.5,0.5,0.5,0.5,0.5,0.5,0.5,0.5
-45.85811809,53.66643746,115.828221,1.5,2.5,1.5,2.5,1.5,2.5,1.5,2.5,1.5,2.5,0.5,0.5,0.5,0.5,2.5,1.5,1.5,2.5,1.5,2.5,1.5,2.5,1.5,2.5,0.5,0.5,0.5,0.5,0.5,0.5,2.5,1.5,1.5,2.5,2.5,1.5,2.5,1.5,1.5,2.5,1.5,2.5
-78.7967999,75.12955787,190.8925079,1.5,2.5,1.5,2.5,1.5,2.5,1.5,2.5,1.5,2.5,0.5,0.5,0.5,0.5,2.5,1.5,1.5,2.5,1.5,2.5,1.5,2.5,1.5,2.5,0.5,0.5,0.5,0.5,0.5,0.5,2.5,1.5,1.5,2.5,2.5,1.5,2.5,1.5,1.5,2.5,1.5,2.5
80.92384706,-72.60120493,-33.93756201,1.5,2.5,1.5,2.5,1.5,2.5,1.5,2.5,2.5,1.5,2.5,1.5,2.5,1.5,0.5,0.5,0.5,0.5,0.5,0.5,0.5,0.5,0.5,0.5,0.5,0.5,0.5,0.5,0.5,0.5,0.5,0.5,0.5,0.5,0.5,0.5,0.5,0.5,0.5,0.5,0.5,0.5
22.71567984,-66.69224751,-126.7511408,1.5,2.5,1.5,2.5,1.5,2.5,1.5,2.5,2.5,1.5,2.5,1.5,2.5,1.5,0.5,0.5,0.5,0.5,0.5,0.5,0.5,0.5,0.5,0.5,0.5,0.5,0.5,0.5,0.5,0.5,0.5,0.5,0.5,0.5,0.5,0.5,0.5,0.5,0.5,0.5,0.5,0.5
47.58254313,-30.0390895,-96.50958897,1.5,2.5,1.5,2.5,1.5,2.5,1.5,2.5,2.5,1.5,2.5,1.5,2.5,1.5,0.5,0.5,0.5,0.5,0.5,0.5,0.5,0.5,0.5,0.5,0.5,0.5,0.5,0.5,0.5,0.5,0.5,0.5,0.5,0.5,0.5,0.5,0.5,0.5,0.5,0.5,0.5,0.5
52.73338667,-64.7771584,-45.92592444,1.5,2.5,1.5,2.5,1.5,2.5,1.5,2.5,2.5,1.5,2.5,1.5,2.5,1.5,0.5,0.5,0.5,0.5,0.5,0.5,0.5,0.5,0.5,0.5,0.5,0.5,0.5,0.5,0.5,0.5,0.5,0.5,0.5,0.5,0.5,0.5,0.5,0.5,0.5,0.5,0.5,0.5
37.95721562,-84.76239684,102.8808345,1.5,2.5,1.5,2.5,1.5,2.5,1.5,2.5,2.5,1.5,2.5,1.5,2.5,1.5,0.5,0.5,0.5,0.5,0.5,0.5,0.5,0.5,0.5,0.5,0.5,0.5,0.5,0.5,0.5,0.5,0.5,0.5,0.5,0.5,0.5,0.5,0.5,0.5,0.5,0.5,0.5,0.5
82.18664066,-11.3583438,83.30806714,1.5,2.5,1.5,2.5,1.5,2.5,1.5,2.5,2.5,1.5,2.5,1.5,2.5,1.5,0.5,0.5,0.5,0.5,0.5,0.5,0.5,0.5,0.5,0.5,0.5,0.5,0.5,0.5,0.5,0.5,0.5,0.5,0.5,0.5,0.5,0.5,0.5,0.5,0.5,0.5,0.5,0.5
-63.10369248,76.40261697,46.27127259,1.5,2.5,1.5,2.5,1.5,2.5,1.5,2.5,1.5,2.5,0.5,0.5,0.5,0.5,1.5,2.5,0.5,0.5,0.5,0.5,0.5,0.5,1.5,2.5,0.5,0.5,0.5,0.5,0.5,0.5,2.5,1.5,1.5,2.5,2.5,1.5,2.5,1.5,1.5,2.5,1.5,2.5
-79.93454328,85.19166346,-29.61510067,1.5,2.5,1.5,2.5,1.5,2.5,1.5,2.5,1.5,2.5,0.5,0.5,0.5,0.5,1.5,2.5,0.5,0.5,0.5,0.5,0.5,0.5,1.5,2.5,0.5,0.5,0.5,0.5,0.5,0.5,2.5,1.5,1.5,2.5,2.5,1.5,2.5,1.5,1.5,2.5,1.5,2.5
37.69616455,-91.26512969,178.1146882,1.5,2.5,1.5,2.5,1.5,2.5,1.5,2.5,2.5,1.5,2.5,1.5,2.5,1.5,0.5,0.5,0.5,0.5,0.5,0.5,0.5,0.5,0.5,0.5,0.5,0.5,0.5,0.5,0.5,0.5,0.5,0.5,0.5,0.5,0.5,0.5,0.5,0.5,0.5,0.5,0.5,0.5
53.98358656,-99.50296713,-63.28538378,1.5,2.5,1.5,2.5,1.5,2.5,1.5,2.5,2.5,1.5,2.5,1.5,2.5,1.5,0.5,0.5,0.5,0.5,0.5,0.5,0.5,0.5,0.5,0.5,0.5,0.5,0.5,0.5,0.5,0.5,0.5,0.5,0.5,0.5,0.5,0.5,0.5,0.5,0.5,0.5,0.5,0.5
24.99138781,-53.18122348,12.88912937,1.5,2.5,1.5,2.5,1.5,2.5,1.5,2.5,2.5,1.5,2.5,1.5,2.5,1.5,0.5,0.5,0.5,0.5,0.5,0.5,0.5,0.5,0.5,0.5,0.5,0.5,0.5,0.5,0.5,0.5,0.5,0.5,0.5,0.5,0.5,0.5,0.5,0.5,0.5,0.5,0.5,0.5
83.5952987,-69.38217113,-109.105677,1.5,2.5,1.5,2.5,1.5,2.5,1.5,2.5,2.5,1.5,2.5,1.5,2.5,1.5,0.5,0.5,0.5,0.5,0.5,0.5,0.5,0.5,0.5,0.5,0.5,0.5,0.5,0.5,0.5,0.5,0.5,0.5,0.5,0.5,0.5,0.5,0.5,0.5,0.5,0.5,0.5,0.5
-13.43796034,13.76365112,-86.34424693,1.5,2.5,1.5,2.5,1.5,2.5,1.5,2.5,1.5,2.5,0.5,0.5,0.5,0.5,1.5,2.5,0.5,0.5,0.5,0.5,0.5,0.5,1.5,2.5,0.5,0.5,0.5,0.5,0.5,0.5,2.5,1.5,1.5,2.5,2.5,1.5,2.5,1.5,1.5,2.5,1.5,2.5
-3.552987031,26.17340542,84.46103265,1.5,2.5,1.5,2.5,1.5,2.5,1.5,2.5,1.5,2.5,0.5,0.5,0.5,0.5,1.5,2.5,0.5,0.5,0.5,0.5,0.5,0.5,1.5,2.5,0.5,0.5,0.5,0.5,0.5,0.5,2.5,1.5,1.5,2.5,2.5,1.5,2.5,1.5,1.5,2.5,1.5,2.5
90.97091752,83.27725999,-33.91741606,1.5,2.5,1.5,2.5,1.5,2.5,1.5,2.5,1.5,2.5,0.5,0.5,0.5,0.5,1.5,2.5,0.5,0.5,0.5,0.5,0.5,0.5,1.5,2.5,0.5,0.5,0.5,0.5,0.5,0.5,1.5,2.5,0.5,0.5,1.5,2.5,0.5,0.5,0.5,0.5,0.5,0.5
18.05108766,-55.50221895,-39.57367325,1.5,2.5,1.5,2.5,1.5,2.5,1.5,2.5,2.5,1.5,2.5,1.5,2.5,1.5,0.5,0.5,0.5,0.5,0.5,0.5,0.5,0.5,0.5,0.5,0.5,0.5,0.5,0.5,0.5,0.5,0.5,0.5,0.5,0.5,0.5,0.5,0.5,0.5,0.5,0.5,0.5,0.5
-76.161029,69.58088948,28.12138783,1.5,2.5,1.5,2.5,1.5,2.5,1.5,2.5,1.5,2.5,0.5,0.5,0.5,0.5,1.5,2.5,0.5,0.5,0.5,0.5,0.5,0.5,1.5,2.5,0.5,0.5,0.5,0.5,0.5,0.5,2.5,1.5,1.5,2.5,2.5,1.5,2.5,1.5,1.5,2.5,1.5,2.5
41.86991023,-60.0374905,-38.79266056,1.5,2.5,1.5,2.5,1.5,2.5,1.5,2.5,2.5,1.5,2.5,1.5,2.5,1.5,0.5,0.5,0.5,0.5,0.5,0.5,0.5,0.5,0.5,0.5,0.5,0.5,0.5,0.5,0.5,0.5,0.5,0.5,0.5,0.5,0.5,0.5,0.5,0.5,0.5,0.5,0.5,0.5
7.863364904,95.77974162,-83.99407668,1.5,2.5,1.5,2.5,1.5,2.5,1.5,2.5,1.5,2.5,0.5,0.5,0.5,0.5,1.5,2.5,0.5,0.5,0.5,0.5,0.5,0.5,1.5,2.5,0.5,0.5,0.5,0.5,0.5,0.5,1.5,2.5,0.5,0.5,1.5,2.5,0.5,0.5,0.5,0.5,0.5,0.5
-20.94811821,0.860316167,-15.35028543,1.5,2.5,1.5,2.5,2.5,1.5,0.5,0.5,0.5,0.5,0.5,0.5,0.5,0.5,0.5,0.5,0.5,0.5,0.5,0.5,0.5,0.5,0.5,0.5,0.5,0.5,0.5,0.5,0.5,0.5,0.5,0.5,0.5,0.5,0.5,0.5,0.5,0.5,0.5,0.5,0.5,0.5
24.34233619,-69.04078898,-103.7498945,1.5,2.5,1.5,2.5,1.5,2.5,1.5,2.5,2.5,1.5,2.5,1.5,2.5,1.5,0.5,0.5,0.5,0.5,0.5,0.5,0.5,0.5,0.5,0.5,0.5,0.5,0.5,0.5,0.5,0.5,0.5,0.5,0.5,0.5,0.5,0.5,0.5,0.5,0.5,0.5,0.5,0.5
33.19234892,5.767896007,-99.64545845,1.5,2.5,1.5,2.5,1.5,2.5,1.5,2.5,1.5,2.5,0.5,0.5,0.5,0.5,1.5,2.5,0.5,0.5,0.5,0.5,0.5,0.5,1.5,2.5,0.5,0.5,0.5,0.5,0.5,0.5,1.5,2.5,0.5,0.5,1.5,2.5,0.5,0.5,0.5,0.5,0.5,0.5
4.337954605,-4.316275546,74.88562426,1.5,2.5,1.5,2.5,1.5,2.5,1.5,2.5,2.5,1.5,2.5,1.5,2.5,1.5,0.5,0.5,0.5,0.5,0.5,0.5,0.5,0.5,0.5,0.5,0.5,0.5,0.5,0.5,0.5,0.5,0.5,0.5,0.5,0.5,0.5,0.5,0.5,0.5,0.5,0.5,0.5,0.5
-48.56374884,82.95460092,143.5600929,1.5,2.5,1.5,2.5,1.5,2.5,1.5,2.5,1.5,2.5,0.5,0.5,0.5,0.5,2.5,1.5,1.5,2.5,1.5,2.5,1.5,2.5,1.5,2.5,0.5,0.5,0.5,0.5,0.5,0.5,2.5,1.5,1.5,2.5,2.5,1.5,2.5,1.5,1.5,2.5,1.5,2.5
-45.21371854,90.53270648,-14.6288152,1.5,2.5,1.5,2.5,1.5,2.5,1.5,2.5,1.5,2.5,0.5,0.5,0.5,0.5,1.5,2.5,0.5,0.5,0.5,0.5,0.5,0.5,1.5,2.5,0.5,0.5,0.5,0.5,0.5,0.5,2.5,1.5,1.5,2.5,2.5,1.5,2.5,1.5,1.5,2.5,1.5,2.5
-22.34951779,6.96961015,26.47724368,1.5,2.5,1.5,2.5,1.5,2.5,1.5,2.5,1.5,2.5,0.5,0.5,0.5,0.5,1.5,2.5,0.5,0.5,0.5,0.5,0.5,0.5,1.5,2.5,0.5,0.5,0.5,0.5,0.5,0.5,2.5,1.5,1.5,2.5,2.5,1.5,2.5,1.5,1.5,2.5,1.5,2.5
-17.9797704,14.5213536,-17.93564594,1.5,2.5,1.5,2.5,1.5,2.5,1.5,2.5,1.5,2.5,0.5,0.5,0.5,0.5,1.5,2.5,0.5,0.5,0.5,0.5,0.5,0.5,1.5,2.5,0.5,0.5,0.5,0.5,0.5,0.5,2.5,1.5,1.5,2.5,2.5,1.5,2.5,1.5,1.5,2.5,1.5,2.5
60.14074674,6.260145088,90.92695577,1.5,2.5,1.5,2.5,1.5,2.5,1.5,2.5,1.5,2.5,0.5,0.5,0.5,0.5,1.5,2.5,0.5,0.5,0.5,0.5,0.5,0.5,1.5,2.5,0.5,0.5,0.5,0.5,0.5,0.5,1.5,2.5,0.5,0.5,1.5,2.5,0.5,0.5,0.5,0.5,0.5,0.5
43.85981208,15.71115665,-16.2154294,1.5,2.5,1.5,2.5,1.5,2.5,1.5,2.5,1.5,2.5,0.5,0.5,0.5,0.5,1.5,2.5,0.5,0.5,0.5,0.5,0.5,0.5,1.5,2.5,0.5,0.5,0.5,0.5,0.5,0.5,1.5,2.5,0.5,0.5,1.5,2.5,0.5,0.5,0.5,0.5,0.5,0.5
74.90941316,-17.10990507,-115.2684326,1.5,2.5,1.5,2.5,1.5,2.5,1.5,2.5,2.5,1.5,2.5,1.5,2.5,1.5,0.5,0.5,0.5,0.5,0.5,0.5,0.5,0.5,0.5,0.5,0.5,0.5,0.5,0.5,0.5,0.5,0.5,0.5,0.5,0.5,0.5,0.5,0.5,0.5,0.5,0.5,0.5,0.5
-54.12469727,3.635808467,198.2115032,1.5,2.5,1.5,2.5,1.5,2.5,1.5,2.5,1.5,2.5,0.5,0.5,0.5,0.5,2.5,1.5,1.5,2.5,1.5,2.5,1.5,2.5,1.5,2.5,0.5,0.5,0.5,0.5,0.5,0.5,2.5,1.5,1.5,2.5,2.5,1.5,2.5,1.5,1.5,2.5,1.5,2.5
8.495486746,-78.64531802,-184.5072167,1.5,2.5,1.5,2.5,1.5,2.5,1.5,2.5,2.5,1.5,2.5,1.5,2.5,1.5,0.5,0.5,0.5,0.5,0.5,0.5,0.5,0.5,0.5,0.5,0.5,0.5,0.5,0.5,0.5,0.5,0.5,0.5,0.5,0.5,0.5,0.5,0.5,0.5,0.5,0.5,0.5,0.5
38.83434659,-91.72132027,46.45520983,1.5,2.5,1.5,2.5,1.5,2.5,1.5,2.5,2.5,1.5,2.5,1.5,2.5,1.5,0.5,0.5,0.5,0.5,0.5,0.5,0.5,0.5,0.5,0.5,0.5,0.5,0.5,0.5,0.5,0.5,0.5,0.5,0.5,0.5,0.5,0.5,0.5,0.5,0.5,0.5,0.5,0.5
12.69603326,10.40225578,-56.08082541,1.5,2.5,1.5,2.5,1.5,2.5,1.5,2.5,1.5,2.5,0.5,0.5,0.5,0.5,1.5,2.5,0.5,0.5,0.5,0.5,0.5,0.5,1.5,2.5,0.5,0.5,0.5,0.5,0.5,0.5,1.5,2.5,0.5,0.5,1.5,2.5,0.5,0.5,0.5,0.5,0.5,0.5
36.53571916,-18.28110351,-29.68933145,1.5,2.5,1.5,2.5,1.5,2.5,1.5,2.5,2.5,1.5,2.5,1.5,2.5,1.5,0.5,0.5,0.5,0.5,0.5,0.5,0.5,0.5,0.5,0.5,0.5,0.5,0.5,0.5,0.5,0.5,0.5,0.5,0.5,0.5,0.5,0.5,0.5,0.5,0.5,0.5,0.5,0.5
17.72777261,-12.37605672,-69.31559973,1.5,2.5,1.5,2.5,1.5,2.5,1.5,2.5,2.5,1.5,2.5,1.5,2.5,1.5,0.5,0.5,0.5,0.5,0.5,0.5,0.5,0.5,0.5,0.5,0.5,0.5,0.5,0.5,0.5,0.5,0.5,0.5,0.5,0.5,0.5,0.5,0.5,0.5,0.5,0.5,0.5,0.5
54.75210957,-75.224647,124.1241304,1.5,2.5,1.5,2.5,1.5,2.5,1.5,2.5,2.5,1.5,2.5,1.5,2.5,1.5,0.5,0.5,0.5,0.5,0.5,0.5,0.5,0.5,0.5,0.5,0.5,0.5,0.5,0.5,0.5,0.5,0.5,0.5,0.5,0.5,0.5,0.5,0.5,0.5,0.5,0.5,0.5,0.5
25.13259125,84.63504943,126.2323813,1.5,2.5,1.5,2.5,1.5,2.5,1.5,2.5,1.5,2.5,0.5,0.5,0.5,0.5,2.5,1.5,1.5,2.5,1.5,2.5,1.5,2.5,1.5,2.5,0.5,0.5,0.5,0.5,0.5,0.5,1.5,2.5,0.5,0.5,1.5,2.5,0.5,0.5,0.5,0.5,0.5,0.5
-13.0449705,7.920406588,193.6909238,1.5,2.5,1.5,2.5,1.5,2.5,1.5,2.5,1.5,2.5,0.5,0.5,0.5,0.5,2.5,1.5,1.5,2.5,1.5,2.5,1.5,2.5,1.5,2.5,0.5,0.5,0.5,0.5,0.5,0.5,2.5,1.5,1.5,2.5,2.5,1.5,2.5,1.5,1.5,2.5,1.5,2.5
-56.7376378,34.92899525,117.9012323,1.5,2.5,1.5,2.5,1.5,2.5,1.5,2.5,1.5,2.5,0.5,0.5,0.5,0.5,2.5,1.5,1.5,2.5,1.5,2.5,1.5,2.5,1.5,2.5,0.5,0.5,0.5,0.5,0.5,0.5,2.5,1.5,1.5,2.5,2.5,1.5,2.5,1.5,1.5,2.5,1.5,2.5
88.37841191,48.60409213,-6.946160056,1.5,2.5,1.5,2.5,1.5,2.5,1.5,2.5,1.5,2.5,0.5,0.5,0.5,0.5,1.5,2.5,0.5,0.5,0.5,0.5,0.5,0.5,1.5,2.5,0.5,0.5,0.5,0.5,0.5,0.5,1.5,2.5,0.5,0.5,1.5,2.5,0.5,0.5,0.5,0.5,0.5,0.5
72.43747496,-22.35079922,-159.9160922,1.5,2.5,1.5,2.5,1.5,2.5,1.5,2.5,2.5,1.5,2.5,1.5,2.5,1.5,0.5,0.5,0.5,0.5,0.5,0.5,0.5,0.5,0.5,0.5,0.5,0.5,0.5,0.5,0.5,0.5,0.5,0.5,0.5,0.5,0.5,0.5,0.5,0.5,0.5,0.5,0.5,0.5
91.56022541,-0.673713513,-149.8202462,1.5,2.5,1.5,2.5,2.5,1.5,0.5,0.5,0.5,0.5,0.5,0.5,0.5,0.5,0.5,0.5,0.5,0.5,0.5,0.5,0.5,0.5,0.5,0.5,0.5,0.5,0.5,0.5,0.5,0.5,0.5,0.5,0.5,0.5,0.5,0.5,0.5,0.5,0.5,0.5,0.5,0.5
-20.28459199,53.41100106,59.97341185,1.5,2.5,1.5,2.5,1.5,2.5,1.5,2.5,1.5,2.5,0.5,0.5,0.5,0.5,1.5,2.5,0.5,0.5,0.5,0.5,0.5,0.5,1.5,2.5,0.5,0.5,0.5,0.5,0.5,0.5,2.5,1.5,1.5,2.5,2.5,1.5,2.5,1.5,1.5,2.5,1.5,2.5
32.64380406,-5.092976365,-77.69934354,1.5,2.5,1.5,2.5,1.5,2.5,1.5,2.5,2.5,1.5,2.5,1.5,2.5,1.5,0.5,0.5,0.5,0.5,0.5,0.5,0.5,0.5,0.5,0.5,0.5,0.5,0.5,0.5,0.5,0.5,0.5,0.5,0.5,0.5,0.5,0.5,0.5,0.5,0.5,0.5,0.5,0.5
1.336217357,48.1406222,173.4429586,1.5,2.5,1.5,2.5,1.5,2.5,1.5,2.5,1.5,2.5,0.5,0.5,0.5,0.5,2.5,1.5,1.5,2.5,2.5,1.5,2.5,1.5,0.5,0.5,0.5,0.5,0.5,0.5,0.5,0.5,0.5,0.5,0.5,0.5,0.5,0.5,0.5,0.5,0.5,0.5,0.5,0.5
79.15375649,-58.9579851,98.97449292,1.5,2.5,1.5,2.5,1.5,2.5,1.5,2.5,2.5,1.5,2.5,1.5,2.5,1.5,0.5,0.5,0.5,0.5,0.5,0.5,0.5,0.5,0.5,0.5,0.5,0.5,0.5,0.5,0.5,0.5,0.5,0.5,0.5,0.5,0.5,0.5,0.5,0.5,0.5,0.5,0.5,0.5
65.7117486,4.247714404,196.4981556,1.5,2.5,1.5,2.5,1.5,2.5,1.5,2.5,1.5,2.5,0.5,0.5,0.5,0.5,2.5,1.5,1.5,2.5,1.5,2.5,1.5,2.5,1.5,2.5,0.5,0.5,0.5,0.5,0.5,0.5,1.5,2.5,0.5,0.5,1.5,2.5,0.5,0.5,0.5,0.5,0.5,0.5
18.3665255,-54.86371433,-173.2327486,1.5,2.5,1.5,2.5,1.5,2.5,1.5,2.5,2.5,1.5,2.5,1.5,2.5,1.5,0.5,0.5,0.5,0.5,0.5,0.5,0.5,0.5,0.5,0.5,0.5,0.5,0.5,0.5,0.5,0.5,0.5,0.5,0.5,0.5,0.5,0.5,0.5,0.5,0.5,0.5,0.5,0.5
39.68269063,26.14194407,131.4274965,1.5,2.5,1.5,2.5,1.5,2.5,1.5,2.5,1.5,2.5,0.5,0.5,0.5,0.5,2.5,1.5,1.5,2.5,1.5,2.5,1.5,2.5,1.5,2.5,0.5,0.5,0.5,0.5,0.5,0.5,1.5,2.5,0.5,0.5,1.5,2.5,0.5,0.5,0.5,0.5,0.5,0.5
80.28531907,-92.44768397,-135.4632494,1.5,2.5,1.5,2.5,1.5,2.5,1.5,2.5,2.5,1.5,2.5,1.5,2.5,1.5,0.5,0.5,0.5,0.5,0.5,0.5,0.5,0.5,0.5,0.5,0.5,0.5,0.5,0.5,0.5,0.5,0.5,0.5,0.5,0.5,0.5,0.5,0.5,0.5,0.5,0.5,0.5,0.5
17.32508804,-44.74284588,33.44906463,1.5,2.5,1.5,2.5,1.5,2.5,1.5,2.5,2.5,1.5,2.5,1.5,2.5,1.5,0.5,0.5,0.5,0.5,0.5,0.5,0.5,0.5,0.5,0.5,0.5,0.5,0.5,0.5,0.5,0.5,0.5,0.5,0.5,0.5,0.5,0.5,0.5,0.5,0.5,0.5,0.5,0.5
44.91280444,-72.30562168,-2.190703313,1.5,2.5,1.5,2.5,1.5,2.5,1.5,2.5,2.5,1.5,2.5,1.5,2.5,1.5,0.5,0.5,0.5,0.5,0.5,0.5,0.5,0.5,0.5,0.5,0.5,0.5,0.5,0.5,0.5,0.5,0.5,0.5,0.5,0.5,0.5,0.5,0.5,0.5,0.5,0.5,0.5,0.5
21.21754116,58.39483381,-77.08552725,1.5,2.5,1.5,2.5,1.5,2.5,1.5,2.5,1.5,2.5,0.5,0.5,0.5,0.5,1.5,2.5,0.5,0.5,0.5,0.5,0.5,0.5,1.5,2.5,0.5,0.5,0.5,0.5,0.5,0.5,1.5,2.5,0.5,0.5,1.5,2.5,0.5,0.5,0.5,0.5,0.5,0.5
-39.46079645,34.76738097,-23.47117207,1.5,2.5,1.5,2.5,1.5,2.5,1.5,2.5,1.5,2.5,0.5,0.5,0.5,0.5,1.5,2.5,0.5,0.5,0.5,0.5,0.5,0.5,1.5,2.5,0.5,0.5,0.5,0.5,0.5,0.5,2.5,1.5,1.5,2.5,2.5,1.5,2.5,1.5,1.5,2.5,1.5,2.5
66.61353308,12.05650308,117.1422074,1.5,2.5,1.5,2.5,1.5,2.5,1.5,2.5,1.5,2.5,0.5,0.5,0.5,0.5,2.5,1.5,1.5,2.5,1.5,2.5,1.5,2.5,1.5,2.5,0.5,0.5,0.5,0.5,0.5,0.5,1.5,2.5,0.5,0.5,1.5,2.5,0.5,0.5,0.5,0.5,0.5,0.5
-30.38878054,56.93933596,90.10719374,1.5,2.5,1.5,2.5,1.5,2.5,1.5,2.5,1.5,2.5,0.5,0.5,0.5,0.5,1.5,2.5,0.5,0.5,0.5,0.5,0.5,0.5,1.5,2.5,0.5,0.5,0.5,0.5,0.5,0.5,2.5,1.5,1.5,2.5,2.5,1.5,2.5,1.5,1.5,2.5,1.5,2.5
-92.53229479,0.345316009,-134.9496354,1.5,2.5,1.5,2.5,2.5,1.5,0.5,0.5,0.5,0.5,0.5,0.5,0.5,0.5,0.5,0.5,0.5,0.5,0.5,0.5,0.5,0.5,0.5,0.5,0.5,0.5,0.5,0.5,0.5,0.5,0.5,0.5,0.5,0.5,0.5,0.5,0.5,0.5,0.5,0.5,0.5,0.5
-71.56487678,16.59875725,-24.75304655,1.5,2.5,1.5,2.5,1.5,2.5,1.5,2.5,1.5,2.5,0.5,0.5,0.5,0.5,1.5,2.5,0.5,0.5,0.5,0.5,0.5,0.5,1.5,2.5,0.5,0.5,0.5,0.5,0.5,0.5,2.5,1.5,1.5,2.5,2.5,1.5,2.5,1.5,1.5,2.5,1.5,2.5
66.56007182,-77.75697389,11.56818529,1.5,2.5,1.5,2.5,1.5,2.5,1.5,2.5,2.5,1.5,2.5,1.5,2.5,1.5,0.5,0.5,0.5,0.5,0.5,0.5,0.5,0.5,0.5,0.5,0.5,0.5,0.5,0.5,0.5,0.5,0.5,0.5,0.5,0.5,0.5,0.5,0.5,0.5,0.5,0.5,0.5,0.5
74.31054596,70.29164841,70.90782837,1.5,2.5,1.5,2.5,1.5,2.5,1.5,2.5,1.5,2.5,0.5,0.5,0.5,0.5,1.5,2.5,0.5,0.5,0.5,0.5,0.5,0.5,1.5,2.5,0.5,0.5,0.5,0.5,0.5,0.5,1.5,2.5,0.5,0.5,1.5,2.5,0.5,0.5,0.5,0.5,0.5,0.5
-29.88315587,17.67908888,-75.89576065,1.5,2.5,1.5,2.5,1.5,2.5,1.5,2.5,1.5,2.5,0.5,0.5,0.5,0.5,1.5,2.5,0.5,0.5,0.5,0.5,0.5,0.5,1.5,2.5,0.5,0.5,0.5,0.5,0.5,0.5,2.5,1.5,1.5,2.5,2.5,1.5,2.5,1.5,1.5,2.5,1.5,2.5
7.360476395,-85.49478162,13.95091196,1.5,2.5,1.5,2.5,1.5,2.5,1.5,2.5,2.5,1.5,2.5,1.5,2.5,1.5,0.5,0.5,0.5,0.5,0.5,0.5,0.5,0.5,0.5,0.5,0.5,0.5,0.5,0.5,0.5,0.5,0.5,0.5,0.5,0.5,0.5,0.5,0.5,0.5,0.5,0.5,0.5,0.5
-1.673429222,28.42615402,-67.2319065,1.5,2.5,1.5,2.5,1.5,2.5,1.5,2.5,1.5,2.5,0.5,0.5,0.5,0.5,1.5,2.5,0.5,0.5,0.5,0.5,0.5,0.5,1.5,2.5,0.5,0.5,0.5,0.5,0.5,0.5,2.5,1.5,1.5,2.5,2.5,1.5,2.5,1.5,1.5,2.5,1.5,2.5
37.36786329,52.15331873,162.8898897,1.5,2.5,1.5,2.5,1.5,2.5,1.5,2.5,1.5,2.5,0.5,0.5,0.5,0.5,2.5,1.5,1.5,2.5,1.5,2.5,1.5,2.5,1.5,2.5,0.5,0.5,0.5,0.5,0.5,0.5,1.5,2.5,0.5,0.5,1.5,2.5,0.5,0.5,0.5,0.5,0.5,0.5
60.17899868,-96.65126267,97.97889501,1.5,2.5,1.5,2.5,1.5,2.5,1.5,2.5,2.5,1.5,2.5,1.5,2.5,1.5,0.5,0.5,0.5,0.5,0.5,0.5,0.5,0.5,0.5,0.5,0.5,0.5,0.5,0.5,0.5,0.5,0.5,0.5,0.5,0.5,0.5,0.5,0.5,0.5,0.5,0.5,0.5,0.5
-48.32580435,63.9283522,-99.8029234,1.5,2.5,1.5,2.5,1.5,2.5,1.5,2.5,1.5,2.5,0.5,0.5,0.5,0.5,1.5,2.5,0.5,0.5,0.5,0.5,0.5,0.5,1.5,2.5,0.5,0.5,0.5,0.5,0.5,0.5,2.5,1.5,1.5,2.5,2.5,1.5,2.5,1.5,1.5,2.5,1.5,2.5
-13.41230022,89.69188284,42.01534185,1.5,2.5,1.5,2.5,1.5,2.5,1.5,2.5,1.5,2.5,0.5,0.5,0.5,0.5,1.5,2.5,0.5,0.5,0.5,0.5,0.5,0.5,1.5,2.5,0.5,0.5,0.5,0.5,0.5,0.5,2.5,1.5,1.5,2.5,2.5,1.5,2.5,1.5,1.5,2.5,1.5,2.5
-98.42345232,12.88584144,114.7235224,1.5,2.5,1.5,2.5,1.5,2.5,1.5,2.5,1.5,2.5,0.5,0.5,0.5,0.5,2.5,1.5,1.5,2.5,1.5,2.5,1.5,2.5,1.5,2.5,0.5,0.5,0.5,0.5,0.5,0.5,2.5,1.5,1.5,2.5,2.5,1.5,2.5,1.5,1.5,2.5,1.5,2.5
-44.78292363,47.160896,76.1952517,1.5,2.5,1.5,2.5,1.5,2.5,1.5,2.5,1.5,2.5,0.5,0.5,0.5,0.5,1.5,2.5,0.5,0.5,0.5,0.5,0.5,0.5,1.5,2.5,0.5,0.5,0.5,0.5,0.5,0.5,2.5,1.5,1.5,2.5,2.5,1.5,2.5,1.5,1.5,2.5,1.5,2.5
24.37265266,46.99387439,-59.99641694,1.5,2.5,1.5,2.5,1.5,2.5,1.5,2.5,1.5,2.5,0.5,0.5,0.5,0.5,1.5,2.5,0.5,0.5,0.5,0.5,0.5,0.5,1.5,2.5,0.5,0.5,0.5,0.5,0.5,0.5,1.5,2.5,0.5,0.5,1.5,2.5,0.5,0.5,0.5,0.5,0.5,0.5
-82.99398865,23.83492615,-89.80281149,1.5,2.5,1.5,2.5,1.5,2.5,1.5,2.5,1.5,2.5,0.5,0.5,0.5,0.5,1.5,2.5,0.5,0.5,0.5,0.5,0.5,0.5,1.5,2.5,0.5,0.5,0.5,0.5,0.5,0.5,2.5,1.5,1.5,2.5,2.5,1.5,2.5,1.5,1.5,2.5,1.5,2.5
-70.7573253,26.58538344,86.12881713,1.5,2.5,1.5,2.5,1.5,2.5,1.5,2.5,1.5,2.5,0.5,0.5,0.5,0.5,1.5,2.5,0.5,0.5,0.5,0.5,0.5,0.5,1.5,2.5,0.5,0.5,0.5,0.5,0.5,0.5,2.5,1.5,1.5,2.5,2.5,1.5,2.5,1.5,1.5,2.5,1.5,2.5
48.17279571,-69.4999572,44.81716407,1.5,2.5,1.5,2.5,1.5,2.5,1.5,2.5,2.5,1.5,2.5,1.5,2.5,1.5,0.5,0.5,0.5,0.5,0.5,0.5,0.5,0.5,0.5,0.5,0.5,0.5,0.5,0.5,0.5,0.5,0.5,0.5,0.5,0.5,0.5,0.5,0.5,0.5,0.5,0.5,0.5,0.5
61.73294086,-53.46208355,-7.035904215,1.5,2.5,1.5,2.5,1.5,2.5,1.5,2.5,2.5,1.5,2.5,1.5,2.5,1.5,0.5,0.5,0.5,0.5,0.5,0.5,0.5,0.5,0.5,0.5,0.5,0.5,0.5,0.5,0.5,0.5,0.5,0.5,0.5,0.5,0.5,0.5,0.5,0.5,0.5,0.5,0.5,0.5
-86.91726936,32.40435922,76.3228105,1.5,2.5,1.5,2.5,1.5,2.5,1.5,2.5,1.5,2.5,0.5,0.5,0.5,0.5,1.5,2.5,0.5,0.5,0.5,0.5,0.5,0.5,1.5,2.5,0.5,0.5,0.5,0.5,0.5,0.5,2.5,1.5,1.5,2.5,2.5,1.5,2.5,1.5,1.5,2.5,1.5,2.5
81.16799926757811,99.06230163574216,135.383056640625,1.5,2.5,1.5,2.5,1.5,2.5,1.5,2.5,1.5,2.5,0.5,0.5,0.5,0.5,2.5,1.5,1.5,2.5,1.5,2.5,1.5,2.5,1.5,2.5,0.5,0.5,0.5,0.5,0.5,0.5,1.5,2.5,0.5,0.5,1.5,2.5,0.5,0.5,0.5,0.5,0.5,0.5
-36.35829544067384,98.02088928222656,191.11965942382807,1.5,2.5,1.5,2.5,1.5,2.5,1.5,2.5,1.5,2.5,0.5,0.5,0.5,0.5,2.5,1.5,1.5,2.5,1.5,2.5,1.5,2.5,1.5,2.5,0.5,0.5,0.5,0.5,0.5,0.5,2.5,1.5,1.5,2.5,2.5,1.5,2.5,1.5,1.5,2.5,1.5,2.5
3.681961059570313,97.77424621582033,-93.13704681396484,1.5,2.5,1.5,2.5,1.5,2.5,1.5,2.5,1.5,2.5,0.5,0.5,0.5,0.5,1.5,2.5,0.5,0.5,0.5,0.5,0.5,0.5,1.5,2.5,0.5,0.5,0.5,0.5,0.5,0.5,1.5,2.5,0.5,0.5,1.5,2.5,0.5,0.5,0.5,0.5,0.5,0.5
-87.25414276123047,98.7728576660156,132.30828857421875,1.5,2.5,1.5,2.5,1.5,2.5,1.5,2.5,1.5,2.5,0.5,0.5,0.5,0.5,2.5,1.5,1.5,2.5,1.5,2.5,1.5,2.5,1.5,2.5,0.5,0.5,0.5,0.5,0.5,0.5,2.5,1.5,1.5,2.5,2.5,1.5,2.5,1.5,1.5,2.5,1.5,2.5
-90.61821746826172,-8.553001403808594,-150.00518798828125,1.5,2.5,1.5,2.5,1.5,2.5,1.5,2.5,2.5,1.5,1.5,2.5,0.5,0.5,0.5,0.5,0.5,0.5,0.5,0.5,0.5,0.5,0.5,0.5,0.5,0.5,0.5,0.5,0.5,0.5,0.5,0.5,0.5,0.5,0.5,0.5,0.5,0.5,0.5,0.5,0.5,0.5
17.35174560546875,91.68603515625,172.64334106445312,1.5,2.5,1.5,2.5,1.5,2.5,1.5,2.5,1.5,2.5,0.5,0.5,0.5,0.5,2.5,1.5,1.5,2.5,1.5,2.5,1.5,2.5,1.5,2.5,0.5,0.5,0.5,0.5,0.5,0.5,1.5,2.5,0.5,0.5,1.5,2.5,0.5,0.5,0.5,0.5,0.5,0.5
-41.01520919799805,70.22831726074219,-40.24299621582031,1.5,2.5,1.5,2.5,1.5,2.5,1.5,2.5,1.5,2.5,0.5,0.5,0.5,0.5,1.5,2.5,0.5,0.5,0.5,0.5,0.5,0.5,1.5,2.5,0.5,0.5,0.5,0.5,0.5,0.5,2.5,1.5,1.5,2.5,2.5,1.5,2.5,1.5,1.5,2.5,1.5,2.5
-17.11615753173828,82.23251342773438,3.566864013671875,1.5,2.5,1.5,2.5,1.5,2.5,1.5,2.5,1.5,2.5,0.5,0.5,0.5,0.5,1.5,2.5,0.5,0.5,0.5,0.5,0.5,0.5,1.5,2.5,0.5,0.5,0.5,0.5,0.5,0.5,2.5,1.5,1.5,2.5,2.5,1.5,2.5,1.5,1.5,2.5,1.5,2.5
75.76533508300781,40.903350830078125,-60.89410400390625,1.5,2.5,1.5,2.5,1.5,2.5,1.5,2.5,1.5,2.5,0.5,0.5,0.5,0.5,1.5,2.5,0.5,0.5,0.5,0.5,0.5,0.5,1.5,2.5,0.5,0.5,0.5,0.5,0.5,0.5,1.5,2.5,0.5,0.5,1.5,2.5,0.5,0.5,0.5,0.5,0.5,0.5
89.34712219238281,74.50851440429686,69.04196166992188,1.5,2.5,1.5,2.5,1.5,2.5,1.5,2.5,1.5,2.5,0.5,0.5,0.5,0.5,1.5,2.5,0.5,0.5,0.5,0.5,0.5,0.5,1.5,2.5,0.5,0.5,0.5,0.5,0.5,0.5,1.5,2.5,0.5,0.5,1.5,2.5,0.5,0.5,0.5,0.5,0.5,0.5
-42.90705871582031,-97.58146667480467,49.90155029296875,1.5,2.5,1.5,2.5,1.5,2.5,1.5,2.5,2.5,1.5,2.5,1.5,1.5,2.5,1.5,2.5,0.5,0.5,0.5,0.5,0.5,0.5,1.5,2.5,0.5,0.5,0.5,0.5,0.5,0.5,2.5,1.5,2.5,1.5,0.5,0.5,0.5,0.5,0.5,0.5,0.5,0.5
-77.79067993164062,-3.0408477783203125,-164.95936584472656,1.5,2.5,1.5,2.5,1.5,2.5,1.5,2.5,2.5,1.5,1.5,2.5,0.5,0.5,0.5,0.5,0.5,0.5,0.5,0.5,0.5,0.5,0.5,0.5,0.5,0.5,0.5,0.5,0.5,0.5,0.5,0.5,0.5,0.5,0.5,0.5,0.5,0.5,0.5,0.5,0.5,0.5
-40.24638366699219,78.75953674316406,161.3619384765625,1.5,2.5,1.5,2.5,1.5,2.5,1.5,2.5,1.5,2.5,0.5,0.5,0.5,0.5,2.5,1.5,1.5,2.5,1.5,2.5,1.5,2.5,1.5,2.5,0.5,0.5,0.5,0.5,0.5,0.5,2.5,1.5,1.5,2.5,2.5,1.5,2.5,1.5,1.5,2.5,1.5,2.5
45.11871337890625,4.6424407958984375,45.720794677734375,1.5,2.5,1.5,2.5,1.5,2.5,1.5,2.5,1.5,2.5,0.5,0.5,0.5,0.5,1.5,2.5,0.5,0.5,0.5,0.5,0.5,0.5,1.5,2.5,0.5,0.5,0.5,0.5,0.5,0.5,1.5,2.5,0.5,0.5,1.5,2.5,0.5,0.5,0.5,0.5,0.5,0.5
57.279251098632805,-75.85913085937501,-196.43606567382807,1.5,2.5,1.5,2.5,1.5,2.5,1.5,2.5,2.5,1.5,2.5,1.5,2.5,1.5,0.5,0.5,0.5,0.5,0.5,0.5,0.5,0.5,0.5,0.5,0.5,0.5,0.5,0.5,0.5,0.5,0.5,0.5,0.5,0.5,0.5,0.5,0.5,0.5,0.5,0.5,0.5,0.5
-3.8568115234375,62.67442321777344,97.143310546875,1.5,2.5,1.5,2.5,1.5,2.5,1.5,2.5,1.5,2.5,0.5,0.5,0.5,0.5,1.5,2.5,0.5,0.5,0.5,0.5,0.5,0.5,1.5,2.5,0.5,0.5,0.5,0.5,0.5,0.5,2.5,1.5,1.5,2.5,2.5,1.5,2.5,1.5,1.5,2.5,1.5,2.5
-96.78896331787108,88.86810302734375,6.8836212158203125,1.5,2.5,1.5,2.5,1.5,2.5,1.5,2.5,1.5,2.5,0.5,0.5,0.5,0.5,1.5,2.5,0.5,0.5,0.5,0.5,0.5,0.5,1.5,2.5,0.5,0.5,0.5,0.5,0.5,0.5,2.5,1.5,1.5,2.5,2.5,1.5,2.5,1.5,1.5,2.5,1.5,2.5
-94.14414978027344,94.71490478515624,128.0408935546875,1.5,2.5,1.5,2.5,1.5,2.5,1.5,2.5,1.5,2.5,0.5,0.5,0.5,0.5,2.5,1.5,1.5,2.5,1.5,2.5,1.5,2.5,1.5,2.5,0.5,0.5,0.5,0.5,0.5,0.5,2.5,1.5,1.5,2.5,2.5,1.5,2.5,1.5,1.5,2.5,1.5,2.5
-28.370216369628903,1.6245040893554688,-89.35396575927734,1.5,2.5,1.5,2.5,1.5,2.5,1.5,2.5,1.5,2.5,0.5,0.5,0.5,0.5,1.5,2.5,0.5,0.5,0.5,0.5,0.5,0.5,1.5,2.5,0.5,0.5,0.5,0.5,0.5,0.5,2.5,1.5,1.5,2.5,2.5,1.5,2.5,1.5,1.5,2.5,1.5,2.5
-96.62789154052734,-28.09678649902344,118.60122680664062,1.5,2.5,1.5,2.5,1.5,2.5,1.5,2.5,2.5,1.5,1.5,2.5,0.5,0.5,0.5,0.5,0.5,0.5,0.5,0.5,0.5,0.5,0.5,0.5,0.5,0.5,0.5,0.5,0.5,0.5,0.5,0.5,0.5,0.5,0.5,0.5,0.5,0.5,0.5,0.5,0.5,0.5
68.58113098144531,40.08273315429688,-119.12214660644533,1.5,2.5,1.5,2.5,1.5,2.5,1.5,2.5,1.5,2.5,0.5,0.5,0.5,0.5,1.5,2.5,0.5,0.5,0.5,0.5,0.5,0.5,2.5,1.5,1.5,2.5,1.5,2.5,1.5,2.5,1.5,2.5,0.5,0.5,1.5,2.5,0.5,0.5,0.5,0.5,0.5,0.5
15.769874572753906,44.63214111328125,-114.33556365966795,1.5,2.5,1.5,2.5,1.5,2.5,1.5,2.5,1.5,2.5,0.5,0.5,0.5,0.5,1.5,2.5,0.5,0.5,0.5,0.5,0.5,0.5,2.5,1.5,1.5,2.5,1.5,2.5,1.5,2.5,1.5,2.5,0.5,0.5,1.5,2.5,0.5,0.5,0.5,0.5,0.5,0.5
-3.8604965209960938,95.62847900390624,98.21453857421876,1.5,2.5,1.5,2.5,1.5,2.5,1.5,2.5,1.5,2.5,0.5,0.5,0.5,0.5,1.5,2.5,0.5,0.5,0.5,0.5,0.5,0.5,1.5,2.5,0.5,0.5,0.5,0.5,0.5,0.5,2.5,1.5,1.5,2.5,2.5,1.5,2.5,1.5,1.5,2.5,1.5,2.5
-42.47442626953125,94.52593994140624,181.0272216796876,1.5,2.5,1.5,2.5,1.5,2.5,1.5,2.5,1.5,2.5,0.5,0.5,0.5,0.5,2.5,1.5,1.5,2.5,1.5,2.5,1.5,2.5,1.5,2.5,0.5,0.5,0.5,0.5,0.5,0.5,2.5,1.5,1.5,2.5,2.5,1.5,2.5,1.5,1.5,2.5,1.5,2.5
-71.27130126953125,-33.25355529785156,179.475341796875,1.5,2.5,1.5,2.5,1.5,2.5,1.5,2.5,2.5,1.5,1.5,2.5,0.5,0.5,0.5,0.5,0.5,0.5,0.5,0.5,0.5,0.5,0.5,0.5,0.5,0.5,0.5,0.5,0.5,0.5,0.5,0.5,0.5,0.5,0.5,0.5,0.5,0.5,0.5,0.5,0.5,0.5
39.957061767578125,62.71234130859375,-174.30380249023435,1.5,2.5,1.5,2.5,1.5,2.5,1.5,2.5,1.5,2.5,0.5,0.5,0.5,0.5,1.5,2.5,0.5,0.5,0.5,0.5,0.5,0.5,2.5,1.5,1.5,2.5,1.5,2.5,1.5,2.5,1.5,2.5,0.5,0.5,1.5,2.5,0.5,0.5,0.5,0.5,0.5,0.5
-21.88720703125,-69.73460388183594,102.4278564453125,1.5,2.5,1.5,2.5,1.5,2.5,1.5,2.5,2.5,1.5,2.5,1.5,1.5,2.5,2.5,1.5,1.5,2.5,1.5,2.5,1.5,2.5,1.5,2.5,0.5,0.5,0.5,0.5,0.5,0.5,2.5,1.5,2.5,1.5,0.5,0.5,0.5,0.5,0.5,0.5,0.5,0.5
-47.94752502441406,74.99626159667967,114.7403564453125,1.5,2.5,1.5,2.5,1.5,2.5,1.5,2.5,1.5,2.5,0.5,0.5,0.5,0.5,2.5,1.5,1.5,2.5,1.5,2.5,1.5,2.5,1.5,2.5,0.5,0.5,0.5,0.5,0.5,0.5,2.5,1.5,1.5,2.5,2.5,1.5,2.5,1.5,1.5,2.5,1.5,2.5
-88.8232192993164,-70.22962951660156,168.151123046875,1.5,2.5,1.5,2.5,1.5,2.5,1.5,2.5,2.5,1.5,1.5,2.5,0.5,0.5,0.5,0.5,0.5,0.5,0.5,0.5,0.5,0.5,0.5,0.5,0.5,0.5,0.5,0.5,0.5,0.5,0.5,0.5,0.5,0.5,0.5,0.5,0.5,0.5,0.5,0.5,0.5,0.5
81.07479858398438,70.07002258300781,97.13449096679688,1.5,2.5,1.5,2.5,1.5,2.5,1.5,2.5,1.5,2.5,0.5,0.5,0.5,0.5,1.5,2.5,0.5,0.5,0.5,0.5,0.5,0.5,1.5,2.5,0.5,0.5,0.5,0.5,0.5,0.5,1.5,2.5,0.5,0.5,1.5,2.5,0.5,0.5,0.5,0.5,0.5,0.5
-45.06748962402344,-82.39755249023438,-159.4625701904297,1.5,2.5,1.5,2.5,1.5,2.5,1.5,2.5,2.5,1.5,2.5,1.5,1.5,2.5,1.5,2.5,0.5,0.5,0.5,0.5,0.5,0.5,2.5,1.5,1.5,2.5,1.5,2.5,1.5,2.5,2.5,1.5,2.5,1.5,0.5,0.5,0.5,0.5,0.5,0.5,0.5,0.5
85.18951416015625,-68.38290405273438,-193.40855407714844,1.5,2.5,1.5,2.5,1.5,2.5,1.5,2.5,2.5,1.5,2.5,1.5,2.5,1.5,0.5,0.5,0.5,0.5,0.5,0.5,0.5,0.5,0.5,0.5,0.5,0.5,0.5,0.5,0.5,0.5,0.5,0.5,0.5,0.5,0.5,0.5,0.5,0.5,0.5,0.5,0.5,0.5
77.61642456054686,79.75509643554686,-176.61524963378906,1.5,2.5,1.5,2.5,1.5,2.5,1.5,2.5,1.5,2.5,0.5,0.5,0.5,0.5,1.5,2.5,0.5,0.5,0.5,0.5,0.5,0.5,2.5,1.5,1.5,2.5,1.5,2.5,2.5,1.5,0.5,0.5,0.5,0.5,0.5,0.5,0.5,0.5,0.5,0.5,0.5,0.5
-20.719093322753903,29.1514892578125,128.77069091796875,1.5,2.5,1.5,2.5,1.5,2.5,1.5,2.5,1.5,2.5,0.5,0.5,0.5,0.5,2.5,1.5,1.5,2.5,1.5,2.5,1.5,2.5,1.5,2.5,0.5,0.5,0.5,0.5,0.5,0.5,2.5,1.5,1.5,2.5,2.5,1.5,2.5,1.5,1.5,2.5,1.5,2.5
28.6396484375,-20.1295166015625,-196.1445159912109,1.5,2.5,1.5,2.5,1.5,2.5,1.5,2.5,2.5,1.5,2.5,1.5,2.5,1.5,0.5,0.5,0.5,0.5,0.5,0.5,0.5,0.5,0.5,0.5,0.5,0.5,0.5,0.5,0.5,0.5,0.5,0.5,0.5,0.5,0.5,0.5,0.5,0.5,0.5,0.5,0.5,0.5
-85.33944702148438,-98.68441772460936,-143.44638061523435,1.5,2.5,1.5,2.5,1.5,2.5,1.5,2.5,2.5,1.5,2.5,1.5,1.5,2.5,1.5,2.5,0.5,0.5,0.5,0.5,0.5,0.5,2.5,1.5,1.5,2.5,1.5,2.5,1.5,2.5,2.5,1.5,2.5,1.5,0.5,0.5,0.5,0.5,0.5,0.5,0.5,0.5
63.299514770507805,63.9087371826172,-81.45401763916014,1.5,2.5,2.5,1.5,0.5,0.5,0.5,0.5,0.5,0.5,0.5,0.5,0.5,0.5,0.5,0.5,0.5,0.5,0.5,0.5,0.5,0.5,0.5,0.5,0.5,0.5,0.5,0.5,0.5,0.5,0.5,0.5,0.5,0.5,0.5,0.5,0.5,0.5,0.5,0.5,0.5,0.5
8.311317443847656,8.412315368652342,-151.810302734375,1.5,2.5,2.5,1.5,0.5,0.5,0.5,0.5,0.5,0.5,0.5,0.5,0.5,0.5,0.5,0.5,0.5,0.5,0.5,0.5,0.5,0.5,0.5,0.5,0.5,0.5,0.5,0.5,0.5,0.5,0.5,0.5,0.5,0.5,0.5,0.5,0.5,0.5,0.5,0.5,0.5,0.5
-17.68701934814453,-97.11148071289062,8.717056274414062,1.5,2.5,1.5,2.5,1.5,2.5,1.5,2.5,2.5,1.5,2.5,1.5,1.5,2.5,1.5,2.5,0.5,0.5,0.5,0.5,0.5,0.5,1.5,2.5,0.5,0.5,0.5,0.5,0.5,0.5,2.5,1.5,2.5,1.5,0.5,0.5,0.5,0.5,0.5,0.5,0.5,0.5
-27.964744567871094,-89.24220275878906,-108.70528411865234,1.5,2.5,1.5,2.5,1.5,2.5,1.5,2.5,2.5,1.5,2.5,1.5,1.5,2.5,1.5,2.5,0.5,0.5,0.5,0.5,0.5,0.5,2.5,1.5,1.5,2.5,1.5,2.5,1.5,2.5,2.5,1.5,2.5,1.5,0.5,0.5,0.5,0.5,0.5,0.5,0.5,0.5
4.244972229003905,-44.333511352539055,-131.1329803466797,1.5,2.5,1.5,2.5,1.5,2.5,1.5,2.5,2.5,1.5,2.5,1.5,2.5,1.5,0.5,0.5,0.5,0.5,0.5,0.5,0.5,0.5,0.5,0.5,0.5,0.5,0.5,0.5,0.5,0.5,0.5,0.5,0.5,0.5,0.5,0.5,0.5,0.5,0.5,0.5,0.5,0.5
-18.946121215820312,65.71820068359375,-118.31468200683592,1.5,2.5,1.5,2.5,1.5,2.5,1.5,2.5,1.5,2.5,0.5,0.5,0.5,0.5,1.5,2.5,0.5,0.5,0.5,0.5,0.5,0.5,2.5,1.5,1.5,2.5,1.5,2.5,1.5,2.5,2.5,1.5,1.5,2.5,2.5,1.5,2.5,1.5,1.5,2.5,1.5,2.5
72.55294799804686,94.31919860839844,189.23294067382807,1.5,2.5,1.5,2.5,1.5,2.5,1.5,2.5,1.5,2.5,0.5,0.5,0.5,0.5,2.5,1.5,1.5,2.5,1.5,2.5,1.5,2.5,1.5,2.5,0.5,0.5,0.5,0.5,0.5,0.5,1.5,2.5,0.5,0.5,1.5,2.5,0.5,0.5,0.5,0.5,0.5,0.5
25.67465209960937,-25.700897216796875,-96.7235412597656,1.5,2.5,1.5,2.5,1.5,2.5,1.5,2.5,2.5,1.5,2.5,1.5,2.5,1.5,0.5,0.5,0.5,0.5,0.5,0.5,0.5,0.5,0.5,0.5,0.5,0.5,0.5,0.5,0.5,0.5,0.5,0.5,0.5,0.5,0.5,0.5,0.5,0.5,0.5,0.5,0.5,0.5
-96.0844955444336,-12.545326232910156,57.89059448242188,1.5,2.5,1.5,2.5,1.5,2.5,1.5,2.5,2.5,1.5,1.5,2.5,0.5,0.5,0.5,0.5,0.5,0.5,0.5,0.5,0.5,0.5,0.5,0.5,0.5,0.5,0.5,0.5,0.5,0.5,0.5,0.5,0.5,0.5,0.5,0.5,0.5,0.5,0.5,0.5,0.5,0.5
53.56666564941406,95.59710693359376,-109.09222412109376,1.5,2.5,1.5,2.5,1.5,2.5,1.5,2.5,1.5,2.5,0.5,0.5,0.5,0.5,1.5,2.5,0.5,0.5,0.5,0.5,0.5,0.5,2.5,1.5,1.5,2.5,1.5,2.5,1.5,2.5,1.5,2.5,0.5,0.5,1.5,2.5,0.5,0.5,0.5,0.5,0.5,0.5
-88.53627014160156,54.86090087890625,-89.72960662841795,1.5,2.5,1.5,2.5,1.5,2.5,1.5,2.5,1.5,2.5,0.5,0.5,0.5,0.5,1.5,2.5,0.5,0.5,0.5,0.5,0.5,0.5,1.5,2.5,0.5,0.5,0.5,0.5,0.5,0.5,2.5,1.5,1.5,2.5,2.5,1.5,2.5,1.5,1.5,2.5,1.5,2.5
-87.83807373046875,16.60198974609375,158.9970703125,1.5,2.5,1.5,2.5,1.5,2.5,1.5,2.5,1.5,2.5,0.5,0.5,0.5,0.5,2.5,1.5,1.5,2.5,1.5,2.5,1.5,2.5,1.5,2.5,0.5,0.5,0.5,0.5,0.5,0.5,2.5,1.5,1.5,2.5,2.5,1.5,2.5,1.5,1.5,2.5,1.5,2.5
-59.18744659423828,79.92404174804686,144.41384887695312,1.5,2.5,1.5,2.5,1.5,2.5,1.5,2.5,1.5,2.5,0.5,0.5,0.5,0.5,2.5,1.5,1.5,2.5,1.5,2.5,1.5,2.5,1.5,2.5,0.5,0.5,0.5,0.5,0.5,0.5,2.5,1.5,1.5,2.5,2.5,1.5,2.5,1.5,1.5,2.5,1.5,2.5
-57.4829216003418,-11.220230102539062,-83.30807495117188,1.5,2.5,1.5,2.5,1.5,2.5,1.5,2.5,2.5,1.5,1.5,2.5,0.5,0.5,0.5,0.5,0.5,0.5,0.5,0.5,0.5,0.5,0.5,0.5,0.5,0.5,0.5,0.5,0.5,0.5,0.5,0.5,0.5,0.5,0.5,0.5,0.5,0.5,0.5,0.5,0.5,0.5
97.04940795898436,-97.79340362548828,-155.73463439941406,1.5,2.5,1.5,2.5,1.5,2.5,1.5,2.5,2.5,1.5,2.5,1.5,2.5,1.5,0.5,0.5,0.5,0.5,0.5,0.5,0.5,0.5,0.5,0.5,0.5,0.5,0.5,0.5,0.5,0.5,0.5,0.5,0.5,0.5,0.5,0.5,0.5,0.5,0.5,0.5,0.5,0.5
-29.594299316406246,81.31718444824217,-182.55776977539065,1.5,2.5,1.5,2.5,1.5,2.5,1.5,2.5,1.5,2.5,0.5,0.5,0.5,0.5,1.5,2.5,0.5,0.5,0.5,0.5,0.5,0.5,2.5,1.5,1.5,2.5,1.5,2.5,1.5,2.5,2.5,1.5,1.5,2.5,2.5,1.5,2.5,1.5,1.5,2.5,1.5,2.5
19.638702392578125,65.25718688964844,-88.86869049072266,1.5,2.5,1.5,2.5,1.5,2.5,1.5,2.5,1.5,2.5,0.5,0.5,0.5,0.5,1.5,2.5,0.5,0.5,0.5,0.5,0.5,0.5,1.5,2.5,0.5,0.5,0.5,0.5,0.5,0.5,1.5,2.5,0.5,0.5,1.5,2.5,0.5,0.5,0.5,0.5,0.5,0.5
-90.13170623779295,16.871070861816406,-130.559326171875,1.5,2.5,1.5,2.5,1.5,2.5,1.5,2.5,1.5,2.5,0.5,0.5,0.5,0.5,1.5,2.5,0.5,0.5,0.5,0.5,0.5,0.5,2.5,1.5,1.5,2.5,1.5,2.5,1.5,2.5,2.5,1.5,1.5,2.5,2.5,1.5,2.5,1.5,1.5,2.5,1.5,2.5
-80.46689605712889,-7.117431640625,101.34054565429688,1.5,2.5,1.5,2.5,1.5,2.5,1.5,2.5,2.5,1.5,1.5,2.5,0.5,0.5,0.5,0.5,0.5,0.5,0.5,0.5,0.5,0.5,0.5,0.5,0.5,0.5,0.5,0.5,0.5,0.5,0.5,0.5,0.5,0.5,0.5,0.5,0.5,0.5,0.5,0.5,0.5,0.5
57.17155456542969,-2.41424560546875,101.83529663085936,1.5,2.5,1.5,2.5,1.5,2.5,1.5,2.5,2.5,1.5,2.5,1.5,2.5,1.5,0.5,0.5,0.5,0.5,0.5,0.5,0.5,0.5,0.5,0.5,0.5,0.5,0.5,0.5,0.5,0.5,0.5,0.5,0.5,0.5,0.5,0.5,0.5,0.5,0.5,0.5,0.5,0.5
-70.55011749267578,2.808822631835937,123.8865966796875,1.5,2.5,1.5,2.5,1.5,2.5,1.5,2.5,1.5,2.5,0.5,0.5,0.5,0.5,2.5,1.5,1.5,2.5,1.5,2.5,1.5,2.5,1.5,2.5,0.5,0.5,0.5,0.5,0.5,0.5,2.5,1.5,1.5,2.5,2.5,1.5,2.5,1.5,1.5,2.5,1.5,2.5
-47.95135116577149,-95.37194061279295,-113.80912017822264,1.5,2.5,1.5,2.5,1.5,2.5,1.5,2.5,2.5,1.5,2.5,1.5,1.5,2.5,1.5,2.5,0.5,0.5,0.5,0.5,0.5,0.5,2.5,1.5,1.5,2.5,1.5,2.5,1.5,2.5,2.5,1.5,2.5,1.5,0.5,0.5,0.5,0.5,0.5,0.5,0.5,0.5
-81.03604125976561,-81.48422241210938,28.904510498046875,1.5,2.5,2.5,1.5,0.5,0.5,0.5,0.5,0.5,0.5,0.5,0.5,0.5,0.5,0.5,0.5,0.5,0.5,0.5,0.5,0.5,0.5,0.5,0.5,0.5,0.5,0.5,0.5,0.5,0.5,0.5,0.5,0.5,0.5,0.5,0.5,0.5,0.5,0.5,0.5,0.5,0.5
81.90844726562499,-97.0150909423828,-33.10487365722656,1.5,2.5,1.5,2.5,1.5,2.5,1.5,2.5,2.5,1.5,2.5,1.5,2.5,1.5,0.5,0.5,0.5,0.5,0.5,0.5,0.5,0.5,0.5,0.5,0.5,0.5,0.5,0.5,0.5,0.5,0.5,0.5,0.5,0.5,0.5,0.5,0.5,0.5,0.5,0.5,0.5,0.5
50.55842590332031,-61.01277542114258,125.01885986328124,1.5,2.5,1.5,2.5,1.5,2.5,1.5,2.5,2.5,1.5,2.5,1.5,2.5,1.5,0.5,0.5,0.5,0.5,0.5,0.5,0.5,0.5,0.5,0.5,0.5,0.5,0.5,0.5,0.5,0.5,0.5,0.5,0.5,0.5,0.5,0.5,0.5,0.5,0.5,0.5,0.5,0.5
22.982429504394528,62.24098205566406,122.63119506835936,1.5,2.5,1.5,2.5,1.5,2.5,1.5,2.5,1.5,2.5,0.5,0.5,0.5,0.5,2.5,1.5,1.5,2.5,1.5,2.5,1.5,2.5,1.5,2.5,0.5,0.5,0.5,0.5,0.5,0.5,1.5,2.5,0.5,0.5,1.5,2.5,0.5,0.5,0.5,0.5,0.5,0.5
53.84503173828125,-21.401931762695312,-109.21060943603516,1.5,2.5,1.5,2.5,1.5,2.5,1.5,2.5,2.5,1.5,2.5,1.5,2.5,1.5,0.5,0.5,0.5,0.5,0.5,0.5,0.5,0.5,0.5,0.5,0.5,0.5,0.5,0.5,0.5,0.5,0.5,0.5,0.5,0.5,0.5,0.5,0.5,0.5,0.5,0.5,0.5,0.5
-52.786128997802734,-94.634521484375,-45.30279541015625,1.5,2.5,1.5,2.5,1.5,2.5,1.5,2.5,2.5,1.5,2.5,1.5,1.5,2.5,1.5,2.5,0.5,0.5,0.5,0.5,0.5,0.5,1.5,2.5,0.5,0.5,0.5,0.5,0.5,0.5,2.5,1.5,2.5,1.5,0.5,0.5,0.5,0.5,0.5,0.5,0.5,0.5
28.215591430664062,78.36686706542967,103.28842163085936,1.5,2.5,1.5,2.5,1.5,2.5,1.5,2.5,1.5,2.5,0.5,0.5,0.5,0.5,2.5,1.5,1.5,2.5,1.5,2.5,1.5,2.5,1.5,2.5,0.5,0.5,0.5,0.5,0.5,0.5,1.5,2.5,0.5,0.5,1.5,2.5,0.5,0.5,0.5,0.5,0.5,0.5
-54.84300231933594,-79.88924407958984,44.04583740234375,1.5,2.5,1.5,2.5,1.5,2.5,1.5,2.5,2.5,1.5,2.5,1.5,1.5,2.5,1.5,2.5,0.5,0.5,0.5,0.5,0.5,0.5,1.5,2.5,0.5,0.5,0.5,0.5,0.5,0.5,2.5,1.5,2.5,1.5,0.5,0.5,0.5,0.5,0.5,0.5,0.5,0.5
-83.56640625,73.5372314453125,-66.93472290039062,1.5,2.5,1.5,2.5,1.5,2.5,1.5,2.5,1.5,2.5,0.5,0.5,0.5,0.5,1.5,2.5,0.5,0.5,0.5,0.5,0.5,0.5,1.5,2.5,0.5,0.5,0.5,0.5,0.5,0.5,2.5,1.5,1.5,2.5,2.5,1.5,2.5,1.5,1.5,2.5,1.5,2.5
54.85516357421875,56.31068420410156,127.92825317382812,1.5,2.5,1.5,2.5,1.5,2.5,1.5,2.5,1.5,2.5,0.5,0.5,0.5,0.5,2.5,1.5,1.5,2.5,1.5,2.5,1.5,2.5,1.5,2.5,0.5,0.5,0.5,0.5,0.5,0.5,1.5,2.5,0.5,0.5,1.5,2.5,0.5,0.5,0.5,0.5,0.5,0.5
-10.625228881835936,-69.58251953125,-75.26306915283203,1.5,2.5,1.5,2.5,1.5,2.5,1.5,2.5,2.5,1.5,2.5,1.5,1.5,2.5,1.5,2.5,0.5,0.5,0.5,0.5,0.5,0.5,1.5,2.5,0.5,0.5,0.5,0.5,0.5,0.5,2.5,1.5,2.5,1.5,0.5,0.5,0.5,0.5,0.5,0.5,0.5,0.5
-79.44311523437501,26.062751770019528,160.21072387695312,1.5,2.5,1.5,2.5,1.5,2.5,1.5,2.5,1.5,2.5,0.5,0.5,0.5,0.5,2.5,1.5,1.5,2.5,1.5,2.5,1.5,2.5,1.5,2.5,0.5,0.5,0.5,0.5,0.5,0.5,2.5,1.5,1.5,2.5,2.5,1.5,2.5,1.5,1.5,2.5,1.5,2.5
94.6034698486328,91.5621337890625,114.04229736328124,1.5,2.5,1.5,2.5,1.5,2.5,1.5,2.5,1.5,2.5,0.5,0.5,0.5,0.5,2.5,1.5,1.5,2.5,1.5,2.5,1.5,2.5,1.5,2.5,0.5,0.5,0.5,0.5,0.5,0.5,1.5,2.5,0.5,0.5,1.5,2.5,0.5,0.5,0.5,0.5,0.5,0.5
98.713623046875,-72.74961090087889,-106.05441284179688,1.5,2.5,1.5,2.5,1.5,2.5,1.5,2.5,2.5,1.5,2.5,1.5,2.5,1.5,0.5,0.5,0.5,0.5,0.5,0.5,0.5,0.5,0.5,0.5,0.5,0.5,0.5,0.5,0.5,0.5,0.5,0.5,0.5,0.5,0.5,0.5,0.5,0.5,0.5,0.5,0.5,0.5
89.68681335449217,-56.2960090637207,56.63702392578125,1.5,2.5,1.5,2.5,1.5,2.5,1.5,2.5,2.5,1.5,2.5,1.5,2.5,1.5,0.5,0.5,0.5,0.5,0.5,0.5,0.5,0.5,0.5,0.5,0.5,0.5,0.5,0.5,0.5,0.5,0.5,0.5,0.5,0.5,0.5,0.5,0.5,0.5,0.5,0.5,0.5,0.5
91.57438659667967,-88.88008880615233,-49.984405517578125,1.5,2.5,1.5,2.5,1.5,2.5,1.5,2.5,2.5,1.5,2.5,1.5,2.5,1.5,0.5,0.5,0.5,0.5,0.5,0.5,0.5,0.5,0.5,0.5,0.5,0.5,0.5,0.5,0.5,0.5,0.5,0.5,0.5,0.5,0.5,0.5,0.5,0.5,0.5,0.5,0.5,0.5
98.95806884765624,-69.20858764648438,-63.279006958007805,1.5,2.5,1.5,2.5,1.5,2.5,1.5,2.5,2.5,1.5,2.5,1.5,2.5,1.5,0.5,0.5,0.5,0.5,0.5,0.5,0.5,0.5,0.5,0.5,0.5,0.5,0.5,0.5,0.5,0.5,0.5,0.5,0.5,0.5,0.5,0.5,0.5,0.5,0.5,0.5,0.5,0.5
97.81781005859376,-72.01754760742188,132.75103759765625,1.5,2.5,1.5,2.5,1.5,2.5,1.5,2.5,2.5,1.5,2.5,1.5,2.5,1.5,0.5,0.5,0.5,0.5,0.5,0.5,0.5,0.5,0.5,0.5,0.5,0.5,0.5,0.5,0.5,0.5,0.5,0.5,0.5,0.5,0.5,0.5,0.5,0.5,0.5,0.5,0.5,0.5
98.249755859375,-32.403518676757805,190.22393798828125,1.5,2.5,1.5,2.5,1.5,2.5,1.5,2.5,2.5,1.5,2.5,1.5,2.5,1.5,0.5,0.5,0.5,0.5,0.5,0.5,0.5,0.5,0.5,0.5,0.5,0.5,0.5,0.5,0.5,0.5,0.5,0.5,0.5,0.5,0.5,0.5,0.5,0.5,0.5,0.5,0.5,0.5
45.13668823242188,-18.642807006835938,6.605880737304688,1.5,2.5,1.5,2.5,1.5,2.5,1.5,2.5,2.5,1.5,2.5,1.5,2.5,1.5,0.5,0.5,0.5,0.5,0.5,0.5,0.5,0.5,0.5,0.5,0.5,0.5,0.5,0.5,0.5,0.5,0.5,0.5,0.5,0.5,0.5,0.5,0.5,0.5,0.5,0.5,0.5,0.5
87.94552612304686,-76.84092712402342,59.26477050781249,1.5,2.5,1.5,2.5,1.5,2.5,1.5,2.5,2.5,1.5,2.5,1.5,2.5,1.5,0.5,0.5,0.5,0.5,0.5,0.5,0.5,0.5,0.5,0.5,0.5,0.5,0.5,0.5,0.5,0.5,0.5,0.5,0.5,0.5,0.5,0.5,0.5,0.5,0.5,0.5,0.5,0.5
28.66273498535156,-37.26308441162109,-129.11553955078125,1.5,2.5,1.5,2.5,1.5,2.5,1.5,2.5,2.5,1.5,2.5,1.5,2.5,1.5,0.5,0.5,0.5,0.5,0.5,0.5,0.5,0.5,0.5,0.5,0.5,0.5,0.5,0.5,0.5,0.5,0.5,0.5,0.5,0.5,0.5,0.5,0.5,0.5,0.5,0.5,0.5,0.5
-56.4758415222168,-86.09284973144531,162.13504028320312,1.5,2.5,1.5,2.5,1.5,2.5,1.5,2.5,2.5,1.5,2.5,1.5,1.5,2.5,2.5,1.5,1.5,2.5,1.5,2.5,1.5,2.5,1.5,2.5,0.5,0.5,0.5,0.5,0.5,0.5,2.5,1.5,2.5,1.5,0.5,0.5,0.5,0.5,0.5,0.5,0.5,0.5
95.46168518066406,-1.467742919921875,148.12557983398435,1.5,2.5,1.5,2.5,1.5,2.5,1.5,2.5,2.5,1.5,2.5,1.5,2.5,1.5,0.5,0.5,0.5,0.5,0.5,0.5,0.5,0.5,0.5,0.5,0.5,0.5,0.5,0.5,0.5,0.5,0.5,0.5,0.5,0.5,0.5,0.5,0.5,0.5,0.5,0.5,0.5,0.5
-5.43408203125,29.153152465820312,-82.50245666503906,1.5,2.5,1.5,2.5,1.5,2.5,1.5,2.5,1.5,2.5,0.5,0.5,0.5,0.5,1.5,2.5,0.5,0.5,0.5,0.5,0.5,0.5,1.5,2.5,0.5,0.5,0.5,0.5,0.5,0.5,2.5,1.5,1.5,2.5,2.5,1.5,2.5,1.5,1.5,2.5,1.5,2.5
70.07609558105469,-17.539581298828125,86.57278442382812,1.5,2.5,1.5,2.5,1.5,2.5,1.5,2.5,2.5,1.5,2.5,1.5,2.5,1.5,0.5,0.5,0.5,0.5,0.5,0.5,0.5,0.5,0.5,0.5,0.5,0.5,0.5,0.5,0.5,0.5,0.5,0.5,0.5,0.5,0.5,0.5,0.5,0.5,0.5,0.5,0.5,0.5
98.75007629394533,10.267532348632812,-79.7210464477539,1.5,2.5,1.5,2.5,1.5,2.5,1.5,2.5,1.5,2.5,0.5,0.5,0.5,0.5,1.5,2.5,0.5,0.5,0.5,0.5,0.5,0.5,1.5,2.5,0.5,0.5,0.5,0.5,0.5,0.5,1.5,2.5,0.5,0.5,1.5,2.5,0.5,0.5,0.5,0.5,0.5,0.5
-90.988037109375,23.730758666992188,144.45028686523435,1.5,2.5,1.5,2.5,1.5,2.5,1.5,2.5,1.5,2.5,0.5,0.5,0.5,0.5,2.5,1.5,1.5,2.5,1.5,2.5,1.5,2.5,1.5,2.5,0.5,0.5,0.5,0.5,0.5,0.5,2.5,1.5,1.5,2.5,2.5,1.5,2.5,1.5,1.5,2.5,1.5,2.5
94.06257629394533,-49.989654541015625,88.74398803710938,1.5,2.5,1.5,2.5,1.5,2.5,1.5,2.5,2.5,1.5,2.5,1.5,2.5,1.5,0.5,0.5,0.5,0.5,0.5,0.5,0.5,0.5,0.5,0.5,0.5,0.5,0.5,0.5,0.5,0.5,0.5,0.5,0.5,0.5,0.5,0.5,0.5,0.5,0.5,0.5,0.5,0.5
48.12632751464844,81.13607788085938,-30.422531127929688,1.5,2.5,1.5,2.5,1.5,2.5,1.5,2.5,1.5,2.5,0.5,0.5,0.5,0.5,1.5,2.5,0.5,0.5,0.5,0.5,0.5,0.5,1.5,2.5,0.5,0.5,0.5,0.5,0.5,0.5,1.5,2.5,0.5,0.5,1.5,2.5,0.5,0.5,0.5,0.5,0.5,0.5
-11.517288208007812,62.41198730468751,-141.29928588867188,1.5,2.5,1.5,2.5,1.5,2.5,1.5,2.5,1.5,2.5,0.5,0.5,0.5,0.5,1.5,2.5,0.5,0.5,0.5,0.5,0.5,0.5,2.5,1.5,1.5,2.5,1.5,2.5,1.5,2.5,2.5,1.5,1.5,2.5,2.5,1.5,2.5,1.5,1.5,2.5,1.5,2.5
98.929931640625,-0.3205032348632812,165.13607788085935,1.5,2.5,1.5,2.5,2.5,1.5,0.5,0.5,0.5,0.5,0.5,0.5,0.5,0.5,0.5,0.5,0.5,0.5,0.5,0.5,0.5,0.5,0.5,0.5,0.5,0.5,0.5,0.5,0.5,0.5,0.5,0.5,0.5,0.5,0.5,0.5,0.5,0.5,0.5,0.5,0.5,0.5
-92.43927764892578,-98.13053131103517,160.14581298828125,1.5,2.5,1.5,2.5,1.5,2.5,1.5,2.5,2.5,1.5,2.5,1.5,1.5,2.5,2.5,1.5,1.5,2.5,1.5,2.5,1.5,2.5,1.5,2.5,0.5,0.5,0.5,0.5,0.5,0.5,2.5,1.5,2.5,1.5,0.5,0.5,0.5,0.5,0.5,0.5,0.5,0.5
-70.02904510498047,53.86357116699219,45.22209167480469,1.5,2.5,1.5,2.5,1.5,2.5,1.5,2.5,1.5,2.5,0.5,0.5,0.5,0.5,1.5,2.5,0.5,0.5,0.5,0.5,0.5,0.5,1.5,2.5,0.5,0.5,0.5,0.5,0.5,0.5,2.5,1.5,1.5,2.5,2.5,1.5,2.5,1.5,1.5,2.5,1.5,2.5
-61.97421646118164,-77.94713592529295,102.26657104492188,1.5,2.5,1.5,2.5,1.5,2.5,1.5,2.5,2.5,1.5,2.5,1.5,1.5,2.5,2.5,1.5,1.5,2.5,1.5,2.5,1.5,2.5,1.5,2.5,0.5,0.5,0.5,0.5,0.5,0.5,2.5,1.5,2.5,1.5,0.5,0.5,0.5,0.5,0.5,0.5,0.5,0.5
45.61407470703125,49.391647338867195,58.10595703125,1.5,2.5,1.5,2.5,1.5,2.5,1.5,2.5,1.5,2.5,0.5,0.5,0.5,0.5,1.5,2.5,0.5,0.5,0.5,0.5,0.5,0.5,1.5,2.5,0.5,0.5,0.5,0.5,0.5,0.5,1.5,2.5,0.5,0.5,1.5,2.5,0.5,0.5,0.5,0.5,0.5,0.5
-98.04817199707033,5.066452026367188,-137.18267822265625,1.5,2.5,1.5,2.5,1.5,2.5,1.5,2.5,1.5,2.5,0.5,0.5,0.5,0.5,1.5,2.5,0.5,0.5,0.5,0.5,0.5,0.5,2.5,1.5,1.5,2.5,1.5,2.5,1.5,2.5,2.5,1.5,1.5,2.5,2.5,1.5,2.5,1.5,1.5,2.5,1.5,2.5
-90.93070983886719,74.22654724121092,75.35067749023438,1.5,2.5,1.5,2.5,1.5,2.5,1.5,2.5,1.5,2.5,0.5,0.5,0.5,0.5,1.5,2.5,0.5,0.5,0.5,0.5,0.5,0.5,1.5,2.5,0.5,0.5,0.5,0.5,0.5,0.5,2.5,1.5,1.5,2.5,2.5,1.5,2.5,1.5,1.5,2.5,1.5,2.5
46.56005859375,-79.8435821533203,-17.798202514648438,1.5,2.5,1.5,2.5,1.5,2.5,1.5,2.5,2.5,1.5,2.5,1.5,2.5,1.5,0.5,0.5,0.5,0.5,0.5,0.5,0.5,0.5,0.5,0.5,0.5,0.5,0.5,0.5,0.5,0.5,0.5,0.5,0.5,0.5,0.5,0.5,0.5,0.5,0.5,0.5,0.5,0.5
76.03372192382812,-30.25596618652344,72.86257934570312,1.5,2.5,1.5,2.5,1.5,2.5,1.5,2.5,2.5,1.5,2.5,1.5,2.5,1.5,0.5,0.5,0.5,0.5,0.5,0.5,0.5,0.5,0.5,0.5,0.5,0.5,0.5,0.5,0.5,0.5,0.5,0.5,0.5,0.5,0.5,0.5,0.5,0.5,0.5,0.5,0.5,0.5
40.459259033203125,63.618988037109375,148.008544921875,1.5,2.5,1.5,2.5,1.5,2.5,1.5,2.5,1.5,2.5,0.5,0.5,0.5,0.5,2.5,1.5,1.5,2.5,1.5,2.5,1.5,2.5,1.5,2.5,0.5,0.5,0.5,0.5,0.5,0.5,1.5,2.5,0.5,0.5,1.5,2.5,0.5,0.5,0.5,0.5,0.5,0.5
15.139732360839844,-52.625484466552734,185.603759765625,1.5,2.5,1.5,2.5,1.5,2.5,1.5,2.5,2.5,1.5,2.5,1.5,2.5,1.5,0.5,0.5,0.5,0.5,0.5,0.5,0.5,0.5,0.5,0.5,0.5,0.5,0.5,0.5,0.5,0.5,0.5,0.5,0.5,0.5,0.5,0.5,0.5,0.5,0.5,0.5,0.5,0.5
