a,b,x,b449,b450,b451,b452,b453,b454,b455,b456,b457,b458,b459,b460,b461,b462,b463,b464,b465,b466,b467,b468,b469,b470,b471,b472,b473,b474,b475,b476,b477,b478,b479,b480,b481,b482,b483,b484,b485,b486,b487,b488,b489,b490
39.96827093,-32.99922646,150.4820883,1.5,2.5,1.5,2.5,1.5,2.5,1.5,2.5,2.5,1.5,2.5,1.5,2.5,1.5,0.5,0.5,0.5,0.5,0.5,0.5,0.5,0.5,0.5,0.5,0.5,0.5,0.5,0.5,0.5,0.5,0.5,0.5,0.5,0.5,0.5,0.5,0.5,0.5,0.5,0.5,0.5,0.5
98.4225251,-66.67973247,184.7299414,1.5,2.5,1.5,2.5,1.5,2.5,1.5,2.5,2.5,1.5,2.5,1.5,2.5,1.5,0.5,0.5,0.5,0.5,0.5,0.5,0.5,0.5,0.5,0.5,0.5,0.5,0.5,0.5,0.5,0.5,0.5,0.5,0.5,0.5,0.5,0.5,0.5,0.5,0.5,0.5,0.5,0.5
52.82245332,85.82854491,58.36193615,1.5,2.5,1.5,2.5,1.5,2.5,1.5,2.5,1.5,2.5,0.5,0.5,0.5,0.5,1.5,2.5,0.5,0.5,0.5,0.5,0.5,0.5,1.5,2.5,0.5,0.5,0.5,0.5,0.5,0.5,1.5,2.5,0.5,0.5,1.5,2.5,0.5,0.5,0.5,0.5,0.5,0.5
40.38330895,43.84841554,-28.59128281,1.5,2.5,1.5,2.5,1.5,2.5,1.5,2.5,1.5,2.5,0.5,0.5,0.5,0.5,1.5,2.5,0.5,0.5,0.5,0.5,0.5,0.5,1.5,2.5,0.5,0.5,0.5,0.5,0.5,0.5,1.5,2.5,0.5,0.5,1.5,2.5,0.5,0.5,0.5,0.5,0.5,0.5
66.63244283,-79.14489206,88.47212023,1.5,2.5,1.5,2.5,1.5,2.5,1.5,2.5,2.5,1.5,2.5,1.5,2.5,1.5,0.5,0.5,0.5,0.5,0.5,0.5,0.5,0.5,0.5,0.5,0.5,0.5,0.5,0.5,0.5,0.5,0.5,0.5,0.5,0.5,0.5,0.5,0.5,0.5,0.5,0.5,0.5,0.5
20.99591393,79.92574707,-46.41864279,1.5,2.5,1.5,2.5,1.5,2.5,1.5,2.5,1.5,2.5,0.5,0.5,0.5,0.5,1.5,2.5,0.5,0.5,0.5,0.5,0.5,0.5,1.5,2.5,0.5,0.5,0.5,0.5,0.5,0.5,1.5,2.5,0.5,0.5,1.5,2.5,0.5,0.5,0.5,0.5,0.5,0.5
67.0242195,66.31303432,-73.57095432,1.5,2.5,1.5,2.5,1.5,2.5,1.5,2.5,1.5,2.5,0.5,0.5,0.5,0.5,1.5,2.5,0.5,0.5,0.5,0.5,0.5,0.5,1.5,2.5,0.5,0.5,0.5,0.5,0.5,0.5,1.5,2.5,0.5,0.5,1.5,2.5,0.5,0.5,0.5,0.5,0.5,0.5
-92.67868059,72.79280771,112.3890793,1.5,2.5,1.5,2.5,1.5,2.5,1.5,2.5,1.5,2.5,0.5,0.5,0.5,0.5,2.5,1.5,1.5,2.5,1.5,2.5,1.5,2.5,1.5,2.5,0.5,0.5,0.5,0.5,0.5,0.5,2.5,1.5,1.5,2.5,2.5,1.5,2.5,1.5,1.5,2.5,1.5,2.5
51.47220546,-67.90192637,-84.99005519,1.5,2.5,1.5,2.5,1.5,2.5,1.5,2.5,2.5,1.5,2.5,1.5,2.5,1.5,0.5,0.5,0.5,0.5,0.5,0.5,0.5,0.5,0.5,0.5,0.5,0.5,0.5,0.5,0.5,0.5,0.5,0.5,0.5,0.5,0.5,0.5,0.5,0.5,0.5,0.5,0.5,0.5
73.88330152,-13.56239804,188.8530353,1.5,2.5,1.5,2.5,1.5,2.5,1.5,2.5,2.5,1.5,2.5,1.5,2.5,1.5,0.5,0.5,0.5,0.5,0.5,0.5,0.5,0.5,0.5,0.5,0.5,0.5,0.5,0.5,0.5,0.5,0.5,0.5,0.5,0.5,0.5,0.5,0.5,0.5,0.5,0.5,0.5,0.5
74.76002803,36.06991204,126.6641106,1.5,2.5,1.5,2.5,1.5,2.5,1.5,2.5,1.5,2.5,0.5,0.5,0.5,0.5,2.5,1.5,1.5,2.5,1.5,2.5,1.5,2.5,1.5,2.5,0.5,0.5,0.5,0.5,0.5,0.5,1.5,2.5,0.5,0.5,1.5,2.5,0.5,0.5,0.5,0.5,0.5,0.5
-4.09750756,10.25914151,30.96294918,1.5,2.5,1.5,2.5,1.5,2.5,1.5,2.5,1.5,2.5,0.5,0.5,0.5,0.5,1.5,2.5,0.5,0.5,0.5,0.5,0.5,0.5,1.5,2.5,0.5,0.5,0.5,0.5,0.5,0.5,2.5,1.5,1.5,2.5,2.5,1.5,2.5,1.5,1.5,2.5,1.5,2.5
27.97677248,16.49369087,176.0364412,1.5,2.5,1.5,2.5,1.5,2.5,1.5,2.5,1.5,2.5,0.5,0.5,0.5,0.5,2.5,1.5,1.5,2.5,1.5,2.5,1.5,2.5,1.5,2.5,0.5,0.5,0.5,0.5,0.5,0.5,1.5,2.5,0.5,0.5,1.5,2.5,0.5,0.5,0.5,0.5,0.5,0.5
-30.36006224,11.5312857,101.3646335,1.5,2.5,1.5,2.5,1.5,2.5,1.5,2.5,1.5,2.5,0.5,0.5,0.5,0.5,2.5,1.5,1.5,2.5,1.5,2.5,1.5,2.5,1.5,2.5,0.5,0.5,0.5,0.5,0.5,0.5,2.5,1.5,1.5,2.5,2.5,1.5,2.5,1.5,1.5,2.5,1.5,2.5
33.62172851,-45.01276568,-9.887555257,1.5,2.5,1.5,2.5,1.5,2.5,1.5,2.5,2.5,1.5,2.5,1.5,2.5,1.5,0.5,0.5,0.5,0.5,0.5,0.5,0.5,0.5,0.5,0.5,0.5,0.5,0.5,0.5,0.5,0.5,0.5,0.5,0.5,0.5,0.5,0.5,0.5,0.5,0.5,0.5,0.5,0.5
44.08488203,-62.51712699,168.9034388,1.5,2.5,1.5,2.5,1.5,2.5,1.5,2.5,2.5,1.5,2.5,1.5,2.5,1.5,0.5,0.5,0.5,0.5,0.5,0.5,0.5,0.5,0.5,0.5,0.5,0.5,0.5,0.5,0.5,0.5,0.5,0.5,0.5,0.5,0.5,0.5,0.5,0.5,0.5,0.5,0.5,0.5
33.46627296,-13.38103227,-103.6278597,1.5,2.5,1.5,2.5,1.5,2.5,1.5,2.5,2.5,1.5,2.5,1.5,2.5,1.5,0.5,0.5,0.5,0.5,0.5,0.5,0.5,0.5,0.5,0.5,0.5,0.5,0.5,0.5,0.5,0.5,0.5,0.5,0.5,0.5,0.5,0.5,0.5,0.5,0.5,0.5,0.5,0.5
84.2738588,-33.77686857,182.794628,1.5,2.5,1.5,2.5,1.5,2.5,1.5,2.5,2.5,1.5,2.5,1.5,2.5,1.5,0.5,0.5,0.5,0.5,0.5,0.5,0.5,0.5,0.5,0.5,0.5,0.5,0.5,0.5,0.5,0.5,0.5,0.5,0.5,0.5,0.5,0.5,0.5,0.5,0.5,0.5,0.5,0.5
-42.60179996,76.56007059,67.32499648,1.5,2.5,1.5,2.5,1.5,2.5,1.5,2.5,1.5,2.5,0.5,0.5,0.5,0.5,1.5,2.5,0.5,0.5,0.5,0.5,0.5,0.5,1.5,2.5,0.5,0.5,0.5,0.5,0.5,0.5,2.5,1.5,1.5,2.5,2.5,1.5,2.5,1.5,1.5,2.5,1.5,2.5
1.00931987,84.38956765,144.5194285,1.5,2.5,1.5,2.5,1.5,2.5,1.5,2.5,1.5,2.5,0.5,0.5,0.5,0.5,2.5,1.5,1.5,2.5,2.5,1.5,1.5,2.5,1.5,2.5,0.5,0.5,0.5,0.5,0.5,0.5,1.5,2.5,0.5,0.5,1.5,2.5,0.5,0.5,0.5,0.5,0.5,0.5
-94.80738706,89.81805101,57.65984044,1.5,2.5,1.5,2.5,1.5,2.5,1.5,2.5,1.5,2.5,0.5,0.5,0.5,0.5,1.5,2.5,0.5,0.5,0.5,0.5,0.5,0.5,1.5,2.5,0.5,0.5,0.5,0.5,0.5,0.5,2.5,1.5,1.5,2.5,2.5,1.5,2.5,1.5,1.5,2.5,1.5,2.5
57.76753097,-38.27094854,-54.06835888,1.5,2.5,1.5,2.5,1.5,2.5,1.5,2.5,2.5,1.5,2.5,1.5,2.5,1.5,0.5,0.5,0.5,0.5,0.5,0.5,0.5,0.5,0.5,0.5,0.5,0.5,0.5,0.5,0.5,0.5,0.5,0.5,0.5,0.5,0.5,0.5,0.5,0.5,0.5,0.5,0.5,0.5
-45.85811809,53.66643746,115.828221,1.5,2.5,1.5,2.5,1.5,2.5,1.5,2.5,1.5,2.5,0.5,0.5,0.5,0.5,2.5,1.5,1.5,2.5,1.5,2.5,1.5,2.5,1.5,2.5,0.5,0.5,0.5,0.5,0.5,0.5,2.5,1.5,1.5,2.5,2.5,1.5,2.5,1.5,1.5,2.5,1.5,2.5
-78.7967999,75.12955787,190.8925079,1.5,2.5,1.5,2.5,1.5,2.5,1.5,2.5,1.5,2.5,0.5,0.5,0.5,0.5,2.5,1.5,1.5,2.5,1.5,2.5,1.5,2.5,1.5,2.5,0.5,0.5,0.5,0.5,0.5,0.5,2.5,1.5,1.5,2.5,2.5,1.5,2.5,1.5,1.5,2.5,1.5,2.5
80.92384706,-72.60120493,-33.93756201,1.5,2.5,1.5,2.5,1.5,2.5,1.5,2.5,2.5,1.5,2.5,1.5,2.5,1.5,0.5,0.5,0.5,0.5,0.5,0.5,0.5,0.5,0.5,0.5,0.5,0.5,0.5,0.5,0.5,0.5,0.5,0.5,0.5,0.5,0.5,0.5,0.5,0.5,0.5,0.5,0.5,0.5
22.71567984,-66.69224751,-126.7511408,1.5,2.5,1.5,2.5,1.5,2.5,1.5,2.5,2.5,1.5,2.5,1.5,2.5,1.5,0.5,0.5,0.5,0.5,0.5,0.5,0.5,0.5,0.5,0.5,0.5,0.5,0.5,0.5,0.5,0.5,0.5,0.5,0.5,0.5,0.5,0.5,0.5,0.5,0.5,0.5,0.5,0.5
47.58254313,-30.0390895,-96.50958897,1.5,2.5,1.5,2.5,1.5,2.5,1.5,2.5,2.5,1.5,2.5,1.5,2.5,1.5,0.5,0.5,0.5,0.5,0.5,0.5,0.5,0.5,0.5,0.5,0.5,0.5,0.5,0.5,0.5,0.5,0.5,0.5,0.5,0.5,0.5,0.5,0.5,0.5,0.5,0.5,0.5,0.5
52.73338667,-64.7771584,-45.92592444,1.5,2.5,1.5,2.5,1.5,2.5,1.5,2.5,2.5,1.5,2.5,1.5,2.5,1.5,0.5,0.5,0.5,0.5,0.5,0.5,0.5,0.5,0.5,0.5,0.5,0.5,0.5,0.5,0.5,0.5,0.5,0.5,0.5,0.5,0.5,0.5,0.5,0.5,0.5,0.5,0.5,0.5
37.95721562,-84.76239684,102.8808345,1.5,2.5,1.5,2.5,1.5,2.5,1.5,2.5,2.5,1.5,2.5,1.5,2.5,1.5,0.5,0.5,0.5,0.5,0.5,0.5,0.5,0.5,0.5,0.5,0.5,0.5,0.5,0.5,0.5,0.5,0.5,0.5,0.5,0.5,0.5,0.5,0.5,0.5,0.5,0.5,0.5,0.5
82.18664066,-11.3583438,83.30806714,1.5,2.5,1.5,2.5,1.5,2.5,1.5,2.5,2.5,1.5,2.5,1.5,2.5,1.5,0.5,0.5,0.5,0.5,0.5,0.5,0.5,0.5,0.5,0.5,0.5,0.5,0.5,0.5,0.5,0.5,0.5,0.5,0.5,0.5,0.5,0.5,0.5,0.5,0.5,0.5,0.5,0.5
-63.10369248,76.40261697,46.27127259,1.5,2.5,1.5,2.5,1.5,2.5,1.5,2.5,1.5,2.5,0.5,0.5,0.5,0.5,1.5,2.5,0.5,0.5,0.5,0.5,0.5,0.5,1.5,2.5,0.5,0.5,0.5,0.5,0.5,0.5,2.5,1.5,1.5,2.5,2.5,1.5,2.5,1.5,1.5,2.5,1.5,2.5
-79.93454328,85.19166346,-29.61510067,1.5,2.5,1.5,2.5,1.5,2.5,1.5,2.5,1.5,2.5,0.5,0.5,0.5,0.5,1.5,2.5,0.5,0.5,0.5,0.5,0.5,0.5,1.5,2.5,0.5,0.5,0.5,0.5,0.5,0.5,2.5,1.5,1.5,2.5,2.5,1.5,2.5,1.5,1.5,2.5,1.5,2.5
37.69616455,-91.26512969,178.1146882,1.5,2.5,1.5,2.5,1.5,2.5,1.5,2.5,2.5,1.5,2.5,1.5,2.5,1.5,0.5,0.5,0.5,0.5,0.5,0.5,0.5,0.5,0.5,0.5,0.5,0.5,0.5,0.5,0.5,0.5,0.5,0.5,0.5,0.5,0.5,0.5,0.5,0.5,0.5,0.5,0.5,0.5
53.98358656,-99.50296713,-63.28538378,1.5,2.5,1.5,2.5,1.5,2.5,1.5,2.5,2.5,1.5,2.5,1.5,2.5,1.5,0.5,0.5,0.5,0.5,0.5,0.5,0.5,0.5,0.5,0.5,0.5,0.5,0.5,0.5,0.5,0.5,0.5,0.5,0.5,0.5,0.5,0.5,0.5,0.5,0.5,0.5,0.5,0.5
24.99138781,-53.18122348,12.88912937,1.5,2.5,1.5,2.5,1.5,2.5,1.5,2.5,2.5,1.5,2.5,1.5,2.5,1.5,0.5,0.5,0.5,0.5,0.5,0.5,0.5,0.5,0.5,0.5,0.5,0.5,0.5,0.5,0.5,0.5,0.5,0.5,0.5,0.5,0.5,0.5,0.5,0.5,0.5,0.5,0.5,0.5
83.5952987,-69.38217113,-109.105677,1.5,2.5,1.5,2.5,1.5,2.5,1.5,2.5,2.5,1.5,2.5,1.5,2.5,1.5,0.5,0.5,0.5,0.5,0.5,0.5,0.5,0.5,0.5,0.5,0.5,0.5,0.5,0.5,0.5,0.5,0.5,0.5,0.5,0.5,0.5,0.5,0.5,0.5,0.5,0.5,0.5,0.5
-13.43796034,13.76365112,-86.34424693,1.5,2.5,1.5,2.5,1.5,2.5,1.5,2.5,1.5,2.5,0.5,0.5,0.5,0.5,1.5,2.5,0.5,0.5,0.5,0.5,0.5,0.5,1.5,2.5,0.5,0.5,0.5,0.5,0.5,0.5,2.5,1.5,1.5,2.5,2.5,1.5,2.5,1.5,1.5,2.5,1.5,2.5
-3.552987031,26.17340542,84.46103265,1.5,2.5,1.5,2.5,1.5,2.5,1.5,2.5,1.5,2.5,0.5,0.5,0.5,0.5,1.5,2.5,0.5,0.5,0.5,0.5,0.5,0.5,1.5,2.5,0.5,0.5,0.5,0.5,0.5,0.5,2.5,1.5,1.5,2.5,2.5,1.5,2.5,1.5,1.5,2.5,1.5,2.5
90.97091752,83.27725999,-33.91741606,1.5,2.5,1.5,2.5,1.5,2.5,1.5,2.5,1.5,2.5,0.5,0.5,0.5,0.5,1.5,2.5,0.5,0.5,0.5,0.5,0.5,0.5,1.5,2.5,0.5,0.5,0.5,0.5,0.5,0.5,1.5,2.5,0.5,0.5,1.5,2.5,0.5,0.5,0.5,0.5,0.5,0.5
18.05108766,-55.50221895,-39.57367325,1.5,2.5,1.5,2.5,1.5,2.5,1.5,2.5,2.5,1.5,2.5,1.5,2.5,1.5,0.5,0.5,0.5,0.5,0.5,0.5,0.5,0.5,0.5,0.5,0.5,0.5,0.5,0.5,0.5,0.5,0.5,0.5,0.5,0.5,0.5,0.5,0.5,0.5,0.5,0.5,0.5,0.5
-76.161029,69.58088948,28.12138783,1.5,2.5,1.5,2.5,1.5,2.5,1.5,2.5,1.5,2.5,0.5,0.5,0.5,0.5,1.5,2.5,0.5,0.5,0.5,0.5,0.5,0.5,1.5,2.5,0.5,0.5,0.5,0.5,0.5,0.5,2.5,1.5,1.5,2.5,2.5,1.5,2.5,1.5,1.5,2.5,1.5,2.5
41.86991023,-60.0374905,-38.79266056,1.5,2.5,1.5,2.5,1.5,2.5,1.5,2.5,2.5,1.5,2.5,1.5,2.5,1.5,0.5,0.5,0.5,0.5,0.5,0.5,0.5,0.5,0.5,0.5,0.5,0.5,0.5,0.5,0.5,0.5,0.5,0.5,0.5,0.5,0.5,0.5,0.5,0.5,0.5,0.5,0.5,0.5
7.863364904,95.77974162,-83.99407668,1.5,2.5,1.5,2.5,1.5,2.5,1.5,2.5,1.5,2.5,0.5,0.5,0.5,0.5,1.5,2.5,0.5,0.5,0.5,0.5,0.5,0.5,1.5,2.5,0.5,0.5,0.5,0.5,0.5,0.5,1.5,2.5,0.5,0.5,1.5,2.5,0.5,0.5,0.5,0.5,0.5,0.5
-20.94811821,0.860316167,-15.35028543,1.5,2.5,1.5,2.5,2.5,1.5,0.5,0.5,0.5,0.5,0.5,0.5,0.5,0.5,0.5,0.5,0.5,0.5,0.5,0.5,0.5,0.5,0.5,0.5,0.5,0.5,0.5,0.5,0.5,0.5,0.5,0.5,0.5,0.5,0.5,0.5,0.5,0.5,0.5,0.5,0.5,0.5
24.34233619,-69.04078898,-103.7498945,1.5,2.5,1.5,2.5,1.5,2.5,1.5,2.5,2.5,1.5,2.5,1.5,2.5,1.5,0.5,0.5,0.5,0.5,0.5,0.5,0.5,0.5,0.5,0.5,0.5,0.5,0.5,0.5,0.5,0.5,0.5,0.5,0.5,0.5,0.5,0.5,0.5,0.5,0.5,0.5,0.5,0.5
33.19234892,5.767896007,-99.64545845,1.5,2.5,1.5,2.5,1.5,2.5,1.5,2.5,1.5,2.5,0.5,0.5,0.5,0.5,1.5,2.5,0.5,0.5,0.5,0.5,0.5,0.5,1.5,2.5,0.5,0.5,0.5,0.5,0.5,0.5,1.5,2.5,0.5,0.5,1.5,2.5,0.5,0.5,0.5,0.5,0.5,0.5
4.337954605,-4.316275546,74.88562426,1.5,2.5,1.5,2.5,1.5,2.5,1.5,2.5,2.5,1.5,2.5,1.5,2.5,1.5,0.5,0.5,0.5,0.5,0.5,0.5,0.5,0.5,0.5,0.5,0.5,0.5,0.5,0.5,0.5,0.5,0.5,0.5,0.5,0.5,0.5,0.5,0.5,0.5,0.5,0.5,0.5,0.5
-48.56374884,82.95460092,143.5600929,1.5,2.5,1.5,2.5,1.5,2.5,1.5,2.5,1.5,2.5,0.5,0.5,0.5,0.5,2.5,1.5,1.5,2.5,1.5,2.5,1.5,2.5,1.5,2.5,0.5,0.5,0.5,0.5,0.5,0.5,2.5,1.5,1.5,2.5,2.5,1.5,2.5,1.5,1.5,2.5,1.5,2.5
-45.21371854,90.53270648,-14.6288152,1.5,2.5,1.5,2.5,1.5,2.5,1.5,2.5,1.5,2.5,0.5,0.5,0.5,0.5,1.5,2.5,0.5,0.5,0.5,0.5,0.5,0.5,1.5,2.5,0.5,0.5,0.5,0.5,0.5,0.5,2.5,1.5,1.5,2.5,2.5,1.5,2.5,1.5,1.5,2.5,1.5,2.5
-22.34951779,6.96961015,26.47724368,1.5,2.5,1.5,2.5,1.5,2.5,1.5,2.5,1.5,2.5,0.5,0.5,0.5,0.5,1.5,2.5,0.5,0.5,0.5,0.5,0.5,0.5,1.5,2.5,0.5,0.5,0.5,0.5,0.5,0.5,2.5,1.5,1.5,2.5,2.5,1.5,2.5,1.5,1.5,2.5,1.5,2.5
-17.9797704,14.5213536,-17.93564594,1.5,2.5,1.5,2.5,1.5,2.5,1.5,2.5,1.5,2.5,0.5,0.5,0.5,0.5,1.5,2.5,0.5,0.5,0.5,0.5,0.5,0.5,1.5,2.5,0.5,0.5,0.5,0.5,0.5,0.5,2.5,1.5,1.5,2.5,2.5,1.5,2.5,1.5,1.5,2.5,1.5,2.5
60.14074674,6.260145088,90.92695577,1.5,2.5,1.5,2.5,1.5,2.5,1.5,2.5,1.5,2.5,0.5,0.5,0.5,0.5,1.5,2.5,0.5,0.5,0.5,0.5,0.5,0.5,1.5,2.5,0.5,0.5,0.5,0.5,0.5,0.5,1.5,2.5,0.5,0.5,1.5,2.5,0.5,0.5,0.5,0.5,0.5,0.5
43.85981208,15.71115665,-16.2154294,1.5,2.5,1.5,2.5,1.5,2.5,1.5,2.5,1.5,2.5,0.5,0.5,0.5,0.5,1.5,2.5,0.5,0.5,0.5,0.5,0.5,0.5,1.5,2.5,0.5,0.5,0.5,0.5,0.5,0.5,1.5,2.5,0.5,0.5,1.5,2.5,0.5,0.5,0.5,0.5,0.5,0.5
74.90941316,-17.10990507,-115.2684326,1.5,2.5,1.5,2.5,1.5,2.5,1.5,2.5,2.5,1.5,2.5,1.5,2.5,1.5,0.5,0.5,0.5,0.5,0.5,0.5,0.5,0.5,0.5,0.5,0.5,0.5,0.5,0.5,0.5,0.5,0.5,0.5,0.5,0.5,0.5,0.5,0.5,0.5,0.5,0.5,0.5,0.5
-54.12469727,3.635808467,198.2115032,1.5,2.5,1.5,2.5,1.5,2.5,1.5,2.5,1.5,2.5,0.5,0.5,0.5,0.5,2.5,1.5,1.5,2.5,1.5,2.5,1.5,2.5,1.5,2.5,0.5,0.5,0.5,0.5,0.5,0.5,2.5,1.5,1.5,2.5,2.5,1.5,2.5,1.5,1.5,2.5,1.5,2.5
8.495486746,-78.64531802,-184.5072167,1.5,2.5,1.5,2.5,1.5,2.5,1.5,2.5,2.5,1.5,2.5,1.5,2.5,1.5,0.5,0.5,0.5,0.5,0.5,0.5,0.5,0.5,0.5,0.5,0.5,0.5,0.5,0.5,0.5,0.5,0.5,0.5,0.5,0.5,0.5,0.5,0.5,0.5,0.5,0.5,0.5,0.5
38.83434659,-91.72132027,46.45520983,1.5,2.5,1.5,2.5,1.5,2.5,1.5,2.5,2.5,1.5,2.5,1.5,2.5,1.5,0.5,0.5,0.5,0.5,0.5,0.5,0.5,0.5,0.5,0.5,0.5,0.5,0.5,0.5,0.5,0.5,0.5,0.5,0.5,0.5,0.5,0.5,0.5,0.5,0.5,0.5,0.5,0.5
12.69603326,10.40225578,-56.08082541,1.5,2.5,1.5,2.5,1.5,2.5,1.5,2.5,1.5,2.5,0.5,0.5,0.5,0.5,1.5,2.5,0.5,0.5,0.5,0.5,0.5,0.5,1.5,2.5,0.5,0.5,0.5,0.5,0.5,0.5,1.5,2.5,0.5,0.5,1.5,2.5,0.5,0.5,0.5,0.5,0.5,0.5
36.53571916,-18.28110351,-29.68933145,1.5,2.5,1.5,2.5,1.5,2.5,1.5,2.5,2.5,1.5,2.5,1.5,2.5,1.5,0.5,0.5,0.5,0.5,0.5,0.5,0.5,0.5,0.5,0.5,0.5,0.5,0.5,0.5,0.5,0.5,0.5,0.5,0.5,0.5,0.5,0.5,0.5,0.5,0.5,0.5,0.5,0.5
17.72777261,-12.37605672,-69.31559973,1.5,2.5,1.5,2.5,1.5,2.5,1.5,2.5,2.5,1.5,2.5,1.5,2.5,1.5,0.5,0.5,0.5,0.5,0.5,0.5,0.5,0.5,0.5,0.5,0.5,0.5,0.5,0.5,0.5,0.5,0.5,0.5,0.5,0.5,0.5,0.5,0.5,0.5,0.5,0.5,0.5,0.5
54.75210957,-75.224647,124.1241304,1.5,2.5,1.5,2.5,1.5,2.5,1.5,2.5,2.5,1.5,2.5,1.5,2.5,1.5,0.5,0.5,0.5,0.5,0.5,0.5,0.5,0.5,0.5,0.5,0.5,0.5,0.5,0.5,0.5,0.5,0.5,0.5,0.5,0.5,0.5,0.5,0.5,0.5,0.5,0.5,0.5,0.5
25.13259125,84.63504943,126.2323813,1.5,2.5,1.5,2.5,1.5,2.5,1.5,2.5,1.5,2.5,0.5,0.5,0.5,0.5,2.5,1.5,1.5,2.5,1.5,2.5,1.5,2.5,1.5,2.5,0.5,0.5,0.5,0.5,0.5,0.5,1.5,2.5,0.5,0.5,1.5,2.5,0.5,0.5,0.5,0.5,0.5,0.5
-13.0449705,7.920406588,193.6909238,1.5,2.5,1.5,2.5,1.5,2.5,1.5,2.5,1.5,2.5,0.5,0.5,0.5,0.5,2.5,1.5,1.5,2.5,1.5,2.5,1.5,2.5,1.5,2.5,0.5,0.5,0.5,0.5,0.5,0.5,2.5,1.5,1.5,2.5,2.5,1.5,2.5,1.5,1.5,2.5,1.5,2.5
-56.7376378,34.92899525,117.9012323,1.5,2.5,1.5,2.5,1.5,2.5,1.5,2.5,1.5,2.5,0.5,0.5,0.5,0.5,2.5,1.5,1.5,2.5,1.5,2.5,1.5,2.5,1.5,2.5,0.5,0.5,0.5,0.5,0.5,0.5,2.5,1.5,1.5,2.5,2.5,1.5,2.5,1.5,1.5,2.5,1.5,2.5
88.37841191,48.60409213,-6.946160056,1.5,2.5,1.5,2.5,1.5,2.5,1.5,2.5,1.5,2.5,0.5,0.5,0.5,0.5,1.5,2.5,0.5,0.5,0.5,0.5,0.5,0.5,1.5,2.5,0.5,0.5,0.5,0.5,0.5,0.5,1.5,2.5,0.5,0.5,1.5,2.5,0.5,0.5,0.5,0.5,0.5,0.5
72.43747496,-22.35079922,-159.9160922,1.5,2.5,1.5,2.5,1.5,2.5,1.5,2.5,2.5,1.5,2.5,1.5,2.5,1.5,0.5,0.5,0.5,0.5,0.5,0.5,0.5,0.5,0.5,0.5,0.5,0.5,0.5,0.5,0.5,0.5,0.5,0.5,0.5,0.5,0.5,0.5,0.5,0.5,0.5,0.5,0.5,0.5
91.56022541,-0.673713513,-149.8202462,1.5,2.5,1.5,2.5,2.5,1.5,0.5,0.5,0.5,0.5,0.5,0.5,0.5,0.5,0.5,0.5,0.5,0.5,0.5,0.5,0.5,0.5,0.5,0.5,0.5,0.5,0.5,0.5,0.5,0.5,0.5,0.5,0.5,0.5,0.5,0.5,0.5,0.5,0.5,0.5,0.5,0.5
-20.28459199,53.41100106,59.97341185,1.5,2.5,1.5,2.5,1.5,2.5,1.5,2.5,1.5,2.5,0.5,0.5,0.5,0.5,1.5,2.5,0.5,0.5,0.5,0.5,0.5,0.5,1.5,2.5,0.5,0.5,0.5,0.5,0.5,0.5,2.5,1.5,1.5,2.5,2.5,1.5,2.5,1.5,1.5,2.5,1.5,2.5
32.64380406,-5.092976365,-77.69934354,1.5,2.5,1.5,2.5,1.5,2.5,1.5,2.5,2.5,1.5,2.5,1.5,2.5,1.5,0.5,0.5,0.5,0.5,0.5,0.5,0.5,0.5,0.5,0.5,0.5,0.5,0.5,0.5,0.5,0.5,0.5,0.5,0.5,0.5,0.5,0.5,0.5,0.5,0.5,0.5,0.5,0.5
1.336217357,48.1406222,173.4429586,1.5,2.5,1.5,2.5,1.5,2.5,1.5,2.5,1.5,2.5,0.5,0.5,0.5,0.5,2.5,1.5,1.5,2.5,2.5,1.5,2.5,1.5,0.5,0.5,0.5,0.5,0.5,0.5,0.5,0.5,0.5,0.5,0.5,0.5,0.5,0.5,0.5,0.5,0.5,0.5,0.5,0.5
79.15375649,-58.9579851,98.97449292,1.5,2.5,1.5,2.5,1.5,2.5,1.5,2.5,2.5,1.5,2.5,1.5,2.5,1.5,0.5,0.5,0.5,0.5,0.5,0.5,0.5,0.5,0.5,0.5,0.5,0.5,0.5,0.5,0.5,0.5,0.5,0.5,0.5,0.5,0.5,0.5,0.5,0.5,0.5,0.5,0.5,0.5
65.7117486,4.247714404,196.4981556,1.5,2.5,1.5,2.5,1.5,2.5,1.5,2.5,1.5,2.5,0.5,0.5,0.5,0.5,2.5,1.5,1.5,2.5,1.5,2.5,1.5,2.5,1.5,2.5,0.5,0.5,0.5,0.5,0.5,0.5,1.5,2.5,0.5,0.5,1.5,2.5,0.5,0.5,0.5,0.5,0.5,0.5
18.3665255,-54.86371433,-173.2327486,1.5,2.5,1.5,2.5,1.5,2.5,1.5,2.5,2.5,1.5,2.5,1.5,2.5,1.5,0.5,0.5,0.5,0.5,0.5,0.5,0.5,0.5,0.5,0.5,0.5,0.5,0.5,0.5,0.5,0.5,0.5,0.5,0.5,0.5,0.5,0.5,0.5,0.5,0.5,0.5,0.5,0.5
39.68269063,26.14194407,131.4274965,1.5,2.5,1.5,2.5,1.5,2.5,1.5,2.5,1.5,2.5,0.5,0.5,0.5,0.5,2.5,1.5,1.5,2.5,1.5,2.5,1.5,2.5,1.5,2.5,0.5,0.5,0.5,0.5,0.5,0.5,1.5,2.5,0.5,0.5,1.5,2.5,0.5,0.5,0.5,0.5,0.5,0.5
80.28531907,-92.44768397,-135.4632494,1.5,2.5,1.5,2.5,1.5,2.5,1.5,2.5,2.5,1.5,2.5,1.5,2.5,1.5,0.5,0.5,0.5,0.5,0.5,0.5,0.5,0.5,0.5,0.5,0.5,0.5,0.5,0.5,0.5,0.5,0.5,0.5,0.5,0.5,0.5,0.5,0.5,0.5,0.5,0.5,0.5,0.5
17.32508804,-44.74284588,33.44906463,1.5,2.5,1.5,2.5,1.5,2.5,1.5,2.5,2.5,1.5,2.5,1.5,2.5,1.5,0.5,0.5,0.5,0.5,0.5,0.5,0.5,0.5,0.5,0.5,0.5,0.5,0.5,0.5,0.5,0.5,0.5,0.5,0.5,0.5,0.5,0.5,0.5,0.5,0.5,0.5,0.5,0.5
44.91280444,-72.30562168,-2.190703313,1.5,2.5,1.5,2.5,1.5,2.5,1.5,2.5,2.5,1.5,2.5,1.5,2.5,1.5,0.5,0.5,0.5,0.5,0.5,0.5,0.5,0.5,0.5,0.5,0.5,0.5,0.5,0.5,0.5,0.5,0.5,0.5,0.5,0.5,0.5,0.5,0.5,0.5,0.5,0.5,0.5,0.5
21.21754116,58.39483381,-77.08552725,1.5,2.5,1.5,2.5,1.5,2.5,1.5,2.5,1.5,2.5,0.5,0.5,0.5,0.5,1.5,2.5,0.5,0.5,0.5,0.5,0.5,0.5,1.5,2.5,0.5,0.5,0.5,0.5,0.5,0.5,1.5,2.5,0.5,0.5,1.5,2.5,0.5,0.5,0.5,0.5,0.5,0.5
-39.46079645,34.76738097,-23.47117207,1.5,2.5,1.5,2.5,1.5,2.5,1.5,2.5,1.5,2.5,0.5,0.5,0.5,0.5,1.5,2.5,0.5,0.5,0.5,0.5,0.5,0.5,1.5,2.5,0.5,0.5,0.5,0.5,0.5,0.5,2.5,1.5,1.5,2.5,2.5,1.5,2.5,1.5,1.5,2.5,1.5,2.5
66.61353308,12.05650308,117.1422074,1.5,2.5,1.5,2.5,1.5,2.5,1.5,2.5,1.5,2.5,0.5,0.5,0.5,0.5,2.5,1.5,1.5,2.5,1.5,2.5,1.5,2.5,1.5,2.5,0.5,0.5,0.5,0.5,0.5,0.5,1.5,2.5,0.5,0.5,1.5,2.5,0.5,0.5,0.5,0.5,0.5,0.5
-30.38878054,56.93933596,90.10719374,1.5,2.5,1.5,2.5,1.5,2.5,1.5,2.5,1.5,2.5,0.5,0.5,0.5,0.5,1.5,2.5,0.5,0.5,0.5,0.5,0.5,0.5,1.5,2.5,0.5,0.5,0.5,0.5,0.5,0.5,2.5,1.5,1.5,2.5,2.5,1.5,2.5,1.5,1.5,2.5,1.5,2.5
-92.53229479,0.345316009,-134.9496354,1.5,2.5,1.5,2.5,2.5,1.5,0.5,0.5,0.5,0.5,0.5,0.5,0.5,0.5,0.5,0.5,0.5,0.5,0.5,0.5,0.5,0.5,0.5,0.5,0.5,0.5,0.5,0.5,0.5,0.5,0.5,0.5,0.5,0.5,0.5,0.5,0.5,0.5,0.5,0.5,0.5,0.5
-71.56487678,16.59875725,-24.75304655,1.5,2.5,1.5,2.5,1.5,2.5,1.5,2.5,1.5,2.5,0.5,0.5,0.5,0.5,1.5,2.5,0.5,0.5,0.5,0.5,0.5,0.5,1.5,2.5,0.5,0.5,0.5,0.5,0.5,0.5,2.5,1.5,1.5,2.5,2.5,1.5,2.5,1.5,1.5,2.5,1.5,2.5
66.56007182,-77.75697389,11.56818529,1.5,2.5,1.5,2.5,1.5,2.5,1.5,2.5,2.5,1.5,2.5,1.5,2.5,1.5,0.5,0.5,0.5,0.5,0.5,0.5,0.5,0.5,0.5,0.5,0.5,0.5,0.5,0.5,0.5,0.5,0.5,0.5,0.5,0.5,0.5,0.5,0.5,0.5,0.5,0.5,0.5,0.5
74.31054596,70.29164841,70.90782837,1.5,2.5,1.5,2.5,1.5,2.5,1.5,2.5,1.5,2.5,0.5,0.5,0.5,0.5,1.5,2.5,0.5,0.5,0.5,0.5,0.5,0.5,1.5,2.5,0.5,0.5,0.5,0.5,0.5,0.5,1.5,2.5,0.5,0.5,1.5,2.5,0.5,0.5,0.5,0.5,0.5,0.5
-29.88315587,17.67908888,-75.89576065,1.5,2.5,1.5,2.5,1.5,2.5,1.5,2.5,1.5,2.5,0.5,0.5,0.5,0.5,1.5,2.5,0.5,0.5,0.5,0.5,0.5,0.5,1.5,2.5,0.5,0.5,0.5,0.5,0.5,0.5,2.5,1.5,1.5,2.5,2.5,1.5,2.5,1.5,1.5,2.5,1.5,2.5
7.360476395,-85.49478162,13.95091196,1.5,2.5,1.5,2.5,1.5,2.5,1.5,2.5,2.5,1.5,2.5,1.5,2.5,1.5,0.5,0.5,0.5,0.5,0.5,0.5,0.5,0.5,0.5,0.5,0.5,0.5,0.5,0.5,0.5,0.5,0.5,0.5,0.5,0.5,0.5,0.5,0.5,0.5,0.5,0.5,0.5,0.5
-1.673429222,28.42615402,-67.2319065,1.5,2.5,1.5,2.5,1.5,2.5,1.5,2.5,1.5,2.5,0.5,0.5,0.5,0.5,1.5,2.5,0.5,0.5,0.5,0.5,0.5,0.5,1.5,2.5,0.5,0.5,0.5,0.5,0.5,0.5,2.5,1.5,1.5,2.5,2.5,1.5,2.5,1.5,1.5,2.5,1.5,2.5
37.36786329,52.15331873,162.8898897,1.5,2.5,1.5,2.5,1.5,2.5,1.5,2.5,1.5,2.5,0.5,0.5,0.5,0.5,2.5,1.5,1.5,2.5,1.5,2.5,1.5,2.5,1.5,2.5,0.5,0.5,0.5,0.5,0.5,0.5,1.5,2.5,0.5,0.5,1.5,2.5,0.5,0.5,0.5,0.5,0.5,0.5
60.17899868,-96.65126267,97.97889501,1.5,2.5,1.5,2.5,1.5,2.5,1.5,2.5,2.5,1.5,2.5,1.5,2.5,1.5,0.5,0.5,0.5,0.5,0.5,0.5,0.5,0.5,0.5,0.5,0.5,0.5,0.5,0.5,0.5,0.5,0.5,0.5,0.5,0.5,0.5,0.5,0.5,0.5,0.5,0.5,0.5,0.5
-48.32580435,63.9283522,-99.8029234,1.5,2.5,1.5,2.5,1.5,2.5,1.5,2.5,1.5,2.5,0.5,0.5,0.5,0.5,1.5,2.5,0.5,0.5,0.5,0.5,0.5,0.5,1.5,2.5,0.5,0.5,0.5,0.5,0.5,0.5,2.5,1.5,1.5,2.5,2.5,1.5,2.5,1.5,1.5,2.5,1.5,2.5
-13.41230022,89.69188284,42.01534185,1.5,2.5,1.5,2.5,1.5,2.5,1.5,2.5,1.5,2.5,0.5,0.5,0.5,0.5,1.5,2.5,0.5,0.5,0.5,0.5,0.5,0.5,1.5,2.5,0.5,0.5,0.5,0.5,0.5,0.5,2.5,1.5,1.5,2.5,2.5,1.5,2.5,1.5,1.5,2.5,1.5,2.5
-98.42345232,12.88584144,114.7235224,1.5,2.5,1.5,2.5,1.5,2.5,1.5,2.5,1.5,2.5,0.5,0.5,0.5,0.5,2.5,1.5,1.5,2.5,1.5,2.5,1.5,2.5,1.5,2.5,0.5,0.5,0.5,0.5,0.5,0.5,2.5,1.5,1.5,2.5,2.5,1.5,2.5,1.5,1.5,2.5,1.5,2.5
-44.78292363,47.160896,76.1952517,1.5,2.5,1.5,2.5,1.5,2.5,1.5,2.5,1.5,2.5,0.5,0.5,0.5,0.5,1.5,2.5,0.5,0.5,0.5,0.5,0.5,0.5,1.5,2.5,0.5,0.5,0.5,0.5,0.5,0.5,2.5,1.5,1.5,2.5,2.5,1.5,2.5,1.5,1.5,2.5,1.5,2.5
24.37265266,46.99387439,-59.99641694,1.5,2.5,1.5,2.5,1.5,2.5,1.5,2.5,1.5,2.5,0.5,0.5,0.5,0.5,1.5,2.5,0.5,0.5,0.5,0.5,0.5,0.5,1.5,2.5,0.5,0.5,0.5,0.5,0.5,0.5,1.5,2.5,0.5,0.5,1.5,2.5,0.5,0.5,0.5,0.5,0.5,0.5
-82.99398865,23.83492615,-89.80281149,1.5,2.5,1.5,2.5,1.5,2.5,1.5,2.5,1.5,2.5,0.5,0.5,0.5,0.5,1.5,2.5,0.5,0.5,0.5,0.5,0.5,0.5,1.5,2.5,0.5,0.5,0.5,0.5,0.5,0.5,2.5,1.5,1.5,2.5,2.5,1.5,2.5,1.5,1.5,2.5,1.5,2.5
-70.7573253,26.58538344,86.12881713,1.5,2.5,1.5,2.5,1.5,2.5,1.5,2.5,1.5,2.5,0.5,0.5,0.5,0.5,1.5,2.5,0.5,0.5,0.5,0.5,0.5,0.5,1.5,2.5,0.5,0.5,0.5,0.5,0.5,0.5,2.5,1.5,1.5,2.5,2.5,1.5,2.5,1.5,1.5,2.5,1.5,2.5
48.17279571,-69.4999572,44.81716407,1.5,2.5,1.5,2.5,1.5,2.5,1.5,2.5,2.5,1.5,2.5,1.5,2.5,1.5,0.5,0.5,0.5,0.5,0.5,0.5,0.5,0.5,0.5,0.5,0.5,0.5,0.5,0.5,0.5,0.5,0.5,0.5,0.5,0.5,0.5,0.5,0.5,0.5,0.5,0.5,0.5,0.5
61.73294086,-53.46208355,-7.035904215,1.5,2.5,1.5,2.5,1.5,2.5,1.5,2.5,2.5,1.5,2.5,1.5,2.5,1.5,0.5,0.5,0.5,0.5,0.5,0.5,0.5,0.5,0.5,0.5,0.5,0.5,0.5,0.5,0.5,0.5,0.5,0.5,0.5,0.5,0.5,0.5,0.5,0.5,0.5,0.5,0.5,0.5
-86.91726936,32.40435922,76.3228105,1.5,2.5,1.5,2.5,1.5,2.5,1.5,2.5,1.5,2.5,0.5,0.5,0.5,0.5,1.5,2.5,0.5,0.5,0.5,0.5,0.5,0.5,1.5,2.5,0.5,0.5,0.5,0.5,0.5,0.5,2.5,1.5,1.5,2.5,2.5,1.5,2.5,1.5,1.5,2.5,1.5,2.5