รง,n,x1,b163,b164,b165,b166,b167,b168,b169,b170,b171,b172,b173,b174,b175,b176,b177,b178,b179,b180,b181,b182,b183,b184,b185,b186,b187,b188,b189,b190,b191,b192,b193,b194,b195,b196,b197,b198,b199,b200,b201,b202,b203,b204,b205,b206,b207,b208,b209,b210,b211,b212,b213,b214,b215,b216,b217,b218,b219,b220,b221,b222,b223,b224,b225,b226,b227,b228,b229,b230,b231,b232
87.80670792,61.88672454,197.5655089,1.5,2.5,1.5,2.5,1.5,2.5,0.5,0.5,0.5,0.5,1.5,2.5,1.5,2.5,1.5,2.5,1.5,2.5,0.5,0.5,0.5,0.5,0.5,0.5,2.5,1.5,1.5,2.5,1.5,2.5,0.5,0.5,0.5,0.5,1.5,2.5,0.5,0.5,0.5,0.5,0.5,0.5,0.5,0.5,0.5,0.5,2.5,1.5,2.5,1.5,2.5,1.5,7.5,2.5,0.5,0.5,0.5,0.5,0.5,0.5,0.5,0.5,0.5,0.5,0.5,0.5,0.5,0.5,0.5,0.5
97.83620213,74.79331901,-149.985866,1.5,2.5,1.5,2.5,1.5,2.5,0.5,0.5,0.5,0.5,1.5,2.5,1.5,2.5,1.5,2.5,1.5,2.5,0.5,0.5,0.5,0.5,0.5,0.5,2.5,1.5,1.5,2.5,1.5,2.5,0.5,0.5,0.5,0.5,1.5,2.5,0.5,0.5,0.5,0.5,0.5,0.5,0.5,0.5,0.5,0.5,1.5,2.5,0.5,0.5,0.5,0.5,0.5,0.5,0.5,0.5,1.5,2.5,0.5,0.5,7.5,2.5,0.5,0.5,0.5,0.5,0.5,0.5,0.5,0.5
22.23139303,93.35870586,13.46472619,1.5,2.5,1.5,2.5,1.5,2.5,0.5,0.5,0.5,0.5,1.5,2.5,1.5,2.5,1.5,2.5,1.5,2.5,0.5,0.5,1.5,2.5,0.5,0.5,2.5,1.5,2.5,1.5,2.5,1.5,2.5,1.5,7.5,2.5,0.5,0.5,0.5,0.5,0.5,0.5,0.5,0.5,0.5,0.5,0.5,0.5,0.5,0.5,0.5,0.5,0.5,0.5,0.5,0.5,0.5,0.5,0.5,0.5,0.5,0.5,0.5,0.5,0.5,0.5,0.5,0.5,0.5,0.5,0.5,0.5
30.67830008,10.68966615,40.11584326,1.5,2.5,1.5,2.5,1.5,2.5,0.5,0.5,0.5,0.5,1.5,2.5,1.5,2.5,1.5,2.5,1.5,2.5,0.5,0.5,0.5,0.5,0.5,0.5,2.5,1.5,1.5,2.5,1.5,2.5,0.5,0.5,0.5,0.5,1.5,2.5,0.5,0.5,0.5,0.5,0.5,0.5,0.5,0.5,0.5,0.5,2.5,1.5,2.5,1.5,2.5,1.5,7.5,2.5,0.5,0.5,0.5,0.5,0.5,0.5,0.5,0.5,0.5,0.5,0.5,0.5,0.5,0.5,0.5,0.5
62.20008095,75.63945888,-72.56060443,1.5,2.5,1.5,2.5,1.5,2.5,0.5,0.5,0.5,0.5,1.5,2.5,1.5,2.5,1.5,2.5,1.5,2.5,0.5,0.5,1.5,2.5,0.5,0.5,2.5,1.5,2.5,1.5,2.5,1.5,2.5,1.5,8.5,2.5,0.5,0.5,0.5,0.5,0.5,0.5,0.5,0.5,0.5,0.5,0.5,0.5,0.5,0.5,0.5,0.5,0.5,0.5,0.5,0.5,0.5,0.5,0.5,0.5,0.5,0.5,0.5,0.5,0.5,0.5,0.5,0.5,0.5,0.5,0.5,0.5
-34.93464038,27.573641,-154.4329184,1.5,2.5,1.5,2.5,1.5,2.5,0.5,0.5,0.5,0.5,1.5,2.5,1.5,2.5,1.5,2.5,1.5,2.5,0.5,0.5,0.5,0.5,0.5,0.5,2.5,1.5,1.5,2.5,1.5,2.5,0.5,0.5,0.5,0.5,1.5,2.5,0.5,0.5,0.5,0.5,0.5,0.5,0.5,0.5,0.5,0.5,2.5,1.5,2.5,1.5,2.5,1.5,8.5,2.5,0.5,0.5,0.5,0.5,0.5,0.5,0.5,0.5,0.5,0.5,0.5,0.5,0.5,0.5,0.5,0.5
52.86022261,62.25348815,-140.3415229,1.5,2.5,1.5,2.5,1.5,2.5,0.5,0.5,0.5,0.5,1.5,2.5,1.5,2.5,1.5,2.5,1.5,2.5,0.5,0.5,1.5,2.5,0.5,0.5,2.5,1.5,2.5,1.5,2.5,1.5,2.5,1.5,8.5,2.5,0.5,0.5,0.5,0.5,0.5,0.5,0.5,0.5,0.5,0.5,0.5,0.5,0.5,0.5,0.5,0.5,0.5,0.5,0.5,0.5,0.5,0.5,0.5,0.5,0.5,0.5,0.5,0.5,0.5,0.5,0.5,0.5,0.5,0.5,0.5,0.5
-9.088804476,68.79055218,-134.1221791,1.5,2.5,1.5,2.5,1.5,2.5,0.5,0.5,0.5,0.5,1.5,2.5,1.5,2.5,1.5,2.5,1.5,2.5,0.5,0.5,0.5,0.5,0.5,0.5,2.5,1.5,1.5,2.5,1.5,2.5,0.5,0.5,0.5,0.5,1.5,2.5,0.5,0.5,0.5,0.5,0.5,0.5,0.5,0.5,0.5,0.5,2.5,1.5,2.5,1.5,2.5,1.5,6.5,2.5,0.5,0.5,0.5,0.5,0.5,0.5,0.5,0.5,0.5,0.5,0.5,0.5,0.5,0.5,0.5,0.5
82.86756538,96.08512691,-121.9371713,1.5,2.5,1.5,2.5,1.5,2.5,0.5,0.5,0.5,0.5,1.5,2.5,1.5,2.5,1.5,2.5,1.5,2.5,0.5,0.5,1.5,2.5,0.5,0.5,2.5,1.5,2.5,1.5,2.5,1.5,2.5,1.5,8.5,2.5,0.5,0.5,0.5,0.5,0.5,0.5,0.5,0.5,0.5,0.5,0.5,0.5,0.5,0.5,0.5,0.5,0.5,0.5,0.5,0.5,0.5,0.5,0.5,0.5,0.5,0.5,0.5,0.5,0.5,0.5,0.5,0.5,0.5,0.5,0.5,0.5
27.02397784,89.35315919,26.46181496,1.5,2.5,1.5,2.5,1.5,2.5,0.5,0.5,0.5,0.5,1.5,2.5,1.5,2.5,1.5,2.5,1.5,2.5,0.5,0.5,1.5,2.5,0.5,0.5,2.5,1.5,2.5,1.5,2.5,1.5,2.5,1.5,7.5,2.5,0.5,0.5,0.5,0.5,0.5,0.5,0.5,0.5,0.5,0.5,0.5,0.5,0.5,0.5,0.5,0.5,0.5,0.5,0.5,0.5,0.5,0.5,0.5,0.5,0.5,0.5,0.5,0.5,0.5,0.5,0.5,0.5,0.5,0.5,0.5,0.5
76.38450752,48.00966046,46.18641322,1.5,2.5,1.5,2.5,1.5,2.5,0.5,0.5,0.5,0.5,1.5,2.5,1.5,2.5,1.5,2.5,1.5,2.5,0.5,0.5,0.5,0.5,0.5,0.5,2.5,1.5,1.5,2.5,1.5,2.5,0.5,0.5,0.5,0.5,1.5,2.5,0.5,0.5,0.5,0.5,0.5,0.5,0.5,0.5,0.5,0.5,2.5,1.5,2.5,1.5,2.5,1.5,7.5,2.5,0.5,0.5,0.5,0.5,0.5,0.5,0.5,0.5,0.5,0.5,0.5,0.5,0.5,0.5,0.5,0.5
13.08191652,71.73969851,-176.5876623,1.5,2.5,1.5,2.5,1.5,2.5,0.5,0.5,0.5,0.5,1.5,2.5,1.5,2.5,1.5,2.5,1.5,2.5,0.5,0.5,1.5,2.5,0.5,0.5,2.5,1.5,2.5,1.5,2.5,1.5,2.5,1.5,6.5,2.5,0.5,0.5,0.5,0.5,0.5,0.5,0.5,0.5,0.5,0.5,0.5,0.5,0.5,0.5,0.5,0.5,0.5,0.5,0.5,0.5,0.5,0.5,0.5,0.5,0.5,0.5,0.5,0.5,0.5,0.5,0.5,0.5,0.5,0.5,0.5,0.5
31.05831386,17.52977813,78.77215196,1.5,2.5,1.5,2.5,1.5,2.5,0.5,0.5,0.5,0.5,1.5,2.5,1.5,2.5,1.5,2.5,1.5,2.5,0.5,0.5,0.5,0.5,0.5,0.5,2.5,1.5,1.5,2.5,1.5,2.5,0.5,0.5,0.5,0.5,1.5,2.5,0.5,0.5,0.5,0.5,0.5,0.5,0.5,0.5,0.5,0.5,2.5,1.5,2.5,1.5,2.5,1.5,6.5,2.5,0.5,0.5,0.5,0.5,0.5,0.5,0.5,0.5,0.5,0.5,0.5,0.5,0.5,0.5,0.5,0.5
-43.68666164,85.42719944,-193.2450472,1.5,2.5,1.5,2.5,1.5,2.5,0.5,0.5,0.5,0.5,1.5,2.5,1.5,2.5,1.5,2.5,1.5,2.5,0.5,0.5,0.5,0.5,0.5,0.5,2.5,1.5,1.5,2.5,1.5,2.5,0.5,0.5,0.5,0.5,1.5,2.5,0.5,0.5,0.5,0.5,0.5,0.5,0.5,0.5,0.5,0.5,2.5,1.5,2.5,1.5,2.5,1.5,8.5,2.5,0.5,0.5,0.5,0.5,0.5,0.5,0.5,0.5,0.5,0.5,0.5,0.5,0.5,0.5,0.5,0.5
50.11114602,29.25613327,23.72181909,1.5,2.5,1.5,2.5,1.5,2.5,0.5,0.5,0.5,0.5,1.5,2.5,1.5,2.5,1.5,2.5,1.5,2.5,0.5,0.5,0.5,0.5,0.5,0.5,2.5,1.5,1.5,2.5,1.5,2.5,0.5,0.5,0.5,0.5,1.5,2.5,0.5,0.5,0.5,0.5,0.5,0.5,0.5,0.5,0.5,0.5,2.5,1.5,2.5,1.5,2.5,1.5,7.5,2.5,0.5,0.5,0.5,0.5,0.5,0.5,0.5,0.5,0.5,0.5,0.5,0.5,0.5,0.5,0.5,0.5
-35.72487973,20.51517368,-178.7772139,1.5,2.5,1.5,2.5,1.5,2.5,0.5,0.5,0.5,0.5,1.5,2.5,1.5,2.5,1.5,2.5,1.5,2.5,0.5,0.5,0.5,0.5,0.5,0.5,2.5,1.5,1.5,2.5,1.5,2.5,0.5,0.5,0.5,0.5,1.5,2.5,0.5,0.5,0.5,0.5,0.5,0.5,0.5,0.5,0.5,0.5,2.5,1.5,2.5,1.5,2.5,1.5,8.5,2.5,0.5,0.5,0.5,0.5,0.5,0.5,0.5,0.5,0.5,0.5,0.5,0.5,0.5,0.5,0.5,0.5
-46.29487152,91.83019228,-102.8235192,1.5,2.5,1.5,2.5,1.5,2.5,0.5,0.5,0.5,0.5,1.5,2.5,1.5,2.5,1.5,2.5,1.5,2.5,0.5,0.5,0.5,0.5,0.5,0.5,2.5,1.5,1.5,2.5,1.5,2.5,0.5,0.5,0.5,0.5,1.5,2.5,0.5,0.5,0.5,0.5,0.5,0.5,0.5,0.5,0.5,0.5,2.5,1.5,2.5,1.5,2.5,1.5,8.5,2.5,0.5,0.5,0.5,0.5,0.5,0.5,0.5,0.5,0.5,0.5,0.5,0.5,0.5,0.5,0.5,0.5
-11.06279681,74.20531434,-163.6463236,1.5,2.5,1.5,2.5,1.5,2.5,0.5,0.5,0.5,0.5,1.5,2.5,1.5,2.5,1.5,2.5,1.5,2.5,0.5,0.5,0.5,0.5,0.5,0.5,2.5,1.5,1.5,2.5,1.5,2.5,0.5,0.5,0.5,0.5,1.5,2.5,0.5,0.5,0.5,0.5,0.5,0.5,0.5,0.5,0.5,0.5,2.5,1.5,2.5,1.5,2.5,1.5,6.5,2.5,0.5,0.5,0.5,0.5,0.5,0.5,0.5,0.5,0.5,0.5,0.5,0.5,0.5,0.5,0.5,0.5
-78.95921593,78.99880242,-0.981601862,1.5,2.5,1.5,2.5,1.5,2.5,0.5,0.5,0.5,0.5,1.5,2.5,1.5,2.5,1.5,2.5,1.5,2.5,0.5,0.5,0.5,0.5,0.5,0.5,2.5,1.5,1.5,2.5,1.5,2.5,0.5,0.5,0.5,0.5,1.5,2.5,0.5,0.5,0.5,0.5,0.5,0.5,0.5,0.5,0.5,0.5,2.5,1.5,2.5,1.5,2.5,1.5,8.5,2.5,0.5,0.5,0.5,0.5,0.5,0.5,0.5,0.5,0.5,0.5,0.5,0.5,0.5,0.5,0.5,0.5
-58.87777954,10.44519546,-146.0325817,1.5,2.5,1.5,2.5,1.5,2.5,0.5,0.5,0.5,0.5,1.5,2.5,1.5,2.5,1.5,2.5,1.5,2.5,0.5,0.5,0.5,0.5,0.5,0.5,2.5,1.5,1.5,2.5,1.5,2.5,0.5,0.5,0.5,0.5,1.5,2.5,0.5,0.5,0.5,0.5,0.5,0.5,0.5,0.5,0.5,0.5,2.5,1.5,2.5,1.5,2.5,1.5,8.5,2.5,0.5,0.5,0.5,0.5,0.5,0.5,0.5,0.5,0.5,0.5,0.5,0.5,0.5,0.5,0.5,0.5
-54.32452127,49.24727247,31.80410489,1.5,2.5,1.5,2.5,1.5,2.5,0.5,0.5,0.5,0.5,1.5,2.5,1.5,2.5,1.5,2.5,1.5,2.5,0.5,0.5,0.5,0.5,0.5,0.5,2.5,1.5,1.5,2.5,1.5,2.5,0.5,0.5,0.5,0.5,1.5,2.5,0.5,0.5,0.5,0.5,0.5,0.5,0.5,0.5,0.5,0.5,1.5,2.5,0.5,0.5,0.5,0.5,0.5,0.5,0.5,0.5,2.5,1.5,2.5,1.5,8.5,2.5,0.5,0.5,0.5,0.5,0.5,0.5,0.5,0.5
-45.2327095,11.74102753,-25.14139654,1.5,2.5,1.5,2.5,1.5,2.5,0.5,0.5,0.5,0.5,1.5,2.5,1.5,2.5,1.5,2.5,1.5,2.5,0.5,0.5,0.5,0.5,0.5,0.5,2.5,1.5,1.5,2.5,1.5,2.5,0.5,0.5,0.5,0.5,1.5,2.5,0.5,0.5,0.5,0.5,0.5,0.5,0.5,0.5,0.5,0.5,2.5,1.5,2.5,1.5,2.5,1.5,8.5,2.5,0.5,0.5,0.5,0.5,0.5,0.5,0.5,0.5,0.5,0.5,0.5,0.5,0.5,0.5,0.5,0.5
-78.0633242,31.56945785,-72.89310606,1.5,2.5,1.5,2.5,1.5,2.5,0.5,0.5,0.5,0.5,1.5,2.5,1.5,2.5,1.5,2.5,1.5,2.5,0.5,0.5,0.5,0.5,0.5,0.5,2.5,1.5,1.5,2.5,1.5,2.5,0.5,0.5,0.5,0.5,1.5,2.5,0.5,0.5,0.5,0.5,0.5,0.5,0.5,0.5,0.5,0.5,2.5,1.5,2.5,1.5,2.5,1.5,8.5,2.5,0.5,0.5,0.5,0.5,0.5,0.5,0.5,0.5,0.5,0.5,0.5,0.5,0.5,0.5,0.5,0.5
22.7581973,92.4953041,-149.8446629,1.5,2.5,1.5,2.5,1.5,2.5,0.5,0.5,0.5,0.5,1.5,2.5,1.5,2.5,1.5,2.5,1.5,2.5,0.5,0.5,1.5,2.5,0.5,0.5,2.5,1.5,2.5,1.5,2.5,1.5,2.5,1.5,7.5,2.5,0.5,0.5,0.5,0.5,0.5,0.5,0.5,0.5,0.5,0.5,0.5,0.5,0.5,0.5,0.5,0.5,0.5,0.5,0.5,0.5,0.5,0.5,0.5,0.5,0.5,0.5,0.5,0.5,0.5,0.5,0.5,0.5,0.5,0.5,0.5,0.5
-33.4276376,38.70870303,-149.2414784,1.5,2.5,1.5,2.5,1.5,2.5,0.5,0.5,0.5,0.5,1.5,2.5,1.5,2.5,1.5,2.5,1.5,2.5,0.5,0.5,0.5,0.5,0.5,0.5,2.5,1.5,1.5,2.5,1.5,2.5,0.5,0.5,0.5,0.5,1.5,2.5,0.5,0.5,0.5,0.5,0.5,0.5,0.5,0.5,0.5,0.5,2.5,1.5,2.5,1.5,2.5,1.5,8.5,2.5,0.5,0.5,0.5,0.5,0.5,0.5,0.5,0.5,0.5,0.5,0.5,0.5,0.5,0.5,0.5,0.5
95.21230128,91.02003694,-167.2088026,1.5,2.5,1.5,2.5,1.5,2.5,0.5,0.5,0.5,0.5,1.5,2.5,1.5,2.5,1.5,2.5,1.5,2.5,0.5,0.5,0.5,0.5,0.5,0.5,2.5,1.5,1.5,2.5,1.5,2.5,0.5,0.5,0.5,0.5,1.5,2.5,0.5,0.5,0.5,0.5,0.5,0.5,0.5,0.5,0.5,0.5,1.5,2.5,0.5,0.5,0.5,0.5,0.5,0.5,0.5,0.5,1.5,2.5,0.5,0.5,4.5,2.5,0.5,0.5,0.5,0.5,0.5,0.5,0.5,0.5
-35.22519557,32.17424412,-113.48342,1.5,2.5,1.5,2.5,1.5,2.5,0.5,0.5,0.5,0.5,1.5,2.5,1.5,2.5,1.5,2.5,1.5,2.5,0.5,0.5,0.5,0.5,0.5,0.5,2.5,1.5,1.5,2.5,1.5,2.5,0.5,0.5,0.5,0.5,1.5,2.5,0.5,0.5,0.5,0.5,0.5,0.5,0.5,0.5,0.5,0.5,2.5,1.5,2.5,1.5,2.5,1.5,8.5,2.5,0.5,0.5,0.5,0.5,0.5,0.5,0.5,0.5,0.5,0.5,0.5,0.5,0.5,0.5,0.5,0.5
76.51603986,32.65051839,1.846347253,1.5,2.5,1.5,2.5,1.5,2.5,0.5,0.5,0.5,0.5,1.5,2.5,1.5,2.5,1.5,2.5,1.5,2.5,0.5,0.5,0.5,0.5,0.5,0.5,2.5,1.5,1.5,2.5,1.5,2.5,0.5,0.5,0.5,0.5,1.5,2.5,0.5,0.5,0.5,0.5,0.5,0.5,0.5,0.5,0.5,0.5,2.5,1.5,2.5,1.5,2.5,1.5,8.5,2.5,0.5,0.5,0.5,0.5,0.5,0.5,0.5,0.5,0.5,0.5,0.5,0.5,0.5,0.5,0.5,0.5
-60.72295206,49.88724528,-25.50323554,1.5,2.5,1.5,2.5,1.5,2.5,0.5,0.5,0.5,0.5,1.5,2.5,1.5,2.5,1.5,2.5,1.5,2.5,0.5,0.5,0.5,0.5,0.5,0.5,2.5,1.5,1.5,2.5,1.5,2.5,0.5,0.5,0.5,0.5,1.5,2.5,0.5,0.5,0.5,0.5,0.5,0.5,0.5,0.5,0.5,0.5,2.5,1.5,2.5,1.5,2.5,1.5,8.5,2.5,0.5,0.5,0.5,0.5,0.5,0.5,0.5,0.5,0.5,0.5,0.5,0.5,0.5,0.5,0.5,0.5
68.37511237,40.34397206,116.2568876,1.5,2.5,1.5,2.5,1.5,2.5,0.5,0.5,0.5,0.5,1.5,2.5,1.5,2.5,1.5,2.5,1.5,2.5,0.5,0.5,0.5,0.5,0.5,0.5,2.5,1.5,1.5,2.5,1.5,2.5,0.5,0.5,0.5,0.5,1.5,2.5,0.5,0.5,0.5,0.5,0.5,0.5,0.5,0.5,0.5,0.5,2.5,1.5,2.5,1.5,2.5,1.5,7.5,2.5,0.5,0.5,0.5,0.5,0.5,0.5,0.5,0.5,0.5,0.5,0.5,0.5,0.5,0.5,0.5,0.5
60.78169955,36.17503284,176.0713945,1.5,2.5,1.5,2.5,1.5,2.5,0.5,0.5,0.5,0.5,1.5,2.5,1.5,2.5,1.5,2.5,1.5,2.5,0.5,0.5,0.5,0.5,0.5,0.5,2.5,1.5,1.5,2.5,1.5,2.5,0.5,0.5,0.5,0.5,1.5,2.5,0.5,0.5,0.5,0.5,0.5,0.5,0.5,0.5,0.5,0.5,2.5,1.5,2.5,1.5,2.5,1.5,7.5,2.5,0.5,0.5,0.5,0.5,0.5,0.5,0.5,0.5,0.5,0.5,0.5,0.5,0.5,0.5,0.5,0.5
-52.70849898,81.75555845,117.5430745,1.5,2.5,1.5,2.5,1.5,2.5,0.5,0.5,0.5,0.5,1.5,2.5,1.5,2.5,1.5,2.5,1.5,2.5,0.5,0.5,0.5,0.5,0.5,0.5,2.5,1.5,1.5,2.5,1.5,2.5,0.5,0.5,0.5,0.5,1.5,2.5,0.5,0.5,0.5,0.5,0.5,0.5,0.5,0.5,0.5,0.5,1.5,2.5,0.5,0.5,0.5,0.5,0.5,0.5,0.5,0.5,2.5,1.5,2.5,1.5,8.5,2.5,0.5,0.5,0.5,0.5,0.5,0.5,0.5,0.5
-6.449554943,71.92879248,-51.58723078,1.5,2.5,1.5,2.5,1.5,2.5,0.5,0.5,0.5,0.5,1.5,2.5,1.5,2.5,1.5,2.5,1.5,2.5,0.5,0.5,0.5,0.5,0.5,0.5,2.5,1.5,1.5,2.5,1.5,2.5,0.5,0.5,0.5,0.5,1.5,2.5,0.5,0.5,0.5,0.5,0.5,0.5,0.5,0.5,0.5,0.5,2.5,1.5,2.5,1.5,2.5,1.5,5.5,2.5,0.5,0.5,0.5,0.5,0.5,0.5,0.5,0.5,0.5,0.5,0.5,0.5,0.5,0.5,0.5,0.5
-34.67003078,10.36572037,18.15519536,1.5,2.5,1.5,2.5,1.5,2.5,0.5,0.5,0.5,0.5,1.5,2.5,1.5,2.5,1.5,2.5,1.5,2.5,0.5,0.5,0.5,0.5,0.5,0.5,2.5,1.5,1.5,2.5,1.5,2.5,0.5,0.5,0.5,0.5,1.5,2.5,0.5,0.5,0.5,0.5,0.5,0.5,0.5,0.5,0.5,0.5,1.5,2.5,0.5,0.5,0.5,0.5,0.5,0.5,0.5,0.5,2.5,1.5,2.5,1.5,8.5,2.5,0.5,0.5,0.5,0.5,0.5,0.5,0.5,0.5
73.60181374,29.03152866,-33.21573903,1.5,2.5,1.5,2.5,1.5,2.5,0.5,0.5,0.5,0.5,1.5,2.5,1.5,2.5,1.5,2.5,1.5,2.5,0.5,0.5,0.5,0.5,0.5,0.5,2.5,1.5,1.5,2.5,1.5,2.5,0.5,0.5,0.5,0.5,1.5,2.5,0.5,0.5,0.5,0.5,0.5,0.5,0.5,0.5,0.5,0.5,1.5,2.5,0.5,0.5,0.5,0.5,0.5,0.5,0.5,0.5,2.5,1.5,2.5,1.5,8.5,2.5,0.5,0.5,0.5,0.5,0.5,0.5,0.5,0.5
-91.19340541,72.82202806,-38.4246724,1.5,2.5,1.5,2.5,1.5,2.5,0.5,0.5,0.5,0.5,1.5,2.5,1.5,2.5,1.5,2.5,1.5,2.5,0.5,0.5,0.5,0.5,0.5,0.5,2.5,1.5,1.5,2.5,1.5,2.5,0.5,0.5,0.5,0.5,1.5,2.5,0.5,0.5,0.5,0.5,0.5,0.5,0.5,0.5,0.5,0.5,2.5,1.5,2.5,1.5,2.5,1.5,8.5,2.5,0.5,0.5,0.5,0.5,0.5,0.5,0.5,0.5,0.5,0.5,0.5,0.5,0.5,0.5,0.5,0.5
-75.871889,15.2983435,185.8119825,1.5,2.5,1.5,2.5,1.5,2.5,0.5,0.5,0.5,0.5,1.5,2.5,1.5,2.5,1.5,2.5,1.5,2.5,0.5,0.5,0.5,0.5,0.5,0.5,2.5,1.5,1.5,2.5,1.5,2.5,0.5,0.5,0.5,0.5,1.5,2.5,0.5,0.5,0.5,0.5,0.5,0.5,0.5,0.5,0.5,0.5,1.5,2.5,0.5,0.5,0.5,0.5,0.5,0.5,0.5,0.5,1.5,2.5,0.5,0.5,8.5,2.5,0.5,0.5,0.5,0.5,0.5,0.5,0.5,0.5
17.5260416,96.98523174,-6.416635769,1.5,2.5,1.5,2.5,1.5,2.5,0.5,0.5,0.5,0.5,1.5,2.5,1.5,2.5,1.5,2.5,1.5,2.5,0.5,0.5,1.5,2.5,0.5,0.5,2.5,1.5,2.5,1.5,2.5,1.5,2.5,1.5,7.5,2.5,0.5,0.5,0.5,0.5,0.5,0.5,0.5,0.5,0.5,0.5,0.5,0.5,0.5,0.5,0.5,0.5,0.5,0.5,0.5,0.5,0.5,0.5,0.5,0.5,0.5,0.5,0.5,0.5,0.5,0.5,0.5,0.5,0.5,0.5,0.5,0.5
-2.112811796,28.5822602,-73.99933799,1.5,2.5,1.5,2.5,1.5,2.5,0.5,0.5,0.5,0.5,1.5,2.5,2.5,1.5,0.5,0.5,0.5,0.5,0.5,0.5,0.5,0.5,0.5,0.5,0.5,0.5,0.5,0.5,0.5,0.5,0.5,0.5,0.5,0.5,0.5,0.5,0.5,0.5,0.5,0.5,0.5,0.5,0.5,0.5,0.5,0.5,0.5,0.5,0.5,0.5,0.5,0.5,0.5,0.5,0.5,0.5,0.5,0.5,0.5,0.5,0.5,0.5,0.5,0.5,0.5,0.5,0.5,0.5,0.5,0.5
-63.89800163,93.86028561,81.44094526,1.5,2.5,1.5,2.5,1.5,2.5,0.5,0.5,0.5,0.5,1.5,2.5,1.5,2.5,1.5,2.5,1.5,2.5,0.5,0.5,0.5,0.5,0.5,0.5,2.5,1.5,1.5,2.5,1.5,2.5,0.5,0.5,0.5,0.5,1.5,2.5,0.5,0.5,0.5,0.5,0.5,0.5,0.5,0.5,0.5,0.5,1.5,2.5,0.5,0.5,0.5,0.5,0.5,0.5,0.5,0.5,2.5,1.5,2.5,1.5,8.5,2.5,0.5,0.5,0.5,0.5,0.5,0.5,0.5,0.5
68.43614894,87.91798826,-158.3421915,1.5,2.5,1.5,2.5,1.5,2.5,0.5,0.5,0.5,0.5,1.5,2.5,1.5,2.5,1.5,2.5,1.5,2.5,0.5,0.5,1.5,2.5,0.5,0.5,2.5,1.5,2.5,1.5,2.5,1.5,2.5,1.5,8.5,2.5,0.5,0.5,0.5,0.5,0.5,0.5,0.5,0.5,0.5,0.5,0.5,0.5,0.5,0.5,0.5,0.5,0.5,0.5,0.5,0.5,0.5,0.5,0.5,0.5,0.5,0.5,0.5,0.5,0.5,0.5,0.5,0.5,0.5,0.5,0.5,0.5
-62.25205866,45.05613023,-163.8821811,1.5,2.5,1.5,2.5,1.5,2.5,0.5,0.5,0.5,0.5,1.5,2.5,1.5,2.5,1.5,2.5,1.5,2.5,0.5,0.5,0.5,0.5,0.5,0.5,2.5,1.5,1.5,2.5,1.5,2.5,0.5,0.5,0.5,0.5,1.5,2.5,0.5,0.5,0.5,0.5,0.5,0.5,0.5,0.5,0.5,0.5,2.5,1.5,2.5,1.5,2.5,1.5,8.5,2.5,0.5,0.5,0.5,0.5,0.5,0.5,0.5,0.5,0.5,0.5,0.5,0.5,0.5,0.5,0.5,0.5
-79.27035234,67.20354934,-191.1118156,1.5,2.5,1.5,2.5,1.5,2.5,0.5,0.5,0.5,0.5,1.5,2.5,1.5,2.5,1.5,2.5,1.5,2.5,0.5,0.5,0.5,0.5,0.5,0.5,2.5,1.5,1.5,2.5,1.5,2.5,0.5,0.5,0.5,0.5,1.5,2.5,0.5,0.5,0.5,0.5,0.5,0.5,0.5,0.5,0.5,0.5,2.5,1.5,2.5,1.5,2.5,1.5,8.5,2.5,0.5,0.5,0.5,0.5,0.5,0.5,0.5,0.5,0.5,0.5,0.5,0.5,0.5,0.5,0.5,0.5
39.25787717,59.41917547,-160.0040527,1.5,2.5,1.5,2.5,1.5,2.5,0.5,0.5,0.5,0.5,1.5,2.5,1.5,2.5,1.5,2.5,1.5,2.5,0.5,0.5,1.5,2.5,0.5,0.5,2.5,1.5,2.5,1.5,2.5,1.5,2.5,1.5,8.5,2.5,0.5,0.5,0.5,0.5,0.5,0.5,0.5,0.5,0.5,0.5,0.5,0.5,0.5,0.5,0.5,0.5,0.5,0.5,0.5,0.5,0.5,0.5,0.5,0.5,0.5,0.5,0.5,0.5,0.5,0.5,0.5,0.5,0.5,0.5,0.5,0.5
46.01601155,32.27993512,-112.8924708,1.5,2.5,1.5,2.5,1.5,2.5,0.5,0.5,0.5,0.5,1.5,2.5,1.5,2.5,1.5,2.5,1.5,2.5,0.5,0.5,0.5,0.5,0.5,0.5,2.5,1.5,1.5,2.5,1.5,2.5,0.5,0.5,0.5,0.5,1.5,2.5,0.5,0.5,0.5,0.5,0.5,0.5,0.5,0.5,0.5,0.5,1.5,2.5,0.5,0.5,0.5,0.5,0.5,0.5,0.5,0.5,1.5,2.5,0.5,0.5,6.5,2.5,0.5,0.5,0.5,0.5,0.5,0.5,0.5,0.5
-16.73113178,69.12200693,163.5195966,1.5,2.5,1.5,2.5,1.5,2.5,0.5,0.5,0.5,0.5,1.5,2.5,1.5,2.5,1.5,2.5,1.5,2.5,0.5,0.5,0.5,0.5,0.5,0.5,2.5,1.5,1.5,2.5,1.5,2.5,0.5,0.5,0.5,0.5,1.5,2.5,0.5,0.5,0.5,0.5,0.5,0.5,0.5,0.5,0.5,0.5,1.5,2.5,0.5,0.5,0.5,0.5,0.5,0.5,0.5,0.5,1.5,2.5,0.5,0.5,6.5,2.5,0.5,0.5,0.5,0.5,0.5,0.5,0.5,0.5
69.56386273,49.95989379,30.28371881,1.5,2.5,1.5,2.5,1.5,2.5,0.5,0.5,0.5,0.5,1.5,2.5,1.5,2.5,1.5,2.5,1.5,2.5,0.5,0.5,0.5,0.5,0.5,0.5,2.5,1.5,1.5,2.5,1.5,2.5,0.5,0.5,0.5,0.5,1.5,2.5,0.5,0.5,0.5,0.5,0.5,0.5,0.5,0.5,0.5,0.5,2.5,1.5,2.5,1.5,2.5,1.5,7.5,2.5,0.5,0.5,0.5,0.5,0.5,0.5,0.5,0.5,0.5,0.5,0.5,0.5,0.5,0.5,0.5,0.5
-53.50945792,35.63092334,-89.21267881,1.5,2.5,1.5,2.5,1.5,2.5,0.5,0.5,0.5,0.5,1.5,2.5,1.5,2.5,1.5,2.5,1.5,2.5,0.5,0.5,0.5,0.5,0.5,0.5,2.5,1.5,1.5,2.5,1.5,2.5,0.5,0.5,0.5,0.5,1.5,2.5,0.5,0.5,0.5,0.5,0.5,0.5,0.5,0.5,0.5,0.5,2.5,1.5,2.5,1.5,2.5,1.5,8.5,2.5,0.5,0.5,0.5,0.5,0.5,0.5,0.5,0.5,0.5,0.5,0.5,0.5,0.5,0.5,0.5,0.5
99.89889448,16.38323607,-17.58679895,1.5,2.5,1.5,2.5,1.5,2.5,0.5,0.5,0.5,0.5,1.5,2.5,1.5,2.5,1.5,2.5,1.5,2.5,0.5,0.5,0.5,0.5,0.5,0.5,2.5,1.5,1.5,2.5,1.5,2.5,0.5,0.5,0.5,0.5,1.5,2.5,0.5,0.5,0.5,0.5,0.5,0.5,0.5,0.5,0.5,0.5,1.5,2.5,0.5,0.5,0.5,0.5,0.5,0.5,0.5,0.5,2.5,1.5,2.5,1.5,8.5,2.5,0.5,0.5,0.5,0.5,0.5,0.5,0.5,0.5
-28.2989732,98.41015692,42.12494574,1.5,2.5,1.5,2.5,1.5,2.5,0.5,0.5,0.5,0.5,1.5,2.5,1.5,2.5,1.5,2.5,1.5,2.5,0.5,0.5,0.5,0.5,0.5,0.5,2.5,1.5,1.5,2.5,1.5,2.5,0.5,0.5,0.5,0.5,1.5,2.5,0.5,0.5,0.5,0.5,0.5,0.5,0.5,0.5,0.5,0.5,1.5,2.5,0.5,0.5,0.5,0.5,0.5,0.5,0.5,0.5,2.5,1.5,2.5,1.5,7.5,2.5,0.5,0.5,0.5,0.5,0.5,0.5,0.5,0.5
-51.68163327,70.38918315,-80.211859,1.5,2.5,1.5,2.5,1.5,2.5,0.5,0.5,0.5,0.5,1.5,2.5,1.5,2.5,1.5,2.5,1.5,2.5,0.5,0.5,0.5,0.5,0.5,0.5,2.5,1.5,1.5,2.5,1.5,2.5,0.5,0.5,0.5,0.5,1.5,2.5,0.5,0.5,0.5,0.5,0.5,0.5,0.5,0.5,0.5,0.5,2.5,1.5,2.5,1.5,2.5,1.5,8.5,2.5,0.5,0.5,0.5,0.5,0.5,0.5,0.5,0.5,0.5,0.5,0.5,0.5,0.5,0.5,0.5,0.5
10.60970618,76.95435981,-165.6851488,1.5,2.5,1.5,2.5,1.5,2.5,0.5,0.5,0.5,0.5,1.5,2.5,1.5,2.5,1.5,2.5,1.5,2.5,0.5,0.5,1.5,2.5,0.5,0.5,2.5,1.5,2.5,1.5,2.5,1.5,2.5,1.5,6.5,2.5,0.5,0.5,0.5,0.5,0.5,0.5,0.5,0.5,0.5,0.5,0.5,0.5,0.5,0.5,0.5,0.5,0.5,0.5,0.5,0.5,0.5,0.5,0.5,0.5,0.5,0.5,0.5,0.5,0.5,0.5,0.5,0.5,0.5,0.5,0.5,0.5
-9.703617769,57.47988978,51.85077159,1.5,2.5,1.5,2.5,1.5,2.5,0.5,0.5,0.5,0.5,1.5,2.5,1.5,2.5,1.5,2.5,1.5,2.5,0.5,0.5,0.5,0.5,0.5,0.5,2.5,1.5,1.5,2.5,1.5,2.5,0.5,0.5,0.5,0.5,1.5,2.5,0.5,0.5,0.5,0.5,0.5,0.5,0.5,0.5,0.5,0.5,1.5,2.5,0.5,0.5,0.5,0.5,0.5,0.5,0.5,0.5,2.5,1.5,2.5,1.5,6.5,2.5,0.5,0.5,0.5,0.5,0.5,0.5,0.5,0.5
-58.86024395,59.5812,-38.89203604,1.5,2.5,1.5,2.5,1.5,2.5,0.5,0.5,0.5,0.5,1.5,2.5,1.5,2.5,1.5,2.5,1.5,2.5,0.5,0.5,0.5,0.5,0.5,0.5,2.5,1.5,1.5,2.5,1.5,2.5,0.5,0.5,0.5,0.5,1.5,2.5,0.5,0.5,0.5,0.5,0.5,0.5,0.5,0.5,0.5,0.5,2.5,1.5,2.5,1.5,2.5,1.5,8.5,2.5,0.5,0.5,0.5,0.5,0.5,0.5,0.5,0.5,0.5,0.5,0.5,0.5,0.5,0.5,0.5,0.5
-96.02903784,53.48530894,-118.8982771,1.5,2.5,1.5,2.5,1.5,2.5,0.5,0.5,0.5,0.5,1.5,2.5,1.5,2.5,1.5,2.5,1.5,2.5,0.5,0.5,0.5,0.5,0.5,0.5,2.5,1.5,1.5,2.5,1.5,2.5,0.5,0.5,0.5,0.5,1.5,2.5,0.5,0.5,0.5,0.5,0.5,0.5,0.5,0.5,0.5,0.5,2.5,1.5,2.5,1.5,2.5,1.5,8.5,2.5,0.5,0.5,0.5,0.5,0.5,0.5,0.5,0.5,0.5,0.5,0.5,0.5,0.5,0.5,0.5,0.5
-34.97492504,29.88383374,-61.55037845,1.5,2.5,1.5,2.5,1.5,2.5,0.5,0.5,0.5,0.5,1.5,2.5,1.5,2.5,1.5,2.5,1.5,2.5,0.5,0.5,0.5,0.5,0.5,0.5,2.5,1.5,1.5,2.5,1.5,2.5,0.5,0.5,0.5,0.5,1.5,2.5,0.5,0.5,0.5,0.5,0.5,0.5,0.5,0.5,0.5,0.5,2.5,1.5,2.5,1.5,2.5,1.5,8.5,2.5,0.5,0.5,0.5,0.5,0.5,0.5,0.5,0.5,0.5,0.5,0.5,0.5,0.5,0.5,0.5,0.5
-92.44210933,44.97220888,-79.26516209,1.5,2.5,1.5,2.5,1.5,2.5,0.5,0.5,0.5,0.5,1.5,2.5,1.5,2.5,1.5,2.5,1.5,2.5,0.5,0.5,0.5,0.5,0.5,0.5,2.5,1.5,1.5,2.5,1.5,2.5,0.5,0.5,0.5,0.5,1.5,2.5,0.5,0.5,0.5,0.5,0.5,0.5,0.5,0.5,0.5,0.5,2.5,1.5,2.5,1.5,2.5,1.5,8.5,2.5,0.5,0.5,0.5,0.5,0.5,0.5,0.5,0.5,0.5,0.5,0.5,0.5,0.5,0.5,0.5,0.5
-35.77826473,71.3927914,43.65072605,1.5,2.5,1.5,2.5,1.5,2.5,0.5,0.5,0.5,0.5,1.5,2.5,1.5,2.5,1.5,2.5,1.5,2.5,0.5,0.5,0.5,0.5,0.5,0.5,2.5,1.5,1.5,2.5,1.5,2.5,0.5,0.5,0.5,0.5,1.5,2.5,0.5,0.5,0.5,0.5,0.5,0.5,0.5,0.5,0.5,0.5,1.5,2.5,0.5,0.5,0.5,0.5,0.5,0.5,0.5,0.5,2.5,1.5,2.5,1.5,8.5,2.5,0.5,0.5,0.5,0.5,0.5,0.5,0.5,0.5
-37.09845838,97.11004868,-108.452318,1.5,2.5,1.5,2.5,1.5,2.5,0.5,0.5,0.5,0.5,1.5,2.5,1.5,2.5,1.5,2.5,1.5,2.5,0.5,0.5,0.5,0.5,0.5,0.5,2.5,1.5,1.5,2.5,1.5,2.5,0.5,0.5,0.5,0.5,1.5,2.5,0.5,0.5,0.5,0.5,0.5,0.5,0.5,0.5,0.5,0.5,2.5,1.5,2.5,1.5,2.5,1.5,8.5,2.5,0.5,0.5,0.5,0.5,0.5,0.5,0.5,0.5,0.5,0.5,0.5,0.5,0.5,0.5,0.5,0.5
-19.95429869,40.25413767,-144.1945462,1.5,2.5,1.5,2.5,1.5,2.5,0.5,0.5,0.5,0.5,1.5,2.5,1.5,2.5,1.5,2.5,1.5,2.5,0.5,0.5,0.5,0.5,0.5,0.5,2.5,1.5,1.5,2.5,1.5,2.5,0.5,0.5,0.5,0.5,1.5,2.5,0.5,0.5,0.5,0.5,0.5,0.5,0.5,0.5,0.5,0.5,2.5,1.5,2.5,1.5,2.5,1.5,7.5,2.5,0.5,0.5,0.5,0.5,0.5,0.5,0.5,0.5,0.5,0.5,0.5,0.5,0.5,0.5,0.5,0.5
22.66762418,14.3031755,-5.294839974,1.5,2.5,1.5,2.5,1.5,2.5,0.5,0.5,0.5,0.5,1.5,2.5,1.5,2.5,1.5,2.5,1.5,2.5,0.5,0.5,0.5,0.5,0.5,0.5,2.5,1.5,1.5,2.5,1.5,2.5,0.5,0.5,0.5,0.5,1.5,2.5,0.5,0.5,0.5,0.5,0.5,0.5,0.5,0.5,0.5,0.5,1.5,2.5,0.5,0.5,0.5,0.5,0.5,0.5,0.5,0.5,2.5,1.5,2.5,1.5,5.5,2.5,0.5,0.5,0.5,0.5,0.5,0.5,0.5,0.5
-65.64502734,46.66833376,-163.7195697,1.5,2.5,1.5,2.5,1.5,2.5,0.5,0.5,0.5,0.5,1.5,2.5,1.5,2.5,1.5,2.5,1.5,2.5,0.5,0.5,0.5,0.5,0.5,0.5,2.5,1.5,1.5,2.5,1.5,2.5,0.5,0.5,0.5,0.5,1.5,2.5,0.5,0.5,0.5,0.5,0.5,0.5,0.5,0.5,0.5,0.5,2.5,1.5,2.5,1.5,2.5,1.5,8.5,2.5,0.5,0.5,0.5,0.5,0.5,0.5,0.5,0.5,0.5,0.5,0.5,0.5,0.5,0.5,0.5,0.5
-34.99940817,56.45990517,-156.7771044,1.5,2.5,1.5,2.5,1.5,2.5,0.5,0.5,0.5,0.5,1.5,2.5,1.5,2.5,1.5,2.5,1.5,2.5,0.5,0.5,0.5,0.5,0.5,0.5,2.5,1.5,1.5,2.5,1.5,2.5,0.5,0.5,0.5,0.5,1.5,2.5,0.5,0.5,0.5,0.5,0.5,0.5,0.5,0.5,0.5,0.5,2.5,1.5,2.5,1.5,2.5,1.5,8.5,2.5,0.5,0.5,0.5,0.5,0.5,0.5,0.5,0.5,0.5,0.5,0.5,0.5,0.5,0.5,0.5,0.5
93.33455343,68.28441927,-60.13008419,1.5,2.5,1.5,2.5,1.5,2.5,0.5,0.5,0.5,0.5,1.5,2.5,1.5,2.5,1.5,2.5,1.5,2.5,0.5,0.5,0.5,0.5,0.5,0.5,2.5,1.5,1.5,2.5,1.5,2.5,0.5,0.5,0.5,0.5,1.5,2.5,0.5,0.5,0.5,0.5,0.5,0.5,0.5,0.5,0.5,0.5,1.5,2.5,0.5,0.5,0.5,0.5,0.5,0.5,0.5,0.5,2.5,1.5,2.5,1.5,7.5,2.5,0.5,0.5,0.5,0.5,0.5,0.5,0.5,0.5
-97.64008977,30.20957183,1.472852596,1.5,2.5,1.5,2.5,1.5,2.5,0.5,0.5,0.5,0.5,1.5,2.5,1.5,2.5,1.5,2.5,1.5,2.5,0.5,0.5,0.5,0.5,0.5,0.5,2.5,1.5,1.5,2.5,1.5,2.5,0.5,0.5,0.5,0.5,1.5,2.5,0.5,0.5,0.5,0.5,0.5,0.5,0.5,0.5,0.5,0.5,1.5,2.5,0.5,0.5,0.5,0.5,0.5,0.5,0.5,0.5,2.5,1.5,2.5,1.5,8.5,2.5,0.5,0.5,0.5,0.5,0.5,0.5,0.5,0.5
34.77794483,32.53044572,-30.12096462,1.5,2.5,1.5,2.5,1.5,2.5,0.5,0.5,0.5,0.5,1.5,2.5,2.5,1.5,0.5,0.5,0.5,0.5,0.5,0.5,0.5,0.5,0.5,0.5,0.5,0.5,0.5,0.5,0.5,0.5,0.5,0.5,0.5,0.5,0.5,0.5,0.5,0.5,0.5,0.5,0.5,0.5,0.5,0.5,0.5,0.5,0.5,0.5,0.5,0.5,0.5,0.5,0.5,0.5,0.5,0.5,0.5,0.5,0.5,0.5,0.5,0.5,0.5,0.5,0.5,0.5,0.5,0.5,0.5,0.5
-59.42195632,71.83072319,-26.38555504,1.5,2.5,1.5,2.5,1.5,2.5,0.5,0.5,0.5,0.5,1.5,2.5,1.5,2.5,1.5,2.5,1.5,2.5,0.5,0.5,0.5,0.5,0.5,0.5,2.5,1.5,1.5,2.5,1.5,2.5,0.5,0.5,0.5,0.5,1.5,2.5,0.5,0.5,0.5,0.5,0.5,0.5,0.5,0.5,0.5,0.5,2.5,1.5,2.5,1.5,2.5,1.5,8.5,2.5,0.5,0.5,0.5,0.5,0.5,0.5,0.5,0.5,0.5,0.5,0.5,0.5,0.5,0.5,0.5,0.5
-15.5546925,24.93275256,1.267021451,1.5,2.5,1.5,2.5,1.5,2.5,0.5,0.5,0.5,0.5,1.5,2.5,1.5,2.5,1.5,2.5,1.5,2.5,0.5,0.5,0.5,0.5,0.5,0.5,2.5,1.5,1.5,2.5,1.5,2.5,0.5,0.5,0.5,0.5,1.5,2.5,0.5,0.5,0.5,0.5,0.5,0.5,0.5,0.5,0.5,0.5,1.5,2.5,0.5,0.5,0.5,0.5,0.5,0.5,0.5,0.5,2.5,1.5,2.5,1.5,6.5,2.5,0.5,0.5,0.5,0.5,0.5,0.5,0.5,0.5
-2.120767793,82.38384293,-40.04269894,1.5,2.5,1.5,2.5,1.5,2.5,0.5,0.5,0.5,0.5,1.5,2.5,2.5,1.5,0.5,0.5,0.5,0.5,0.5,0.5,0.5,0.5,0.5,0.5,0.5,0.5,0.5,0.5,0.5,0.5,0.5,0.5,0.5,0.5,0.5,0.5,0.5,0.5,0.5,0.5,0.5,0.5,0.5,0.5,0.5,0.5,0.5,0.5,0.5,0.5,0.5,0.5,0.5,0.5,0.5,0.5,0.5,0.5,0.5,0.5,0.5,0.5,0.5,0.5,0.5,0.5,0.5,0.5,0.5,0.5
-38.69753022,30.02831467,-72.770695,1.5,2.5,1.5,2.5,1.5,2.5,0.5,0.5,0.5,0.5,1.5,2.5,1.5,2.5,1.5,2.5,1.5,2.5,0.5,0.5,0.5,0.5,0.5,0.5,2.5,1.5,1.5,2.5,1.5,2.5,0.5,0.5,0.5,0.5,1.5,2.5,0.5,0.5,0.5,0.5,0.5,0.5,0.5,0.5,0.5,0.5,2.5,1.5,2.5,1.5,2.5,1.5,8.5,2.5,0.5,0.5,0.5,0.5,0.5,0.5,0.5,0.5,0.5,0.5,0.5,0.5,0.5,0.5,0.5,0.5
74.44787219,39.86177208,-175.6648043,1.5,2.5,1.5,2.5,1.5,2.5,0.5,0.5,0.5,0.5,1.5,2.5,1.5,2.5,1.5,2.5,1.5,2.5,0.5,0.5,0.5,0.5,0.5,0.5,2.5,1.5,1.5,2.5,1.5,2.5,0.5,0.5,0.5,0.5,1.5,2.5,0.5,0.5,0.5,0.5,0.5,0.5,0.5,0.5,0.5,0.5,1.5,2.5,0.5,0.5,0.5,0.5,0.5,0.5,0.5,0.5,1.5,2.5,0.5,0.5,8.5,2.5,0.5,0.5,0.5,0.5,0.5,0.5,0.5,0.5
-16.71055257,48.29765162,-26.12328606,1.5,2.5,1.5,2.5,1.5,2.5,0.5,0.5,0.5,0.5,1.5,2.5,1.5,2.5,1.5,2.5,1.5,2.5,0.5,0.5,0.5,0.5,0.5,0.5,2.5,1.5,1.5,2.5,1.5,2.5,0.5,0.5,0.5,0.5,1.5,2.5,0.5,0.5,0.5,0.5,0.5,0.5,0.5,0.5,0.5,0.5,2.5,1.5,2.5,1.5,2.5,1.5,6.5,2.5,0.5,0.5,0.5,0.5,0.5,0.5,0.5,0.5,0.5,0.5,0.5,0.5,0.5,0.5,0.5,0.5
99.88393726,50.10368702,190.253887,1.5,2.5,1.5,2.5,1.5,2.5,0.5,0.5,0.5,0.5,1.5,2.5,1.5,2.5,1.5,2.5,1.5,2.5,0.5,0.5,0.5,0.5,0.5,0.5,2.5,1.5,1.5,2.5,1.5,2.5,0.5,0.5,0.5,0.5,1.5,2.5,0.5,0.5,0.5,0.5,0.5,0.5,0.5,0.5,0.5,0.5,2.5,1.5,2.5,1.5,2.5,1.5,8.5,2.5,0.5,0.5,0.5,0.5,0.5,0.5,0.5,0.5,0.5,0.5,0.5,0.5,0.5,0.5,0.5,0.5
-45.53844829,33.75345545,-171.08332,1.5,2.5,1.5,2.5,1.5,2.5,0.5,0.5,0.5,0.5,1.5,2.5,1.5,2.5,1.5,2.5,1.5,2.5,0.5,0.5,0.5,0.5,0.5,0.5,2.5,1.5,1.5,2.5,1.5,2.5,0.5,0.5,0.5,0.5,1.5,2.5,0.5,0.5,0.5,0.5,0.5,0.5,0.5,0.5,0.5,0.5,2.5,1.5,2.5,1.5,2.5,1.5,8.5,2.5,0.5,0.5,0.5,0.5,0.5,0.5,0.5,0.5,0.5,0.5,0.5,0.5,0.5,0.5,0.5,0.5
70.06242702,45.70034671,122.160667,1.5,2.5,1.5,2.5,1.5,2.5,0.5,0.5,0.5,0.5,1.5,2.5,1.5,2.5,1.5,2.5,1.5,2.5,0.5,0.5,0.5,0.5,0.5,0.5,2.5,1.5,1.5,2.5,1.5,2.5,0.5,0.5,0.5,0.5,1.5,2.5,0.5,0.5,0.5,0.5,0.5,0.5,0.5,0.5,0.5,0.5,2.5,1.5,2.5,1.5,2.5,1.5,7.5,2.5,0.5,0.5,0.5,0.5,0.5,0.5,0.5,0.5,0.5,0.5,0.5,0.5,0.5,0.5,0.5,0.5
-45.72305469,37.23013565,169.1457288,1.5,2.5,1.5,2.5,1.5,2.5,0.5,0.5,0.5,0.5,1.5,2.5,1.5,2.5,1.5,2.5,1.5,2.5,0.5,0.5,0.5,0.5,0.5,0.5,2.5,1.5,1.5,2.5,1.5,2.5,0.5,0.5,0.5,0.5,1.5,2.5,0.5,0.5,0.5,0.5,0.5,0.5,0.5,0.5,0.5,0.5,1.5,2.5,0.5,0.5,0.5,0.5,0.5,0.5,0.5,0.5,1.5,2.5,0.5,0.5,8.5,2.5,0.5,0.5,0.5,0.5,0.5,0.5,0.5,0.5
-84.16953059,82.43705625,-114.7239496,1.5,2.5,1.5,2.5,1.5,2.5,0.5,0.5,0.5,0.5,1.5,2.5,1.5,2.5,1.5,2.5,1.5,2.5,0.5,0.5,0.5,0.5,0.5,0.5,2.5,1.5,1.5,2.5,1.5,2.5,0.5,0.5,0.5,0.5,1.5,2.5,0.5,0.5,0.5,0.5,0.5,0.5,0.5,0.5,0.5,0.5,2.5,1.5,2.5,1.5,2.5,1.5,8.5,2.5,0.5,0.5,0.5,0.5,0.5,0.5,0.5,0.5,0.5,0.5,0.5,0.5,0.5,0.5,0.5,0.5
-82.91692639,15.5757195,-91.7488555,1.5,2.5,1.5,2.5,1.5,2.5,0.5,0.5,0.5,0.5,1.5,2.5,1.5,2.5,1.5,2.5,1.5,2.5,0.5,0.5,0.5,0.5,0.5,0.5,2.5,1.5,1.5,2.5,1.5,2.5,0.5,0.5,0.5,0.5,1.5,2.5,0.5,0.5,0.5,0.5,0.5,0.5,0.5,0.5,0.5,0.5,2.5,1.5,2.5,1.5,2.5,1.5,8.5,2.5,0.5,0.5,0.5,0.5,0.5,0.5,0.5,0.5,0.5,0.5,0.5,0.5,0.5,0.5,0.5,0.5
94.79630165,27.27626643,-163.616504,1.5,2.5,1.5,2.5,1.5,2.5,0.5,0.5,0.5,0.5,1.5,2.5,1.5,2.5,1.5,2.5,1.5,2.5,0.5,0.5,0.5,0.5,0.5,0.5,2.5,1.5,1.5,2.5,1.5,2.5,0.5,0.5,0.5,0.5,1.5,2.5,0.5,0.5,0.5,0.5,0.5,0.5,0.5,0.5,0.5,0.5,1.5,2.5,0.5,0.5,0.5,0.5,0.5,0.5,0.5,0.5,1.5,2.5,0.5,0.5,8.5,2.5,0.5,0.5,0.5,0.5,0.5,0.5,0.5,0.5
-6.174264125,88.79122114,-33.79235801,1.5,2.5,1.5,2.5,1.5,2.5,0.5,0.5,0.5,0.5,1.5,2.5,1.5,2.5,1.5,2.5,1.5,2.5,0.5,0.5,0.5,0.5,0.5,0.5,2.5,1.5,1.5,2.5,1.5,2.5,0.5,0.5,0.5,0.5,1.5,2.5,0.5,0.5,0.5,0.5,0.5,0.5,0.5,0.5,0.5,0.5,2.5,1.5,2.5,1.5,2.5,1.5,5.5,2.5,0.5,0.5,0.5,0.5,0.5,0.5,0.5,0.5,0.5,0.5,0.5,0.5,0.5,0.5,0.5,0.5
-39.10175267,44.59846781,-154.6482741,1.5,2.5,1.5,2.5,1.5,2.5,0.5,0.5,0.5,0.5,1.5,2.5,1.5,2.5,1.5,2.5,1.5,2.5,0.5,0.5,0.5,0.5,0.5,0.5,2.5,1.5,1.5,2.5,1.5,2.5,0.5,0.5,0.5,0.5,1.5,2.5,0.5,0.5,0.5,0.5,0.5,0.5,0.5,0.5,0.5,0.5,2.5,1.5,2.5,1.5,2.5,1.5,8.5,2.5,0.5,0.5,0.5,0.5,0.5,0.5,0.5,0.5,0.5,0.5,0.5,0.5,0.5,0.5,0.5,0.5
-76.12292273,38.02802457,-139.3115727,1.5,2.5,1.5,2.5,1.5,2.5,0.5,0.5,0.5,0.5,1.5,2.5,1.5,2.5,1.5,2.5,1.5,2.5,0.5,0.5,0.5,0.5,0.5,0.5,2.5,1.5,1.5,2.5,1.5,2.5,0.5,0.5,0.5,0.5,1.5,2.5,0.5,0.5,0.5,0.5,0.5,0.5,0.5,0.5,0.5,0.5,2.5,1.5,2.5,1.5,2.5,1.5,8.5,2.5,0.5,0.5,0.5,0.5,0.5,0.5,0.5,0.5,0.5,0.5,0.5,0.5,0.5,0.5,0.5,0.5
70.52278729,75.95093683,-106.8942578,1.5,2.5,1.5,2.5,1.5,2.5,0.5,0.5,0.5,0.5,1.5,2.5,1.5,2.5,1.5,2.5,1.5,2.5,0.5,0.5,1.5,2.5,0.5,0.5,2.5,1.5,2.5,1.5,2.5,1.5,2.5,1.5,8.5,2.5,0.5,0.5,0.5,0.5,0.5,0.5,0.5,0.5,0.5,0.5,0.5,0.5,0.5,0.5,0.5,0.5,0.5,0.5,0.5,0.5,0.5,0.5,0.5,0.5,0.5,0.5,0.5,0.5,0.5,0.5,0.5,0.5,0.5,0.5,0.5,0.5
-65.40635555,19.44298004,196.2137058,1.5,2.5,1.5,2.5,1.5,2.5,0.5,0.5,0.5,0.5,1.5,2.5,1.5,2.5,1.5,2.5,1.5,2.5,0.5,0.5,0.5,0.5,0.5,0.5,2.5,1.5,1.5,2.5,1.5,2.5,0.5,0.5,0.5,0.5,1.5,2.5,0.5,0.5,0.5,0.5,0.5,0.5,0.5,0.5,0.5,0.5,1.5,2.5,0.5,0.5,0.5,0.5,0.5,0.5,0.5,0.5,1.5,2.5,0.5,0.5,8.5,2.5,0.5,0.5,0.5,0.5,0.5,0.5,0.5,0.5
-66.2219383,91.4374575,-143.7118713,1.5,2.5,1.5,2.5,1.5,2.5,0.5,0.5,0.5,0.5,1.5,2.5,1.5,2.5,1.5,2.5,1.5,2.5,0.5,0.5,0.5,0.5,0.5,0.5,2.5,1.5,1.5,2.5,1.5,2.5,0.5,0.5,0.5,0.5,1.5,2.5,0.5,0.5,0.5,0.5,0.5,0.5,0.5,0.5,0.5,0.5,2.5,1.5,2.5,1.5,2.5,1.5,8.5,2.5,0.5,0.5,0.5,0.5,0.5,0.5,0.5,0.5,0.5,0.5,0.5,0.5,0.5,0.5,0.5,0.5
27.29341172,88.16957832,13.06866244,1.5,2.5,1.5,2.5,1.5,2.5,0.5,0.5,0.5,0.5,1.5,2.5,1.5,2.5,1.5,2.5,1.5,2.5,0.5,0.5,1.5,2.5,0.5,0.5,2.5,1.5,2.5,1.5,2.5,1.5,2.5,1.5,7.5,2.5,0.5,0.5,0.5,0.5,0.5,0.5,0.5,0.5,0.5,0.5,0.5,0.5,0.5,0.5,0.5,0.5,0.5,0.5,0.5,0.5,0.5,0.5,0.5,0.5,0.5,0.5,0.5,0.5,0.5,0.5,0.5,0.5,0.5,0.5,0.5,0.5
8.478617809,75.85372302,23.25041141,1.5,2.5,1.5,2.5,1.5,2.5,0.5,0.5,0.5,0.5,1.5,2.5,1.5,2.5,1.5,2.5,1.5,2.5,0.5,0.5,1.5,2.5,0.5,0.5,2.5,1.5,2.5,1.5,2.5,1.5,2.5,1.5,6.5,2.5,0.5,0.5,0.5,0.5,0.5,0.5,0.5,0.5,0.5,0.5,0.5,0.5,0.5,0.5,0.5,0.5,0.5,0.5,0.5,0.5,0.5,0.5,0.5,0.5,0.5,0.5,0.5,0.5,0.5,0.5,0.5,0.5,0.5,0.5,0.5,0.5
-22.21601423,26.45778823,-18.65953221,1.5,2.5,1.5,2.5,1.5,2.5,0.5,0.5,0.5,0.5,1.5,2.5,1.5,2.5,1.5,2.5,1.5,2.5,0.5,0.5,0.5,0.5,0.5,0.5,2.5,1.5,1.5,2.5,1.5,2.5,0.5,0.5,0.5,0.5,1.5,2.5,0.5,0.5,0.5,0.5,0.5,0.5,0.5,0.5,0.5,0.5,2.5,1.5,2.5,1.5,2.5,1.5,7.5,2.5,0.5,0.5,0.5,0.5,0.5,0.5,0.5,0.5,0.5,0.5,0.5,0.5,0.5,0.5,0.5,0.5
38.75397913,21.19880518,44.22909929,1.5,2.5,1.5,2.5,1.5,2.5,0.5,0.5,0.5,0.5,1.5,2.5,1.5,2.5,1.5,2.5,1.5,2.5,0.5,0.5,0.5,0.5,0.5,0.5,2.5,1.5,1.5,2.5,1.5,2.5,0.5,0.5,0.5,0.5,1.5,2.5,0.5,0.5,0.5,0.5,0.5,0.5,0.5,0.5,0.5,0.5,2.5,1.5,2.5,1.5,2.5,1.5,7.5,2.5,0.5,0.5,0.5,0.5,0.5,0.5,0.5,0.5,0.5,0.5,0.5,0.5,0.5,0.5,0.5,0.5
-38.10574418,22.14663034,-123.0659423,1.5,2.5,1.5,2.5,1.5,2.5,0.5,0.5,0.5,0.5,1.5,2.5,1.5,2.5,1.5,2.5,1.5,2.5,0.5,0.5,0.5,0.5,0.5,0.5,2.5,1.5,1.5,2.5,1.5,2.5,0.5,0.5,0.5,0.5,1.5,2.5,0.5,0.5,0.5,0.5,0.5,0.5,0.5,0.5,0.5,0.5,2.5,1.5,2.5,1.5,2.5,1.5,8.5,2.5,0.5,0.5,0.5,0.5,0.5,0.5,0.5,0.5,0.5,0.5,0.5,0.5,0.5,0.5,0.5,0.5
12.23645635,47.0646796,12.84754297,1.5,2.5,1.5,2.5,1.5,2.5,0.5,0.5,0.5,0.5,1.5,2.5,1.5,2.5,1.5,2.5,1.5,2.5,0.5,0.5,1.5,2.5,0.5,0.5,2.5,1.5,2.5,1.5,2.5,1.5,2.5,1.5,6.5,2.5,0.5,0.5,0.5,0.5,0.5,0.5,0.5,0.5,0.5,0.5,0.5,0.5,0.5,0.5,0.5,0.5,0.5,0.5,0.5,0.5,0.5,0.5,0.5,0.5,0.5,0.5,0.5,0.5,0.5,0.5,0.5,0.5,0.5,0.5,0.5,0.5
-97.73958158,49.85761882,-147.0204854,1.5,2.5,1.5,2.5,1.5,2.5,0.5,0.5,0.5,0.5,1.5,2.5,1.5,2.5,1.5,2.5,1.5,2.5,0.5,0.5,0.5,0.5,0.5,0.5,2.5,1.5,1.5,2.5,1.5,2.5,0.5,0.5,0.5,0.5,1.5,2.5,0.5,0.5,0.5,0.5,0.5,0.5,0.5,0.5,0.5,0.5,2.5,1.5,2.5,1.5,2.5,1.5,8.5,2.5,0.5,0.5,0.5,0.5,0.5,0.5,0.5,0.5,0.5,0.5,0.5,0.5,0.5,0.5,0.5,0.5
69.22138644,31.31933755,26.61999439,1.5,2.5,1.5,2.5,1.5,2.5,0.5,0.5,0.5,0.5,1.5,2.5,1.5,2.5,1.5,2.5,1.5,2.5,0.5,0.5,0.5,0.5,0.5,0.5,2.5,1.5,1.5,2.5,1.5,2.5,0.5,0.5,0.5,0.5,1.5,2.5,0.5,0.5,0.5,0.5,0.5,0.5,0.5,0.5,0.5,0.5,2.5,1.5,2.5,1.5,2.5,1.5,8.5,2.5,0.5,0.5,0.5,0.5,0.5,0.5,0.5,0.5,0.5,0.5,0.5,0.5,0.5,0.5,0.5,0.5
-38.32193577,76.7160717,189.7140022,1.5,2.5,1.5,2.5,1.5,2.5,0.5,0.5,0.5,0.5,1.5,2.5,1.5,2.5,1.5,2.5,1.5,2.5,0.5,0.5,0.5,0.5,0.5,0.5,2.5,1.5,1.5,2.5,1.5,2.5,0.5,0.5,0.5,0.5,1.5,2.5,0.5,0.5,0.5,0.5,0.5,0.5,0.5,0.5,0.5,0.5,1.5,2.5,0.5,0.5,0.5,0.5,0.5,0.5,0.5,0.5,1.5,2.5,0.5,0.5,8.5,2.5,0.5,0.5,0.5,0.5,0.5,0.5,0.5,0.5
94.51329218,64.12040755,5.921733989,1.5,2.5,1.5,2.5,1.5,2.5,0.5,0.5,0.5,0.5,1.5,2.5,1.5,2.5,1.5,2.5,1.5,2.5,0.5,0.5,0.5,0.5,0.5,0.5,2.5,1.5,1.5,2.5,1.5,2.5,0.5,0.5,0.5,0.5,1.5,2.5,0.5,0.5,0.5,0.5,0.5,0.5,0.5,0.5,0.5,0.5,2.5,1.5,2.5,1.5,2.5,1.5,7.5,2.5,0.5,0.5,0.5,0.5,0.5,0.5,0.5,0.5,0.5,0.5,0.5,0.5,0.5,0.5,0.5,0.5
66.96365702,71.45623972,-141.1267071,1.5,2.5,1.5,2.5,1.5,2.5,0.5,0.5,0.5,0.5,1.5,2.5,1.5,2.5,1.5,2.5,1.5,2.5,0.5,0.5,1.5,2.5,0.5,0.5,2.5,1.5,2.5,1.5,2.5,1.5,2.5,1.5,8.5,2.5,0.5,0.5,0.5,0.5,0.5,0.5,0.5,0.5,0.5,0.5,0.5,0.5,0.5,0.5,0.5,0.5,0.5,0.5,0.5,0.5,0.5,0.5,0.5,0.5,0.5,0.5,0.5,0.5,0.5,0.5,0.5,0.5,0.5,0.5,0.5,0.5
-63.14798766,45.16242336,-102.0777444,1.5,2.5,1.5,2.5,1.5,2.5,0.5,0.5,0.5,0.5,1.5,2.5,1.5,2.5,1.5,2.5,1.5,2.5,0.5,0.5,0.5,0.5,0.5,0.5,2.5,1.5,1.5,2.5,1.5,2.5,0.5,0.5,0.5,0.5,1.5,2.5,0.5,0.5,0.5,0.5,0.5,0.5,0.5,0.5,0.5,0.5,2.5,1.5,2.5,1.5,2.5,1.5,8.5,2.5,0.5,0.5,0.5,0.5,0.5,0.5,0.5,0.5,0.5,0.5,0.5,0.5,0.5,0.5,0.5,0.5
7.77406019,57.7448437,-165.5602543,1.5,2.5,1.5,2.5,1.5,2.5,0.5,0.5,0.5,0.5,1.5,2.5,1.5,2.5,1.5,2.5,1.5,2.5,0.5,0.5,1.5,2.5,0.5,0.5,2.5,1.5,2.5,1.5,2.5,1.5,2.5,1.5,5.5,2.5,0.5,0.5,0.5,0.5,0.5,0.5,0.5,0.5,0.5,0.5,0.5,0.5,0.5,0.5,0.5,0.5,0.5,0.5,0.5,0.5,0.5,0.5,0.5,0.5,0.5,0.5,0.5,0.5,0.5,0.5,0.5,0.5,0.5,0.5,0.5,0.5
-95.40047827,56.50557709,-144.9549389,1.5,2.5,1.5,2.5,1.5,2.5,0.5,0.5,0.5,0.5,1.5,2.5,1.5,2.5,1.5,2.5,1.5,2.5,0.5,0.5,0.5,0.5,0.5,0.5,2.5,1.5,1.5,2.5,1.5,2.5,0.5,0.5,0.5,0.5,1.5,2.5,0.5,0.5,0.5,0.5,0.5,0.5,0.5,0.5,0.5,0.5,2.5,1.5,2.5,1.5,2.5,1.5,8.5,2.5,0.5,0.5,0.5,0.5,0.5,0.5,0.5,0.5,0.5,0.5,0.5,0.5,0.5,0.5,0.5,0.5
-69.17605487,47.67716619,-172.6192013,1.5,2.5,1.5,2.5,1.5,2.5,0.5,0.5,0.5,0.5,1.5,2.5,1.5,2.5,1.5,2.5,1.5,2.5,0.5,0.5,0.5,0.5,0.5,0.5,2.5,1.5,1.5,2.5,1.5,2.5,0.5,0.5,0.5,0.5,1.5,2.5,0.5,0.5,0.5,0.5,0.5,0.5,0.5,0.5,0.5,0.5,2.5,1.5,2.5,1.5,2.5,1.5,8.5,2.5,0.5,0.5,0.5,0.5,0.5,0.5,0.5,0.5,0.5,0.5,0.5,0.5,0.5,0.5,0.5,0.5
-34.793304443359375,33.93046569824219,77.75045776367188,1.5,2.5,1.5,2.5,1.5,2.5,0.5,0.5,0.5,0.5,1.5,2.5,1.5,2.5,1.5,2.5,1.5,2.5,0.5,0.5,0.5,0.5,0.5,0.5,2.5,1.5,1.5,2.5,1.5,2.5,0.5,0.5,0.5,0.5,1.5,2.5,0.5,0.5,0.5,0.5,0.5,0.5,0.5,0.5,0.5,0.5,1.5,2.5,0.5,0.5,0.5,0.5,0.5,0.5,0.5,0.5,2.5,1.5,1.5,2.5,0.5,0.5,7.5,2.5,1.5,2.5,1.5,2.5,6.5,2.5
-36.23502349853516,82.47445678710938,-101.05423736572264,1.5,2.5,1.5,2.5,1.5,2.5,0.5,0.5,0.5,0.5,1.5,2.5,1.5,2.5,1.5,2.5,1.5,2.5,0.5,0.5,0.5,0.5,0.5,0.5,2.5,1.5,1.5,2.5,1.5,2.5,0.5,0.5,0.5,0.5,1.5,2.5,0.5,0.5,0.5,0.5,0.5,0.5,0.5,0.5,0.5,0.5,2.5,1.5,2.5,1.5,2.5,1.5,8.5,2.5,0.5,0.5,0.5,0.5,0.5,0.5,0.5,0.5,0.5,0.5,0.5,0.5,0.5,0.5,0.5,0.5
-30.507301330566406,76.2947540283203,88.6622314453125,1.5,2.5,1.5,2.5,1.5,2.5,0.5,0.5,0.5,0.5,1.5,2.5,1.5,2.5,1.5,2.5,1.5,2.5,0.5,0.5,0.5,0.5,0.5,0.5,2.5,1.5,1.5,2.5,1.5,2.5,0.5,0.5,0.5,0.5,1.5,2.5,0.5,0.5,0.5,0.5,0.5,0.5,0.5,0.5,0.5,0.5,1.5,2.5,0.5,0.5,0.5,0.5,0.5,0.5,0.5,0.5,2.5,1.5,2.5,1.5,7.5,2.5,0.5,0.5,0.5,0.5,0.5,0.5,0.5,0.5
-34.01918029785156,83.14370727539062,49.51976013183594,1.5,2.5,1.5,2.5,1.5,2.5,0.5,0.5,0.5,0.5,1.5,2.5,1.5,2.5,1.5,2.5,1.5,2.5,0.5,0.5,0.5,0.5,0.5,0.5,2.5,1.5,1.5,2.5,1.5,2.5,0.5,0.5,0.5,0.5,1.5,2.5,0.5,0.5,0.5,0.5,0.5,0.5,0.5,0.5,0.5,0.5,1.5,2.5,0.5,0.5,0.5,0.5,0.5,0.5,0.5,0.5,2.5,1.5,2.5,1.5,8.5,2.5,0.5,0.5,0.5,0.5,0.5,0.5,0.5,0.5
-31.71306610107421,81.98835754394531,61.03631591796875,1.5,2.5,1.5,2.5,1.5,2.5,0.5,0.5,0.5,0.5,1.5,2.5,1.5,2.5,1.5,2.5,1.5,2.5,0.5,0.5,0.5,0.5,0.5,0.5,2.5,1.5,1.5,2.5,1.5,2.5,0.5,0.5,0.5,0.5,1.5,2.5,0.5,0.5,0.5,0.5,0.5,0.5,0.5,0.5,0.5,0.5,1.5,2.5,0.5,0.5,0.5,0.5,0.5,0.5,0.5,0.5,2.5,1.5,2.5,1.5,7.5,2.5,0.5,0.5,0.5,0.5,0.5,0.5,0.5,0.5
16.975341796875,32.26837158203125,-165.72659301757812,1.5,2.5,1.5,2.5,1.5,2.5,0.5,0.5,0.5,0.5,1.5,2.5,1.5,2.5,2.5,1.5,0.5,0.5,0.5,0.5,0.5,0.5,0.5,0.5,0.5,0.5,0.5,0.5,0.5,0.5,0.5,0.5,0.5,0.5,0.5,0.5,0.5,0.5,0.5,0.5,0.5,0.5,0.5,0.5,0.5,0.5,0.5,0.5,0.5,0.5,0.5,0.5,0.5,0.5,0.5,0.5,0.5,0.5,0.5,0.5,0.5,0.5,0.5,0.5,0.5,0.5,0.5,0.5,0.5,0.5
-31.96768951416016,64.56466674804688,92.69692993164062,1.5,2.5,1.5,2.5,1.5,2.5,0.5,0.5,0.5,0.5,1.5,2.5,1.5,2.5,1.5,2.5,1.5,2.5,0.5,0.5,0.5,0.5,0.5,0.5,2.5,1.5,1.5,2.5,1.5,2.5,0.5,0.5,0.5,0.5,1.5,2.5,0.5,0.5,0.5,0.5,0.5,0.5,0.5,0.5,0.5,0.5,1.5,2.5,0.5,0.5,0.5,0.5,0.5,0.5,0.5,0.5,2.5,1.5,2.5,1.5,7.5,2.5,0.5,0.5,0.5,0.5,0.5,0.5,0.5,0.5
-31.338119506835938,51.707916259765625,-106.4301986694336,1.5,2.5,1.5,2.5,1.5,2.5,0.5,0.5,0.5,0.5,1.5,2.5,1.5,2.5,1.5,2.5,1.5,2.5,0.5,0.5,0.5,0.5,0.5,0.5,2.5,1.5,1.5,2.5,1.5,2.5,0.5,0.5,0.5,0.5,1.5,2.5,0.5,0.5,0.5,0.5,0.5,0.5,0.5,0.5,0.5,0.5,2.5,1.5,2.5,1.5,2.5,1.5,7.5,2.5,0.5,0.5,0.5,0.5,0.5,0.5,0.5,0.5,0.5,0.5,0.5,0.5,0.5,0.5,0.5,0.5
-55.76857376098633,76.41119384765625,-74.98200225830078,1.5,2.5,1.5,2.5,1.5,2.5,0.5,0.5,0.5,0.5,1.5,2.5,1.5,2.5,1.5,2.5,1.5,2.5,0.5,0.5,0.5,0.5,0.5,0.5,2.5,1.5,1.5,2.5,1.5,2.5,0.5,0.5,0.5,0.5,1.5,2.5,0.5,0.5,0.5,0.5,0.5,0.5,0.5,0.5,0.5,0.5,2.5,1.5,2.5,1.5,2.5,1.5,8.5,2.5,0.5,0.5,0.5,0.5,0.5,0.5,0.5,0.5,0.5,0.5,0.5,0.5,0.5,0.5,0.5,0.5
17.74365997314453,42.50042724609375,-114.9871597290039,1.5,2.5,1.5,2.5,1.5,2.5,0.5,0.5,0.5,0.5,1.5,2.5,1.5,2.5,1.5,2.5,1.5,2.5,0.5,0.5,1.5,2.5,0.5,0.5,2.5,1.5,2.5,1.5,2.5,1.5,2.5,1.5,7.5,2.5,0.5,0.5,0.5,0.5,0.5,0.5,0.5,0.5,0.5,0.5,0.5,0.5,0.5,0.5,0.5,0.5,0.5,0.5,0.5,0.5,0.5,0.5,0.5,0.5,0.5,0.5,0.5,0.5,0.5,0.5,0.5,0.5,0.5,0.5,0.5,0.5
60.04130554199219,38.34495544433594,-83.53913116455078,1.5,2.5,1.5,2.5,1.5,2.5,0.5,0.5,0.5,0.5,1.5,2.5,1.5,2.5,1.5,2.5,1.5,2.5,0.5,0.5,0.5,0.5,0.5,0.5,2.5,1.5,1.5,2.5,1.5,2.5,0.5,0.5,0.5,0.5,1.5,2.5,0.5,0.5,0.5,0.5,0.5,0.5,0.5,0.5,0.5,0.5,1.5,2.5,0.5,0.5,0.5,0.5,0.5,0.5,0.5,0.5,1.5,2.5,0.5,0.5,7.5,2.5,0.5,0.5,0.5,0.5,0.5,0.5,0.5,0.5
43.970733642578125,28.93885803222656,-100.61621856689452,1.5,2.5,1.5,2.5,1.5,2.5,0.5,0.5,0.5,0.5,1.5,2.5,1.5,2.5,1.5,2.5,1.5,2.5,0.5,0.5,0.5,0.5,0.5,0.5,2.5,1.5,1.5,2.5,1.5,2.5,0.5,0.5,0.5,0.5,1.5,2.5,0.5,0.5,0.5,0.5,0.5,0.5,0.5,0.5,0.5,0.5,1.5,2.5,0.5,0.5,0.5,0.5,0.5,0.5,0.5,0.5,1.5,2.5,0.5,0.5,6.5,2.5,0.5,0.5,0.5,0.5,0.5,0.5,0.5,0.5
23.242225646972656,70.34654235839844,49.685256958007805,1.5,2.5,1.5,2.5,1.5,2.5,0.5,0.5,0.5,0.5,1.5,2.5,1.5,2.5,1.5,2.5,1.5,2.5,0.5,0.5,1.5,2.5,0.5,0.5,2.5,1.5,2.5,1.5,2.5,1.5,1.5,2.5,0.5,0.5,2.5,1.5,2.5,1.5,2.5,1.5,8.5,2.5,1.5,2.5,1.5,2.5,0.5,0.5,0.5,0.5,0.5,0.5,0.5,0.5,0.5,0.5,0.5,0.5,0.5,0.5,0.5,0.5,0.5,0.5,0.5,0.5,0.5,0.5,0.5,0.5
61.01123046875,24.17430877685547,-115.54999542236328,1.5,2.5,1.5,2.5,1.5,2.5,0.5,0.5,0.5,0.5,1.5,2.5,1.5,2.5,1.5,2.5,1.5,2.5,0.5,0.5,0.5,0.5,0.5,0.5,2.5,1.5,1.5,2.5,1.5,2.5,0.5,0.5,0.5,0.5,1.5,2.5,0.5,0.5,0.5,0.5,0.5,0.5,0.5,0.5,0.5,0.5,1.5,2.5,0.5,0.5,0.5,0.5,0.5,0.5,0.5,0.5,1.5,2.5,0.5,0.5,8.5,2.5,0.5,0.5,0.5,0.5,0.5,0.5,0.5,0.5
-23.96782684326172,46.1851043701172,121.23696899414062,1.5,2.5,1.5,2.5,1.5,2.5,0.5,0.5,0.5,0.5,1.5,2.5,1.5,2.5,1.5,2.5,1.5,2.5,0.5,0.5,0.5,0.5,0.5,0.5,2.5,1.5,1.5,2.5,1.5,2.5,0.5,0.5,0.5,0.5,1.5,2.5,0.5,0.5,0.5,0.5,0.5,0.5,0.5,0.5,0.5,0.5,1.5,2.5,0.5,0.5,0.5,0.5,0.5,0.5,0.5,0.5,1.5,2.5,0.5,0.5,7.5,2.5,0.5,0.5,0.5,0.5,0.5,0.5,0.5,0.5
-55.794971466064446,76.48248291015625,-77.34027862548828,1.5,2.5,1.5,2.5,1.5,2.5,0.5,0.5,0.5,0.5,1.5,2.5,1.5,2.5,1.5,2.5,1.5,2.5,0.5,0.5,0.5,0.5,0.5,0.5,2.5,1.5,1.5,2.5,1.5,2.5,0.5,0.5,0.5,0.5,1.5,2.5,0.5,0.5,0.5,0.5,0.5,0.5,0.5,0.5,0.5,0.5,2.5,1.5,2.5,1.5,2.5,1.5,8.5,2.5,0.5,0.5,0.5,0.5,0.5,0.5,0.5,0.5,0.5,0.5,0.5,0.5,0.5,0.5,0.5,0.5
-49.30103302001953,54.88812255859375,-104.54203796386716,1.5,2.5,1.5,2.5,1.5,2.5,0.5,0.5,0.5,0.5,1.5,2.5,1.5,2.5,1.5,2.5,1.5,2.5,0.5,0.5,0.5,0.5,0.5,0.5,2.5,1.5,1.5,2.5,1.5,2.5,0.5,0.5,0.5,0.5,1.5,2.5,0.5,0.5,0.5,0.5,0.5,0.5,0.5,0.5,0.5,0.5,2.5,1.5,2.5,1.5,2.5,1.5,8.5,2.5,0.5,0.5,0.5,0.5,0.5,0.5,0.5,0.5,0.5,0.5,0.5,0.5,0.5,0.5,0.5,0.5
31.443328857421875,64.4918212890625,-0.2436370849609375,1.5,2.5,1.5,2.5,1.5,2.5,0.5,0.5,0.5,0.5,1.5,2.5,1.5,2.5,1.5,2.5,1.5,2.5,0.5,0.5,0.5,0.5,0.5,0.5,1.5,2.5,0.5,0.5,0.5,0.5,0.5,0.5,0.5,0.5,0.5,0.5,0.5,0.5,0.5,0.5,0.5,0.5,0.5,0.5,0.5,0.5,0.5,0.5,0.5,0.5,0.5,0.5,0.5,0.5,0.5,0.5,0.5,0.5,0.5,0.5,0.5,0.5,0.5,0.5,0.5,0.5,0.5,0.5,0.5,0.5
6.355682373046875,74.66087341308594,55.24108886718751,1.5,2.5,1.5,2.5,1.5,2.5,0.5,0.5,0.5,0.5,1.5,2.5,1.5,2.5,1.5,2.5,1.5,2.5,0.5,0.5,1.5,2.5,0.5,0.5,2.5,1.5,2.5,1.5,2.5,1.5,2.5,1.5,5.5,2.5,0.5,0.5,0.5,0.5,0.5,0.5,0.5,0.5,0.5,0.5,0.5,0.5,0.5,0.5,0.5,0.5,0.5,0.5,0.5,0.5,0.5,0.5,0.5,0.5,0.5,0.5,0.5,0.5,0.5,0.5,0.5,0.5,0.5,0.5,0.5,0.5
-7.356658935546875,78.69207763671875,-91.66140747070312,1.5,2.5,1.5,2.5,1.5,2.5,0.5,0.5,0.5,0.5,1.5,2.5,1.5,2.5,1.5,2.5,1.5,2.5,0.5,0.5,0.5,0.5,0.5,0.5,2.5,1.5,1.5,2.5,1.5,2.5,0.5,0.5,0.5,0.5,1.5,2.5,0.5,0.5,0.5,0.5,0.5,0.5,0.5,0.5,0.5,0.5,2.5,1.5,2.5,1.5,2.5,1.5,5.5,2.5,0.5,0.5,0.5,0.5,0.5,0.5,0.5,0.5,0.5,0.5,0.5,0.5,0.5,0.5,0.5,0.5
-43.77396774291992,64.325439453125,-142.4545440673828,1.5,2.5,1.5,2.5,1.5,2.5,0.5,0.5,0.5,0.5,1.5,2.5,1.5,2.5,1.5,2.5,1.5,2.5,0.5,0.5,0.5,0.5,0.5,0.5,2.5,1.5,1.5,2.5,1.5,2.5,0.5,0.5,0.5,0.5,1.5,2.5,0.5,0.5,0.5,0.5,0.5,0.5,0.5,0.5,0.5,0.5,2.5,1.5,2.5,1.5,2.5,1.5,8.5,2.5,0.5,0.5,0.5,0.5,0.5,0.5,0.5,0.5,0.5,0.5,0.5,0.5,0.5,0.5,0.5,0.5
-29.464126586914062,83.97489929199217,-5.230438232421875,1.5,2.5,1.5,2.5,1.5,2.5,0.5,0.5,0.5,0.5,1.5,2.5,1.5,2.5,1.5,2.5,1.5,2.5,0.5,0.5,0.5,0.5,0.5,0.5,2.5,1.5,1.5,2.5,1.5,2.5,0.5,0.5,0.5,0.5,1.5,2.5,0.5,0.5,0.5,0.5,0.5,0.5,0.5,0.5,0.5,0.5,2.5,1.5,2.5,1.5,2.5,1.5,7.5,2.5,0.5,0.5,0.5,0.5,0.5,0.5,0.5,0.5,0.5,0.5,0.5,0.5,0.5,0.5,0.5,0.5
-10.920021057128906,79.62757873535155,33.78627014160156,1.5,2.5,1.5,2.5,1.5,2.5,0.5,0.5,0.5,0.5,1.5,2.5,1.5,2.5,1.5,2.5,1.5,2.5,0.5,0.5,0.5,0.5,0.5,0.5,2.5,1.5,1.5,2.5,1.5,2.5,0.5,0.5,0.5,0.5,1.5,2.5,0.5,0.5,0.5,0.5,0.5,0.5,0.5,0.5,0.5,0.5,1.5,2.5,0.5,0.5,0.5,0.5,0.5,0.5,0.5,0.5,2.5,1.5,2.5,1.5,6.5,2.5,0.5,0.5,0.5,0.5,0.5,0.5,0.5,0.5
4.458412170410156,75.26597595214844,-14.155548095703123,1.5,2.5,1.5,2.5,1.5,2.5,0.5,0.5,0.5,0.5,1.5,2.5,1.5,2.5,1.5,2.5,1.5,2.5,0.5,0.5,0.5,0.5,0.5,0.5,1.5,2.5,0.5,0.5,0.5,0.5,0.5,0.5,0.5,0.5,0.5,0.5,0.5,0.5,0.5,0.5,0.5,0.5,0.5,0.5,0.5,0.5,0.5,0.5,0.5,0.5,0.5,0.5,0.5,0.5,0.5,0.5,0.5,0.5,0.5,0.5,0.5,0.5,0.5,0.5,0.5,0.5,0.5,0.5,0.5,0.5
-20.464920043945312,81.95944213867188,-40.46246337890625,1.5,2.5,1.5,2.5,1.5,2.5,0.5,0.5,0.5,0.5,1.5,2.5,1.5,2.5,1.5,2.5,1.5,2.5,0.5,0.5,0.5,0.5,0.5,0.5,2.5,1.5,1.5,2.5,1.5,2.5,0.5,0.5,0.5,0.5,1.5,2.5,0.5,0.5,0.5,0.5,0.5,0.5,0.5,0.5,0.5,0.5,2.5,1.5,2.5,1.5,2.5,1.5,7.5,2.5,0.5,0.5,0.5,0.5,0.5,0.5,0.5,0.5,0.5,0.5,0.5,0.5,0.5,0.5,0.5,0.5
-20.263168334960938,81.91244506835938,-7.354858398437501,1.5,2.5,1.5,2.5,1.5,2.5,0.5,0.5,0.5,0.5,1.5,2.5,1.5,2.5,1.5,2.5,1.5,2.5,0.5,0.5,0.5,0.5,0.5,0.5,2.5,1.5,1.5,2.5,1.5,2.5,0.5,0.5,0.5,0.5,1.5,2.5,0.5,0.5,0.5,0.5,0.5,0.5,0.5,0.5,0.5,0.5,2.5,1.5,2.5,1.5,2.5,1.5,7.5,2.5,0.5,0.5,0.5,0.5,0.5,0.5,0.5,0.5,0.5,0.5,0.5,0.5,0.5,0.5,0.5,0.5
37.94110107421875,2.852867126464844,24.532775878906246,1.5,2.5,1.5,2.5,1.5,2.5,0.5,0.5,0.5,0.5,1.5,2.5,1.5,2.5,1.5,2.5,2.5,1.5,1.5,2.5,0.5,0.5,0.5,0.5,2.5,1.5,1.5,2.5,1.5,2.5,0.5,0.5,0.5,0.5,1.5,2.5,0.5,0.5,0.5,0.5,0.5,0.5,0.5,0.5,0.5,0.5,2.5,1.5,2.5,1.5,2.5,1.5,8.5,2.5,0.5,0.5,0.5,0.5,0.5,0.5,0.5,0.5,0.5,0.5,0.5,0.5,0.5,0.5,0.5,0.5
-27.125808715820312,73.99496459960938,-131.6539764404297,1.5,2.5,1.5,2.5,1.5,2.5,0.5,0.5,0.5,0.5,1.5,2.5,1.5,2.5,1.5,2.5,1.5,2.5,0.5,0.5,0.5,0.5,0.5,0.5,2.5,1.5,1.5,2.5,1.5,2.5,0.5,0.5,0.5,0.5,1.5,2.5,0.5,0.5,0.5,0.5,0.5,0.5,0.5,0.5,0.5,0.5,2.5,1.5,2.5,1.5,2.5,1.5,7.5,2.5,0.5,0.5,0.5,0.5,0.5,0.5,0.5,0.5,0.5,0.5,0.5,0.5,0.5,0.5,0.5,0.5
-29.64713287353516,73.81517028808594,-129.60922241210935,1.5,2.5,1.5,2.5,1.5,2.5,0.5,0.5,0.5,0.5,1.5,2.5,1.5,2.5,1.5,2.5,1.5,2.5,0.5,0.5,0.5,0.5,0.5,0.5,2.5,1.5,1.5,2.5,1.5,2.5,0.5,0.5,0.5,0.5,1.5,2.5,0.5,0.5,0.5,0.5,0.5,0.5,0.5,0.5,0.5,0.5,2.5,1.5,2.5,1.5,2.5,1.5,7.5,2.5,0.5,0.5,0.5,0.5,0.5,0.5,0.5,0.5,0.5,0.5,0.5,0.5,0.5,0.5,0.5,0.5
-16.031356811523438,74.35997009277342,-123.43720245361328,1.5,2.5,1.5,2.5,1.5,2.5,0.5,0.5,0.5,0.5,1.5,2.5,1.5,2.5,1.5,2.5,1.5,2.5,0.5,0.5,0.5,0.5,0.5,0.5,2.5,1.5,1.5,2.5,1.5,2.5,0.5,0.5,0.5,0.5,1.5,2.5,0.5,0.5,0.5,0.5,0.5,0.5,0.5,0.5,0.5,0.5,2.5,1.5,2.5,1.5,2.5,1.5,6.5,2.5,0.5,0.5,0.5,0.5,0.5,0.5,0.5,0.5,0.5,0.5,0.5,0.5,0.5,0.5,0.5,0.5
37.97645568847656,34.87744140625,19.3675537109375,1.5,2.5,1.5,2.5,1.5,2.5,0.5,0.5,0.5,0.5,1.5,2.5,1.5,2.5,1.5,2.5,1.5,2.5,0.5,0.5,0.5,0.5,0.5,0.5,2.5,1.5,1.5,2.5,1.5,2.5,0.5,0.5,0.5,0.5,1.5,2.5,0.5,0.5,0.5,0.5,0.5,0.5,0.5,0.5,0.5,0.5,2.5,1.5,2.5,1.5,2.5,1.5,3.5,2.5,0.5,0.5,0.5,0.5,0.5,0.5,0.5,0.5,0.5,0.5,0.5,0.5,0.5,0.5,0.5,0.5
38.45770263671875,30.821807861328125,15.764862060546877,1.5,2.5,1.5,2.5,1.5,2.5,0.5,0.5,0.5,0.5,1.5,2.5,1.5,2.5,1.5,2.5,1.5,2.5,0.5,0.5,0.5,0.5,0.5,0.5,2.5,1.5,1.5,2.5,1.5,2.5,0.5,0.5,0.5,0.5,1.5,2.5,0.5,0.5,0.5,0.5,0.5,0.5,0.5,0.5,0.5,0.5,2.5,1.5,2.5,1.5,2.5,1.5,5.5,2.5,0.5,0.5,0.5,0.5,0.5,0.5,0.5,0.5,0.5,0.5,0.5,0.5,0.5,0.5,0.5,0.5
38.54296875,12.723503112792969,22.45982360839844,1.5,2.5,1.5,2.5,1.5,2.5,0.5,0.5,0.5,0.5,1.5,2.5,1.5,2.5,1.5,2.5,1.5,2.5,0.5,0.5,0.5,0.5,0.5,0.5,2.5,1.5,1.5,2.5,1.5,2.5,0.5,0.5,0.5,0.5,1.5,2.5,0.5,0.5,0.5,0.5,0.5,0.5,0.5,0.5,0.5,0.5,2.5,1.5,2.5,1.5,2.5,1.5,7.5,2.5,0.5,0.5,0.5,0.5,0.5,0.5,0.5,0.5,0.5,0.5,0.5,0.5,0.5,0.5,0.5,0.5
-18.72867584228516,74.33370971679686,-143.09124755859375,1.5,2.5,1.5,2.5,1.5,2.5,0.5,0.5,0.5,0.5,1.5,2.5,1.5,2.5,1.5,2.5,1.5,2.5,0.5,0.5,0.5,0.5,0.5,0.5,2.5,1.5,1.5,2.5,1.5,2.5,0.5,0.5,0.5,0.5,1.5,2.5,0.5,0.5,0.5,0.5,0.5,0.5,0.5,0.5,0.5,0.5,2.5,1.5,2.5,1.5,2.5,1.5,7.5,2.5,0.5,0.5,0.5,0.5,0.5,0.5,0.5,0.5,0.5,0.5,0.5,0.5,0.5,0.5,0.5,0.5
-54.417930603027344,61.353851318359375,37.943313598632805,1.5,2.5,1.5,2.5,1.5,2.5,0.5,0.5,0.5,0.5,1.5,2.5,1.5,2.5,1.5,2.5,1.5,2.5,0.5,0.5,0.5,0.5,0.5,0.5,2.5,1.5,1.5,2.5,1.5,2.5,0.5,0.5,0.5,0.5,1.5,2.5,0.5,0.5,0.5,0.5,0.5,0.5,0.5,0.5,0.5,0.5,1.5,2.5,0.5,0.5,0.5,0.5,0.5,0.5,0.5,0.5,2.5,1.5,2.5,1.5,8.5,2.5,0.5,0.5,0.5,0.5,0.5,0.5,0.5,0.5
-48.54728698730469,34.780471801757805,76.12887573242188,1.5,2.5,1.5,2.5,1.5,2.5,0.5,0.5,0.5,0.5,1.5,2.5,1.5,2.5,1.5,2.5,1.5,2.5,0.5,0.5,0.5,0.5,0.5,0.5,2.5,1.5,1.5,2.5,1.5,2.5,0.5,0.5,0.5,0.5,1.5,2.5,0.5,0.5,0.5,0.5,0.5,0.5,0.5,0.5,0.5,0.5,1.5,2.5,0.5,0.5,0.5,0.5,0.5,0.5,0.5,0.5,2.5,1.5,2.5,1.5,8.5,2.5,0.5,0.5,0.5,0.5,0.5,0.5,0.5,0.5
50.32977294921875,78.57495117187501,-65.080810546875,1.5,2.5,1.5,2.5,1.5,2.5,0.5,0.5,0.5,0.5,1.5,2.5,1.5,2.5,1.5,2.5,1.5,2.5,0.5,0.5,1.5,2.5,0.5,0.5,2.5,1.5,2.5,1.5,2.5,1.5,2.5,1.5,8.5,2.5,0.5,0.5,0.5,0.5,0.5,0.5,0.5,0.5,0.5,0.5,0.5,0.5,0.5,0.5,0.5,0.5,0.5,0.5,0.5,0.5,0.5,0.5,0.5,0.5,0.5,0.5,0.5,0.5,0.5,0.5,0.5,0.5,0.5,0.5,0.5,0.5
-47.225616455078125,32.18690490722656,85.24264526367188,1.5,2.5,1.5,2.5,1.5,2.5,0.5,0.5,0.5,0.5,1.5,2.5,1.5,2.5,1.5,2.5,1.5,2.5,0.5,0.5,0.5,0.5,0.5,0.5,2.5,1.5,1.5,2.5,1.5,2.5,0.5,0.5,0.5,0.5,1.5,2.5,0.5,0.5,0.5,0.5,0.5,0.5,0.5,0.5,0.5,0.5,1.5,2.5,0.5,0.5,0.5,0.5,0.5,0.5,0.5,0.5,2.5,1.5,1.5,2.5,0.5,0.5,7.5,2.5,1.5,2.5,1.5,2.5,7.5,2.5
-56.484413146972656,80.19418334960938,-36.90954589843751,1.5,2.5,1.5,2.5,1.5,2.5,0.5,0.5,0.5,0.5,1.5,2.5,1.5,2.5,1.5,2.5,1.5,2.5,0.5,0.5,0.5,0.5,0.5,0.5,2.5,1.5,1.5,2.5,1.5,2.5,0.5,0.5,0.5,0.5,1.5,2.5,0.5,0.5,0.5,0.5,0.5,0.5,0.5,0.5,0.5,0.5,2.5,1.5,2.5,1.5,2.5,1.5,8.5,2.5,0.5,0.5,0.5,0.5,0.5,0.5,0.5,0.5,0.5,0.5,0.5,0.5,0.5,0.5,0.5,0.5
56.260757446289055,79.92718505859375,-71.48957824707031,1.5,2.5,1.5,2.5,1.5,2.5,0.5,0.5,0.5,0.5,1.5,2.5,1.5,2.5,1.5,2.5,1.5,2.5,0.5,0.5,1.5,2.5,0.5,0.5,2.5,1.5,2.5,1.5,2.5,1.5,2.5,1.5,8.5,2.5,0.5,0.5,0.5,0.5,0.5,0.5,0.5,0.5,0.5,0.5,0.5,0.5,0.5,0.5,0.5,0.5,0.5,0.5,0.5,0.5,0.5,0.5,0.5,0.5,0.5,0.5,0.5,0.5,0.5,0.5,0.5,0.5,0.5,0.5,0.5,0.5
-21.298645019531246,44.08317565917969,-163.24984741210935,1.5,2.5,1.5,2.5,1.5,2.5,0.5,0.5,0.5,0.5,1.5,2.5,1.5,2.5,1.5,2.5,1.5,2.5,0.5,0.5,0.5,0.5,0.5,0.5,2.5,1.5,1.5,2.5,1.5,2.5,0.5,0.5,0.5,0.5,1.5,2.5,0.5,0.5,0.5,0.5,0.5,0.5,0.5,0.5,0.5,0.5,2.5,1.5,2.5,1.5,2.5,1.5,7.5,2.5,0.5,0.5,0.5,0.5,0.5,0.5,0.5,0.5,0.5,0.5,0.5,0.5,0.5,0.5,0.5,0.5
56.28593444824219,79.9315185546875,-66.34063720703125,1.5,2.5,1.5,2.5,1.5,2.5,0.5,0.5,0.5,0.5,1.5,2.5,1.5,2.5,1.5,2.5,1.5,2.5,0.5,0.5,1.5,2.5,0.5,0.5,2.5,1.5,2.5,1.5,2.5,1.5,2.5,1.5,8.5,2.5,0.5,0.5,0.5,0.5,0.5,0.5,0.5,0.5,0.5,0.5,0.5,0.5,0.5,0.5,0.5,0.5,0.5,0.5,0.5,0.5,0.5,0.5,0.5,0.5,0.5,0.5,0.5,0.5,0.5,0.5,0.5,0.5,0.5,0.5,0.5,0.5
15.096603393554688,59.14935302734375,-116.7962417602539,1.5,2.5,1.5,2.5,1.5,2.5,0.5,0.5,0.5,0.5,1.5,2.5,1.5,2.5,1.5,2.5,1.5,2.5,0.5,0.5,1.5,2.5,0.5,0.5,2.5,1.5,2.5,1.5,2.5,1.5,2.5,1.5,6.5,2.5,0.5,0.5,0.5,0.5,0.5,0.5,0.5,0.5,0.5,0.5,0.5,0.5,0.5,0.5,0.5,0.5,0.5,0.5,0.5,0.5,0.5,0.5,0.5,0.5,0.5,0.5,0.5,0.5,0.5,0.5,0.5,0.5,0.5,0.5,0.5,0.5
29.3072509765625,69.03305053710938,-103.71339416503906,1.5,2.5,1.5,2.5,1.5,2.5,0.5,0.5,0.5,0.5,1.5,2.5,1.5,2.5,1.5,2.5,1.5,2.5,0.5,0.5,1.5,2.5,0.5,0.5,2.5,1.5,2.5,1.5,2.5,1.5,2.5,1.5,7.5,2.5,0.5,0.5,0.5,0.5,0.5,0.5,0.5,0.5,0.5,0.5,0.5,0.5,0.5,0.5,0.5,0.5,0.5,0.5,0.5,0.5,0.5,0.5,0.5,0.5,0.5,0.5,0.5,0.5,0.5,0.5,0.5,0.5,0.5,0.5,0.5,0.5
-48.08759689331056,57.60128784179688,-102.86000061035156,1.5,2.5,1.5,2.5,1.5,2.5,0.5,0.5,0.5,0.5,1.5,2.5,1.5,2.5,1.5,2.5,1.5,2.5,0.5,0.5,0.5,0.5,0.5,0.5,2.5,1.5,1.5,2.5,1.5,2.5,0.5,0.5,0.5,0.5,1.5,2.5,0.5,0.5,0.5,0.5,0.5,0.5,0.5,0.5,0.5,0.5,2.5,1.5,2.5,1.5,2.5,1.5,8.5,2.5,0.5,0.5,0.5,0.5,0.5,0.5,0.5,0.5,0.5,0.5,0.5,0.5,0.5,0.5,0.5,0.5
17.690643310546875,41.015716552734375,-0.6873626708984375,1.5,2.5,1.5,2.5,1.5,2.5,0.5,0.5,0.5,0.5,1.5,2.5,1.5,2.5,1.5,2.5,1.5,2.5,0.5,0.5,0.5,0.5,0.5,0.5,1.5,2.5,0.5,0.5,0.5,0.5,0.5,0.5,0.5,0.5,0.5,0.5,0.5,0.5,0.5,0.5,0.5,0.5,0.5,0.5,0.5,0.5,0.5,0.5,0.5,0.5,0.5,0.5,0.5,0.5,0.5,0.5,0.5,0.5,0.5,0.5,0.5,0.5,0.5,0.5,0.5,0.5,0.5,0.5,0.5,0.5
27.511550903320312,72.0172119140625,96.01068115234376,1.5,2.5,1.5,2.5,1.5,2.5,0.5,0.5,0.5,0.5,1.5,2.5,1.5,2.5,1.5,2.5,1.5,2.5,0.5,0.5,1.5,2.5,0.5,0.5,2.5,1.5,2.5,1.5,2.5,1.5,1.5,2.5,0.5,0.5,2.5,1.5,2.5,1.5,1.5,2.5,0.5,0.5,0.5,0.5,0.5,0.5,2.5,1.5,1.5,2.5,0.5,0.5,0.5,0.5,7.5,2.5,0.5,0.5,0.5,0.5,0.5,0.5,0.5,0.5,0.5,0.5,0.5,0.5,0.5,0.5
12.758346557617188,19.866920471191406,86.03729248046875,1.5,2.5,1.5,2.5,1.5,2.5,0.5,0.5,0.5,0.5,1.5,2.5,1.5,2.5,1.5,2.5,1.5,2.5,0.5,0.5,1.5,2.5,0.5,0.5,2.5,1.5,2.5,1.5,2.5,1.5,1.5,2.5,0.5,0.5,2.5,1.5,2.5,1.5,1.5,2.5,0.5,0.5,0.5,0.5,0.5,0.5,2.5,1.5,1.5,2.5,0.5,0.5,0.5,0.5,6.5,2.5,0.5,0.5,0.5,0.5,0.5,0.5,0.5,0.5,0.5,0.5,0.5,0.5,0.5,0.5
27.50029754638672,72.14340209960938,-14.94000244140625,1.5,2.5,1.5,2.5,1.5,2.5,0.5,0.5,0.5,0.5,1.5,2.5,1.5,2.5,1.5,2.5,1.5,2.5,0.5,0.5,1.5,2.5,0.5,0.5,2.5,1.5,2.5,1.5,2.5,1.5,2.5,1.5,7.5,2.5,0.5,0.5,0.5,0.5,0.5,0.5,0.5,0.5,0.5,0.5,0.5,0.5,0.5,0.5,0.5,0.5,0.5,0.5,0.5,0.5,0.5,0.5,0.5,0.5,0.5,0.5,0.5,0.5,0.5,0.5,0.5,0.5,0.5,0.5,0.5,0.5
-8.773941040039062,55.28785705566406,-130.12997436523435,1.5,2.5,1.5,2.5,1.5,2.5,0.5,0.5,0.5,0.5,1.5,2.5,1.5,2.5,1.5,2.5,1.5,2.5,0.5,0.5,0.5,0.5,0.5,0.5,2.5,1.5,1.5,2.5,1.5,2.5,0.5,0.5,0.5,0.5,1.5,2.5,0.5,0.5,0.5,0.5,0.5,0.5,0.5,0.5,0.5,0.5,2.5,1.5,2.5,1.5,2.5,1.5,5.5,2.5,0.5,0.5,0.5,0.5,0.5,0.5,0.5,0.5,0.5,0.5,0.5,0.5,0.5,0.5,0.5,0.5
27.495262145996094,72.16079711914062,5.6119384765625,1.5,2.5,1.5,2.5,1.5,2.5,0.5,0.5,0.5,0.5,1.5,2.5,1.5,2.5,1.5,2.5,1.5,2.5,0.5,0.5,1.5,2.5,0.5,0.5,2.5,1.5,2.5,1.5,2.5,1.5,2.5,1.5,7.5,2.5,0.5,0.5,0.5,0.5,0.5,0.5,0.5,0.5,0.5,0.5,0.5,0.5,0.5,0.5,0.5,0.5,0.5,0.5,0.5,0.5,0.5,0.5,0.5,0.5,0.5,0.5,0.5,0.5,0.5,0.5,0.5,0.5,0.5,0.5,0.5,0.5
12.061164855957031,65.3828125,-97.7033462524414,1.5,2.5,1.5,2.5,1.5,2.5,0.5,0.5,0.5,0.5,1.5,2.5,1.5,2.5,1.5,2.5,1.5,2.5,0.5,0.5,1.5,2.5,0.5,0.5,2.5,1.5,2.5,1.5,2.5,1.5,2.5,1.5,6.5,2.5,0.5,0.5,0.5,0.5,0.5,0.5,0.5,0.5,0.5,0.5,0.5,0.5,0.5,0.5,0.5,0.5,0.5,0.5,0.5,0.5,0.5,0.5,0.5,0.5,0.5,0.5,0.5,0.5,0.5,0.5,0.5,0.5,0.5,0.5,0.5,0.5
-59.42962265014648,38.490509033203125,-95.03288269042967,1.5,2.5,1.5,2.5,1.5,2.5,0.5,0.5,0.5,0.5,1.5,2.5,1.5,2.5,1.5,2.5,1.5,2.5,0.5,0.5,0.5,0.5,0.5,0.5,2.5,1.5,1.5,2.5,1.5,2.5,0.5,0.5,0.5,0.5,1.5,2.5,0.5,0.5,0.5,0.5,0.5,0.5,0.5,0.5,0.5,0.5,2.5,1.5,2.5,1.5,2.5,1.5,8.5,2.5,0.5,0.5,0.5,0.5,0.5,0.5,0.5,0.5,0.5,0.5,0.5,0.5,0.5,0.5,0.5,0.5
26.20150756835937,69.42109680175781,-16.667221069335938,1.5,2.5,1.5,2.5,1.5,2.5,0.5,0.5,0.5,0.5,1.5,2.5,1.5,2.5,1.5,2.5,1.5,2.5,0.5,0.5,1.5,2.5,0.5,0.5,2.5,1.5,2.5,1.5,2.5,1.5,2.5,1.5,7.5,2.5,0.5,0.5,0.5,0.5,0.5,0.5,0.5,0.5,0.5,0.5,0.5,0.5,0.5,0.5,0.5,0.5,0.5,0.5,0.5,0.5,0.5,0.5,0.5,0.5,0.5,0.5,0.5,0.5,0.5,0.5,0.5,0.5,0.5,0.5,0.5,0.5
-20.70323181152344,81.20443725585938,-140.51388549804688,1.5,2.5,1.5,2.5,1.5,2.5,0.5,0.5,0.5,0.5,1.5,2.5,1.5,2.5,1.5,2.5,1.5,2.5,0.5,0.5,0.5,0.5,0.5,0.5,2.5,1.5,1.5,2.5,1.5,2.5,0.5,0.5,0.5,0.5,1.5,2.5,0.5,0.5,0.5,0.5,0.5,0.5,0.5,0.5,0.5,0.5,2.5,1.5,2.5,1.5,2.5,1.5,7.5,2.5,0.5,0.5,0.5,0.5,0.5,0.5,0.5,0.5,0.5,0.5,0.5,0.5,0.5,0.5,0.5,0.5
-18.918190002441406,81.41558837890625,-142.50733947753906,1.5,2.5,1.5,2.5,1.5,2.5,0.5,0.5,0.5,0.5,1.5,2.5,1.5,2.5,1.5,2.5,1.5,2.5,0.5,0.5,0.5,0.5,0.5,0.5,2.5,1.5,1.5,2.5,1.5,2.5,0.5,0.5,0.5,0.5,1.5,2.5,0.5,0.5,0.5,0.5,0.5,0.5,0.5,0.5,0.5,0.5,2.5,1.5,2.5,1.5,2.5,1.5,7.5,2.5,0.5,0.5,0.5,0.5,0.5,0.5,0.5,0.5,0.5,0.5,0.5,0.5,0.5,0.5,0.5,0.5
-9.763359069824215,81.73861694335938,-142.7096405029297,1.5,2.5,1.5,2.5,1.5,2.5,0.5,0.5,0.5,0.5,1.5,2.5,1.5,2.5,1.5,2.5,1.5,2.5,0.5,0.5,0.5,0.5,0.5,0.5,2.5,1.5,1.5,2.5,1.5,2.5,0.5,0.5,0.5,0.5,1.5,2.5,0.5,0.5,0.5,0.5,0.5,0.5,0.5,0.5,0.5,0.5,2.5,1.5,2.5,1.5,2.5,1.5,6.5,2.5,0.5,0.5,0.5,0.5,0.5,0.5,0.5,0.5,0.5,0.5,0.5,0.5,0.5,0.5,0.5,0.5
-42.36367416381836,62.099319458007805,129.03750610351562,1.5,2.5,1.5,2.5,1.5,2.5,0.5,0.5,0.5,0.5,1.5,2.5,1.5,2.5,1.5,2.5,1.5,2.5,0.5,0.5,0.5,0.5,0.5,0.5,2.5,1.5,1.5,2.5,1.5,2.5,0.5,0.5,0.5,0.5,1.5,2.5,0.5,0.5,0.5,0.5,0.5,0.5,0.5,0.5,0.5,0.5,1.5,2.5,0.5,0.5,0.5,0.5,0.5,0.5,0.5,0.5,2.5,1.5,1.5,2.5,0.5,0.5,8.5,2.5,1.5,2.5,1.5,2.5,5.5,2.5
-21.93781280517578,81.02568054199217,-141.47265625,1.5,2.5,1.5,2.5,1.5,2.5,0.5,0.5,0.5,0.5,1.5,2.5,1.5,2.5,1.5,2.5,1.5,2.5,0.5,0.5,0.5,0.5,0.5,0.5,2.5,1.5,1.5,2.5,1.5,2.5,0.5,0.5,0.5,0.5,1.5,2.5,0.5,0.5,0.5,0.5,0.5,0.5,0.5,0.5,0.5,0.5,2.5,1.5,2.5,1.5,2.5,1.5,7.5,2.5,0.5,0.5,0.5,0.5,0.5,0.5,0.5,0.5,0.5,0.5,0.5,0.5,0.5,0.5,0.5,0.5
-41.6621551513672,72.28482055664062,-125.84349060058592,1.5,2.5,1.5,2.5,1.5,2.5,0.5,0.5,0.5,0.5,1.5,2.5,1.5,2.5,1.5,2.5,1.5,2.5,0.5,0.5,0.5,0.5,0.5,0.5,2.5,1.5,1.5,2.5,1.5,2.5,0.5,0.5,0.5,0.5,1.5,2.5,0.5,0.5,0.5,0.5,0.5,0.5,0.5,0.5,0.5,0.5,2.5,1.5,2.5,1.5,2.5,1.5,8.5,2.5,0.5,0.5,0.5,0.5,0.5,0.5,0.5,0.5,0.5,0.5,0.5,0.5,0.5,0.5,0.5,0.5
-20.734474182128903,81.20027160644531,-99.43370819091795,1.5,2.5,1.5,2.5,1.5,2.5,0.5,0.5,0.5,0.5,1.5,2.5,1.5,2.5,1.5,2.5,1.5,2.5,0.5,0.5,0.5,0.5,0.5,0.5,2.5,1.5,1.5,2.5,1.5,2.5,0.5,0.5,0.5,0.5,1.5,2.5,0.5,0.5,0.5,0.5,0.5,0.5,0.5,0.5,0.5,0.5,2.5,1.5,2.5,1.5,2.5,1.5,7.5,2.5,0.5,0.5,0.5,0.5,0.5,0.5,0.5,0.5,0.5,0.5,0.5,0.5,0.5,0.5,0.5,0.5
44.11259460449219,74.56953430175781,-141.42825317382812,1.5,2.5,1.5,2.5,1.5,2.5,0.5,0.5,0.5,0.5,1.5,2.5,1.5,2.5,1.5,2.5,1.5,2.5,0.5,0.5,1.5,2.5,0.5,0.5,2.5,1.5,2.5,1.5,2.5,1.5,2.5,1.5,8.5,2.5,0.5,0.5,0.5,0.5,0.5,0.5,0.5,0.5,0.5,0.5,0.5,0.5,0.5,0.5,0.5,0.5,0.5,0.5,0.5,0.5,0.5,0.5,0.5,0.5,0.5,0.5,0.5,0.5,0.5,0.5,0.5,0.5,0.5,0.5,0.5,0.5
-39.517391204833984,59.22525024414063,110.9542236328125,1.5,2.5,1.5,2.5,1.5,2.5,0.5,0.5,0.5,0.5,1.5,2.5,1.5,2.5,1.5,2.5,1.5,2.5,0.5,0.5,0.5,0.5,0.5,0.5,2.5,1.5,1.5,2.5,1.5,2.5,0.5,0.5,0.5,0.5,1.5,2.5,0.5,0.5,0.5,0.5,0.5,0.5,0.5,0.5,0.5,0.5,1.5,2.5,0.5,0.5,0.5,0.5,0.5,0.5,0.5,0.5,2.5,1.5,1.5,2.5,0.5,0.5,7.5,2.5,1.5,2.5,1.5,2.5,6.5,2.5
41.328125,75.46292114257811,-138.50692749023435,1.5,2.5,1.5,2.5,1.5,2.5,0.5,0.5,0.5,0.5,1.5,2.5,1.5,2.5,1.5,2.5,1.5,2.5,0.5,0.5,1.5,2.5,0.5,0.5,2.5,1.5,2.5,1.5,2.5,1.5,2.5,1.5,8.5,2.5,0.5,0.5,0.5,0.5,0.5,0.5,0.5,0.5,0.5,0.5,0.5,0.5,0.5,0.5,0.5,0.5,0.5,0.5,0.5,0.5,0.5,0.5,0.5,0.5,0.5,0.5,0.5,0.5,0.5,0.5,0.5,0.5,0.5,0.5,0.5,0.5
-8.876922607421875,69.71162414550781,52.77413940429688,1.5,2.5,1.5,2.5,1.5,2.5,0.5,0.5,0.5,0.5,1.5,2.5,1.5,2.5,1.5,2.5,1.5,2.5,0.5,0.5,0.5,0.5,0.5,0.5,2.5,1.5,1.5,2.5,1.5,2.5,0.5,0.5,0.5,0.5,1.5,2.5,0.5,0.5,0.5,0.5,0.5,0.5,0.5,0.5,0.5,0.5,1.5,2.5,0.5,0.5,0.5,0.5,0.5,0.5,0.5,0.5,2.5,1.5,2.5,1.5,5.5,2.5,0.5,0.5,0.5,0.5,0.5,0.5,0.5,0.5
-8.730018615722656,68.90380859375,74.79516601562499,1.5,2.5,1.5,2.5,1.5,2.5,0.5,0.5,0.5,0.5,1.5,2.5,1.5,2.5,1.5,2.5,1.5,2.5,0.5,0.5,0.5,0.5,0.5,0.5,2.5,1.5,1.5,2.5,1.5,2.5,0.5,0.5,0.5,0.5,1.5,2.5,0.5,0.5,0.5,0.5,0.5,0.5,0.5,0.5,0.5,0.5,1.5,2.5,0.5,0.5,0.5,0.5,0.5,0.5,0.5,0.5,2.5,1.5,2.5,1.5,5.5,2.5,0.5,0.5,0.5,0.5,0.5,0.5,0.5,0.5
-8.06475830078125,66.47431945800781,70.6490478515625,1.5,2.5,1.5,2.5,1.5,2.5,0.5,0.5,0.5,0.5,1.5,2.5,1.5,2.5,1.5,2.5,1.5,2.5,0.5,0.5,0.5,0.5,0.5,0.5,2.5,1.5,1.5,2.5,1.5,2.5,0.5,0.5,0.5,0.5,1.5,2.5,0.5,0.5,0.5,0.5,0.5,0.5,0.5,0.5,0.5,0.5,1.5,2.5,0.5,0.5,0.5,0.5,0.5,0.5,0.5,0.5,2.5,1.5,2.5,1.5,5.5,2.5,0.5,0.5,0.5,0.5,0.5,0.5,0.5,0.5
4.819595336914063,46.059112548828125,-129.92044067382812,1.5,2.5,1.5,2.5,1.5,2.5,0.5,0.5,0.5,0.5,1.5,2.5,1.5,2.5,1.5,2.5,1.5,2.5,0.5,0.5,1.5,2.5,0.5,0.5,2.5,1.5,2.5,1.5,2.5,1.5,2.5,1.5,5.5,2.5,0.5,0.5,0.5,0.5,0.5,0.5,0.5,0.5,0.5,0.5,0.5,0.5,0.5,0.5,0.5,0.5,0.5,0.5,0.5,0.5,0.5,0.5,0.5,0.5,0.5,0.5,0.5,0.5,0.5,0.5,0.5,0.5,0.5,0.5,0.5,0.5
-8.786979675292969,69.28810119628906,64.88699340820312,1.5,2.5,1.5,2.5,1.5,2.5,0.5,0.5,0.5,0.5,1.5,2.5,1.5,2.5,1.5,2.5,1.5,2.5,0.5,0.5,0.5,0.5,0.5,0.5,2.5,1.5,1.5,2.5,1.5,2.5,0.5,0.5,0.5,0.5,1.5,2.5,0.5,0.5,0.5,0.5,0.5,0.5,0.5,0.5,0.5,0.5,1.5,2.5,0.5,0.5,0.5,0.5,0.5,0.5,0.5,0.5,2.5,1.5,2.5,1.5,5.5,2.5,0.5,0.5,0.5,0.5,0.5,0.5,0.5,0.5
9.584129333496092,51.192398071289055,-135.2275390625,1.5,2.5,1.5,2.5,1.5,2.5,0.5,0.5,0.5,0.5,1.5,2.5,1.5,2.5,1.5,2.5,1.5,2.5,0.5,0.5,1.5,2.5,0.5,0.5,2.5,1.5,2.5,1.5,2.5,1.5,2.5,1.5,6.5,2.5,0.5,0.5,0.5,0.5,0.5,0.5,0.5,0.5,0.5,0.5,0.5,0.5,0.5,0.5,0.5,0.5,0.5,0.5,0.5,0.5,0.5,0.5,0.5,0.5,0.5,0.5,0.5,0.5,0.5,0.5,0.5,0.5,0.5,0.5,0.5,0.5
-3.675079345703125,36.970062255859375,-122.70669555664062,1.5,2.5,1.5,2.5,1.5,2.5,0.5,0.5,0.5,0.5,1.5,2.5,1.5,2.5,1.5,2.5,1.5,2.5,0.5,0.5,0.5,0.5,0.5,0.5,2.5,1.5,1.5,2.5,1.5,2.5,0.5,0.5,0.5,0.5,1.5,2.5,0.5,0.5,0.5,0.5,0.5,0.5,0.5,0.5,0.5,0.5,2.5,1.5,2.5,1.5,2.5,1.5,3.5,2.5,0.5,0.5,0.5,0.5,0.5,0.5,0.5,0.5,0.5,0.5,0.5,0.5,0.5,0.5,0.5,0.5
-2.1783523559570312,53.92430114746094,71.88397216796875,1.5,2.5,1.5,2.5,1.5,2.5,0.5,0.5,0.5,0.5,1.5,2.5,2.5,1.5,0.5,0.5,0.5,0.5,0.5,0.5,0.5,0.5,0.5,0.5,0.5,0.5,0.5,0.5,0.5,0.5,0.5,0.5,0.5,0.5,0.5,0.5,0.5,0.5,0.5,0.5,0.5,0.5,0.5,0.5,0.5,0.5,0.5,0.5,0.5,0.5,0.5,0.5,0.5,0.5,0.5,0.5,0.5,0.5,0.5,0.5,0.5,0.5,0.5,0.5,0.5,0.5,0.5,0.5,0.5,0.5
-23.16715240478516,56.2007293701172,-24.989501953125,1.5,2.5,1.5,2.5,1.5,2.5,0.5,0.5,0.5,0.5,1.5,2.5,1.5,2.5,1.5,2.5,1.5,2.5,0.5,0.5,0.5,0.5,0.5,0.5,2.5,1.5,1.5,2.5,1.5,2.5,0.5,0.5,0.5,0.5,1.5,2.5,0.5,0.5,0.5,0.5,0.5,0.5,0.5,0.5,0.5,0.5,2.5,1.5,2.5,1.5,2.5,1.5,7.5,2.5,0.5,0.5,0.5,0.5,0.5,0.5,0.5,0.5,0.5,0.5,0.5,0.5,0.5,0.5,0.5,0.5
-23.11610412597656,28.345504760742188,-105.10790252685544,1.5,2.5,1.5,2.5,1.5,2.5,0.5,0.5,0.5,0.5,1.5,2.5,1.5,2.5,1.5,2.5,1.5,2.5,0.5,0.5,0.5,0.5,0.5,0.5,2.5,1.5,1.5,2.5,1.5,2.5,0.5,0.5,0.5,0.5,1.5,2.5,0.5,0.5,0.5,0.5,0.5,0.5,0.5,0.5,0.5,0.5,2.5,1.5,2.5,1.5,2.5,1.5,7.5,2.5,0.5,0.5,0.5,0.5,0.5,0.5,0.5,0.5,0.5,0.5,0.5,0.5,0.5,0.5,0.5,0.5
22.793708801269528,45.4023895263672,45.18730163574219,1.5,2.5,1.5,2.5,1.5,2.5,0.5,0.5,0.5,0.5,1.5,2.5,1.5,2.5,1.5,2.5,1.5,2.5,0.5,0.5,1.5,2.5,0.5,0.5,2.5,1.5,2.5,1.5,2.5,1.5,1.5,2.5,0.5,0.5,2.5,1.5,2.5,1.5,1.5,2.5,0.5,0.5,0.5,0.5,0.5,0.5,2.5,1.5,1.5,2.5,0.5,0.5,0.5,0.5,7.5,2.5,0.5,0.5,0.5,0.5,0.5,0.5,0.5,0.5,0.5,0.5,0.5,0.5,0.5,0.5
14.201461791992188,59.3408203125,65.86483764648438,1.5,2.5,1.5,2.5,1.5,2.5,0.5,0.5,0.5,0.5,1.5,2.5,1.5,2.5,1.5,2.5,1.5,2.5,0.5,0.5,1.5,2.5,0.5,0.5,2.5,1.5,2.5,1.5,2.5,1.5,1.5,2.5,0.5,0.5,2.5,1.5,2.5,1.5,1.5,2.5,0.5,0.5,0.5,0.5,0.5,0.5,2.5,1.5,1.5,2.5,0.5,0.5,0.5,0.5,6.5,2.5,0.5,0.5,0.5,0.5,0.5,0.5,0.5,0.5,0.5,0.5,0.5,0.5,0.5,0.5
15.652381896972656,55.982177734375,72.08316040039062,1.5,2.5,1.5,2.5,1.5,2.5,0.5,0.5,0.5,0.5,1.5,2.5,1.5,2.5,1.5,2.5,1.5,2.5,0.5,0.5,1.5,2.5,0.5,0.5,2.5,1.5,2.5,1.5,2.5,1.5,1.5,2.5,0.5,0.5,2.5,1.5,2.5,1.5,1.5,2.5,0.5,0.5,0.5,0.5,0.5,0.5,2.5,1.5,1.5,2.5,0.5,0.5,0.5,0.5,6.5,2.5,0.5,0.5,0.5,0.5,0.5,0.5,0.5,0.5,0.5,0.5,0.5,0.5,0.5,0.5
19.0714111328125,46.72286987304688,-123.79206085205078,1.5,2.5,1.5,2.5,1.5,2.5,0.5,0.5,0.5,0.5,1.5,2.5,1.5,2.5,1.5,2.5,1.5,2.5,0.5,0.5,1.5,2.5,0.5,0.5,2.5,1.5,2.5,1.5,2.5,1.5,2.5,1.5,7.5,2.5,0.5,0.5,0.5,0.5,0.5,0.5,0.5,0.5,0.5,0.5,0.5,0.5,0.5,0.5,0.5,0.5,0.5,0.5,0.5,0.5,0.5,0.5,0.5,0.5,0.5,0.5,0.5,0.5,0.5,0.5,0.5,0.5,0.5,0.5,0.5,0.5
18.9345932006836,48.58885192871094,-107.70463562011716,1.5,2.5,1.5,2.5,1.5,2.5,0.5,0.5,0.5,0.5,1.5,2.5,1.5,2.5,1.5,2.5,1.5,2.5,0.5,0.5,1.5,2.5,0.5,0.5,2.5,1.5,2.5,1.5,2.5,1.5,2.5,1.5,7.5,2.5,0.5,0.5,0.5,0.5,0.5,0.5,0.5,0.5,0.5,0.5,0.5,0.5,0.5,0.5,0.5,0.5,0.5,0.5,0.5,0.5,0.5,0.5,0.5,0.5,0.5,0.5,0.5,0.5,0.5,0.5,0.5,0.5,0.5,0.5,0.5,0.5
15.266021728515623,59.79937744140625,62.488555908203125,1.5,2.5,1.5,2.5,1.5,2.5,0.5,0.5,0.5,0.5,1.5,2.5,1.5,2.5,1.5,2.5,1.5,2.5,0.5,0.5,1.5,2.5,0.5,0.5,2.5,1.5,2.5,1.5,2.5,1.5,1.5,2.5,0.5,0.5,2.5,1.5,2.5,1.5,1.5,2.5,0.5,0.5,0.5,0.5,0.5,0.5,2.5,1.5,1.5,2.5,0.5,0.5,0.5,0.5,6.5,2.5,0.5,0.5,0.5,0.5,0.5,0.5,0.5,0.5,0.5,0.5,0.5,0.5,0.5,0.5
13.527420043945312,68.96507263183594,-138.43167114257812,1.5,2.5,1.5,2.5,1.5,2.5,0.5,0.5,0.5,0.5,1.5,2.5,1.5,2.5,1.5,2.5,1.5,2.5,0.5,0.5,1.5,2.5,0.5,0.5,2.5,1.5,2.5,1.5,2.5,1.5,2.5,1.5,6.5,2.5,0.5,0.5,0.5,0.5,0.5,0.5,0.5,0.5,0.5,0.5,0.5,0.5,0.5,0.5,0.5,0.5,0.5,0.5,0.5,0.5,0.5,0.5,0.5,0.5,0.5,0.5,0.5,0.5,0.5,0.5,0.5,0.5,0.5,0.5,0.5,0.5
16.768089294433594,60.988235473632805,-30.183319091796875,1.5,2.5,1.5,2.5,1.5,2.5,0.5,0.5,0.5,0.5,1.5,2.5,1.5,2.5,1.5,2.5,1.5,2.5,0.5,0.5,1.5,2.5,0.5,0.5,2.5,1.5,2.5,1.5,2.5,1.5,2.5,1.5,7.5,2.5,0.5,0.5,0.5,0.5,0.5,0.5,0.5,0.5,0.5,0.5,0.5,0.5,0.5,0.5,0.5,0.5,0.5,0.5,0.5,0.5,0.5,0.5,0.5,0.5,0.5,0.5,0.5,0.5,0.5,0.5,0.5,0.5,0.5,0.5,0.5,0.5
16.44623565673828,60.75578308105469,5.1156005859375,1.5,2.5,1.5,2.5,1.5,2.5,0.5,0.5,0.5,0.5,1.5,2.5,1.5,2.5,1.5,2.5,1.5,2.5,0.5,0.5,1.5,2.5,0.5,0.5,2.5,1.5,2.5,1.5,2.5,1.5,2.5,1.5,7.5,2.5,0.5,0.5,0.5,0.5,0.5,0.5,0.5,0.5,0.5,0.5,0.5,0.5,0.5,0.5,0.5,0.5,0.5,0.5,0.5,0.5,0.5,0.5,0.5,0.5,0.5,0.5,0.5,0.5,0.5,0.5,0.5,0.5,0.5,0.5,0.5,0.5
23.550437927246094,44.305908203125,42.13922119140625,1.5,2.5,1.5,2.5,1.5,2.5,0.5,0.5,0.5,0.5,1.5,2.5,1.5,2.5,1.5,2.5,1.5,2.5,0.5,0.5,1.5,2.5,0.5,0.5,2.5,1.5,2.5,1.5,2.5,1.5,1.5,2.5,0.5,0.5,2.5,1.5,2.5,1.5,2.5,1.5,7.5,2.5,1.5,2.5,1.5,2.5,0.5,0.5,0.5,0.5,0.5,0.5,0.5,0.5,0.5,0.5,0.5,0.5,0.5,0.5,0.5,0.5,0.5,0.5,0.5,0.5,0.5,0.5,0.5,0.5
-22.819808959960938,86.92066955566406,-7.050460815429688,1.5,2.5,1.5,2.5,1.5,2.5,0.5,0.5,0.5,0.5,1.5,2.5,1.5,2.5,1.5,2.5,1.5,2.5,0.5,0.5,0.5,0.5,0.5,0.5,2.5,1.5,1.5,2.5,1.5,2.5,0.5,0.5,0.5,0.5,1.5,2.5,0.5,0.5,0.5,0.5,0.5,0.5,0.5,0.5,0.5,0.5,2.5,1.5,2.5,1.5,2.5,1.5,7.5,2.5,0.5,0.5,0.5,0.5,0.5,0.5,0.5,0.5,0.5,0.5,0.5,0.5,0.5,0.5,0.5,0.5
-16.586387634277344,33.19999694824219,-27.270477294921875,1.5,2.5,1.5,2.5,1.5,2.5,0.5,0.5,0.5,0.5,1.5,2.5,1.5,2.5,1.5,2.5,1.5,2.5,0.5,0.5,0.5,0.5,0.5,0.5,2.5,1.5,1.5,2.5,1.5,2.5,0.5,0.5,0.5,0.5,1.5,2.5,0.5,0.5,0.5,0.5,0.5,0.5,0.5,0.5,0.5,0.5,2.5,1.5,2.5,1.5,2.5,1.5,6.5,2.5,0.5,0.5,0.5,0.5,0.5,0.5,0.5,0.5,0.5,0.5,0.5,0.5,0.5,0.5,0.5,0.5
-4.682121276855469,87.55540466308594,-80.28614807128906,1.5,2.5,1.5,2.5,1.5,2.5,0.5,0.5,0.5,0.5,1.5,2.5,1.5,2.5,1.5,2.5,1.5,2.5,0.5,0.5,0.5,0.5,0.5,0.5,2.5,1.5,1.5,2.5,1.5,2.5,0.5,0.5,0.5,0.5,1.5,2.5,0.5,0.5,0.5,0.5,0.5,0.5,0.5,0.5,0.5,0.5,2.5,1.5,2.5,1.5,2.5,1.5,4.5,2.5,0.5,0.5,0.5,0.5,0.5,0.5,0.5,0.5,0.5,0.5,0.5,0.5,0.5,0.5,0.5,0.5
-9.475624084472656,50.140869140625,30.828903198242188,1.5,2.5,1.5,2.5,1.5,2.5,0.5,0.5,0.5,0.5,1.5,2.5,1.5,2.5,1.5,2.5,1.5,2.5,0.5,0.5,0.5,0.5,0.5,0.5,2.5,1.5,1.5,2.5,1.5,2.5,0.5,0.5,0.5,0.5,1.5,2.5,0.5,0.5,0.5,0.5,0.5,0.5,0.5,0.5,0.5,0.5,1.5,2.5,0.5,0.5,0.5,0.5,0.5,0.5,0.5,0.5,2.5,1.5,2.5,1.5,6.5,2.5,0.5,0.5,0.5,0.5,0.5,0.5,0.5,0.5
-14.912757873535156,94.43182373046876,-49.60435485839844,1.5,2.5,1.5,2.5,1.5,2.5,0.5,0.5,0.5,0.5,1.5,2.5,1.5,2.5,1.5,2.5,1.5,2.5,0.5,0.5,0.5,0.5,0.5,0.5,2.5,1.5,1.5,2.5,1.5,2.5,0.5,0.5,0.5,0.5,1.5,2.5,0.5,0.5,0.5,0.5,0.5,0.5,0.5,0.5,0.5,0.5,2.5,1.5,2.5,1.5,2.5,1.5,6.5,2.5,0.5,0.5,0.5,0.5,0.5,0.5,0.5,0.5,0.5,0.5,0.5,0.5,0.5,0.5,0.5,0.5
-1.3736953735351562,60.992095947265625,41.60871887207031,1.5,2.5,1.5,2.5,1.5,2.5,0.5,0.5,0.5,0.5,2.5,1.5,0.5,0.5,0.5,0.5,0.5,0.5,0.5,0.5,0.5,0.5,0.5,0.5,0.5,0.5,0.5,0.5,0.5,0.5,0.5,0.5,0.5,0.5,0.5,0.5,0.5,0.5,0.5,0.5,0.5,0.5,0.5,0.5,0.5,0.5,0.5,0.5,0.5,0.5,0.5,0.5,0.5,0.5,0.5,0.5,0.5,0.5,0.5,0.5,0.5,0.5,0.5,0.5,0.5,0.5,0.5,0.5,0.5,0.5
