รง,n,x1,b163,b164,b165,b166,b167,b168,b169,b170,b171,b172,b173,b174,b175,b176,b177,b178,b179,b180,b181,b182,b183,b184,b185,b186,b187,b188,b189,b190,b191,b192,b193,b194,b195,b196,b197,b198,b199,b200,b201,b202,b203,b204,b205,b206,b207,b208,b209,b210,b211,b212,b213,b214,b215,b216,b217,b218,b219,b220,b221,b222,b223,b224,b225,b226,b227,b228,b229,b230,b231,b232
87.80670792,61.88672454,197.5655089,0.5,1.5,0.5,1.5,0.5,1.5,2.5,2.5,2.5,2.5,0.5,1.5,0.5,1.5,0.5,1.5,0.5,1.5,2.5,2.5,2.5,2.5,2.5,2.5,1.5,0.5,0.5,1.5,0.5,1.5,2.5,2.5,2.5,2.5,0.5,1.5,2.5,2.5,2.5,2.5,2.5,2.5,2.5,2.5,2.5,2.5,1.5,0.5,1.5,0.5,1.5,0.5,1.5,1.5,2.5,2.5,2.5,2.5,2.5,2.5,2.5,2.5,2.5,2.5,2.5,2.5,2.5,2.5,2.5,2.5
97.83620213,74.79331901,-149.985866,0.5,1.5,0.5,1.5,0.5,1.5,2.5,2.5,2.5,2.5,0.5,1.5,0.5,1.5,0.5,1.5,0.5,1.5,2.5,2.5,2.5,2.5,2.5,2.5,1.5,0.5,0.5,1.5,0.5,1.5,2.5,2.5,2.5,2.5,0.5,1.5,2.5,2.5,2.5,2.5,2.5,2.5,2.5,2.5,2.5,2.5,0.5,1.5,2.5,2.5,2.5,2.5,2.5,2.5,2.5,2.5,0.5,1.5,2.5,2.5,1.5,1.5,2.5,2.5,2.5,2.5,2.5,2.5,2.5,2.5
22.23139303,93.35870586,13.46472619,0.5,1.5,0.5,1.5,0.5,1.5,2.5,2.5,2.5,2.5,0.5,1.5,0.5,1.5,0.5,1.5,0.5,1.5,2.5,2.5,0.5,1.5,2.5,2.5,1.5,0.5,1.5,0.5,1.5,0.5,1.5,0.5,1.5,1.5,2.5,2.5,2.5,2.5,2.5,2.5,2.5,2.5,2.5,2.5,2.5,2.5,2.5,2.5,2.5,2.5,2.5,2.5,2.5,2.5,2.5,2.5,2.5,2.5,2.5,2.5,2.5,2.5,2.5,2.5,2.5,2.5,2.5,2.5,2.5,2.5
30.67830008,10.68966615,40.11584326,0.5,1.5,0.5,1.5,0.5,1.5,2.5,2.5,2.5,2.5,0.5,1.5,0.5,1.5,0.5,1.5,0.5,1.5,2.5,2.5,2.5,2.5,2.5,2.5,1.5,0.5,0.5,1.5,0.5,1.5,2.5,2.5,2.5,2.5,0.5,1.5,2.5,2.5,2.5,2.5,2.5,2.5,2.5,2.5,2.5,2.5,1.5,0.5,1.5,0.5,1.5,0.5,1.5,1.5,2.5,2.5,2.5,2.5,2.5,2.5,2.5,2.5,2.5,2.5,2.5,2.5,2.5,2.5,2.5,2.5
62.20008095,75.63945888,-72.56060443,0.5,1.5,0.5,1.5,0.5,1.5,2.5,2.5,2.5,2.5,0.5,1.5,0.5,1.5,0.5,1.5,0.5,1.5,2.5,2.5,0.5,1.5,2.5,2.5,1.5,0.5,1.5,0.5,1.5,0.5,1.5,0.5,1.5,1.5,2.5,2.5,2.5,2.5,2.5,2.5,2.5,2.5,2.5,2.5,2.5,2.5,2.5,2.5,2.5,2.5,2.5,2.5,2.5,2.5,2.5,2.5,2.5,2.5,2.5,2.5,2.5,2.5,2.5,2.5,2.5,2.5,2.5,2.5,2.5,2.5
-34.93464038,27.573641,-154.4329184,0.5,1.5,0.5,1.5,0.5,1.5,2.5,2.5,2.5,2.5,0.5,1.5,0.5,1.5,0.5,1.5,0.5,1.5,2.5,2.5,2.5,2.5,2.5,2.5,1.5,0.5,0.5,1.5,0.5,1.5,2.5,2.5,2.5,2.5,0.5,1.5,2.5,2.5,2.5,2.5,2.5,2.5,2.5,2.5,2.5,2.5,1.5,0.5,1.5,0.5,1.5,0.5,1.5,1.5,2.5,2.5,2.5,2.5,2.5,2.5,2.5,2.5,2.5,2.5,2.5,2.5,2.5,2.5,2.5,2.5
52.86022261,62.25348815,-140.3415229,0.5,1.5,0.5,1.5,0.5,1.5,2.5,2.5,2.5,2.5,0.5,1.5,0.5,1.5,0.5,1.5,0.5,1.5,2.5,2.5,0.5,1.5,2.5,2.5,1.5,0.5,1.5,0.5,1.5,0.5,1.5,0.5,1.5,1.5,2.5,2.5,2.5,2.5,2.5,2.5,2.5,2.5,2.5,2.5,2.5,2.5,2.5,2.5,2.5,2.5,2.5,2.5,2.5,2.5,2.5,2.5,2.5,2.5,2.5,2.5,2.5,2.5,2.5,2.5,2.5,2.5,2.5,2.5,2.5,2.5
-9.088804476,68.79055218,-134.1221791,0.5,1.5,0.5,1.5,0.5,1.5,2.5,2.5,2.5,2.5,0.5,1.5,0.5,1.5,0.5,1.5,0.5,1.5,2.5,2.5,2.5,2.5,2.5,2.5,1.5,0.5,0.5,1.5,0.5,1.5,2.5,2.5,2.5,2.5,0.5,1.5,2.5,2.5,2.5,2.5,2.5,2.5,2.5,2.5,2.5,2.5,1.5,0.5,1.5,0.5,1.5,0.5,1.5,1.5,2.5,2.5,2.5,2.5,2.5,2.5,2.5,2.5,2.5,2.5,2.5,2.5,2.5,2.5,2.5,2.5
82.86756538,96.08512691,-121.9371713,0.5,1.5,0.5,1.5,0.5,1.5,2.5,2.5,2.5,2.5,0.5,1.5,0.5,1.5,0.5,1.5,0.5,1.5,2.5,2.5,0.5,1.5,2.5,2.5,1.5,0.5,1.5,0.5,1.5,0.5,1.5,0.5,1.5,1.5,2.5,2.5,2.5,2.5,2.5,2.5,2.5,2.5,2.5,2.5,2.5,2.5,2.5,2.5,2.5,2.5,2.5,2.5,2.5,2.5,2.5,2.5,2.5,2.5,2.5,2.5,2.5,2.5,2.5,2.5,2.5,2.5,2.5,2.5,2.5,2.5
27.02397784,89.35315919,26.46181496,0.5,1.5,0.5,1.5,0.5,1.5,2.5,2.5,2.5,2.5,0.5,1.5,0.5,1.5,0.5,1.5,0.5,1.5,2.5,2.5,0.5,1.5,2.5,2.5,1.5,0.5,1.5,0.5,1.5,0.5,1.5,0.5,1.5,1.5,2.5,2.5,2.5,2.5,2.5,2.5,2.5,2.5,2.5,2.5,2.5,2.5,2.5,2.5,2.5,2.5,2.5,2.5,2.5,2.5,2.5,2.5,2.5,2.5,2.5,2.5,2.5,2.5,2.5,2.5,2.5,2.5,2.5,2.5,2.5,2.5
76.38450752,48.00966046,46.18641322,0.5,1.5,0.5,1.5,0.5,1.5,2.5,2.5,2.5,2.5,0.5,1.5,0.5,1.5,0.5,1.5,0.5,1.5,2.5,2.5,2.5,2.5,2.5,2.5,1.5,0.5,0.5,1.5,0.5,1.5,2.5,2.5,2.5,2.5,0.5,1.5,2.5,2.5,2.5,2.5,2.5,2.5,2.5,2.5,2.5,2.5,1.5,0.5,1.5,0.5,1.5,0.5,1.5,1.5,2.5,2.5,2.5,2.5,2.5,2.5,2.5,2.5,2.5,2.5,2.5,2.5,2.5,2.5,2.5,2.5
13.08191652,71.73969851,-176.5876623,0.5,1.5,0.5,1.5,0.5,1.5,2.5,2.5,2.5,2.5,0.5,1.5,0.5,1.5,0.5,1.5,0.5,1.5,2.5,2.5,0.5,1.5,2.5,2.5,1.5,0.5,1.5,0.5,1.5,0.5,1.5,0.5,1.5,1.5,2.5,2.5,2.5,2.5,2.5,2.5,2.5,2.5,2.5,2.5,2.5,2.5,2.5,2.5,2.5,2.5,2.5,2.5,2.5,2.5,2.5,2.5,2.5,2.5,2.5,2.5,2.5,2.5,2.5,2.5,2.5,2.5,2.5,2.5,2.5,2.5
31.05831386,17.52977813,78.77215196,0.5,1.5,0.5,1.5,0.5,1.5,2.5,2.5,2.5,2.5,0.5,1.5,0.5,1.5,0.5,1.5,0.5,1.5,2.5,2.5,2.5,2.5,2.5,2.5,1.5,0.5,0.5,1.5,0.5,1.5,2.5,2.5,2.5,2.5,0.5,1.5,2.5,2.5,2.5,2.5,2.5,2.5,2.5,2.5,2.5,2.5,1.5,0.5,1.5,0.5,1.5,0.5,1.5,1.5,2.5,2.5,2.5,2.5,2.5,2.5,2.5,2.5,2.5,2.5,2.5,2.5,2.5,2.5,2.5,2.5
-43.68666164,85.42719944,-193.2450472,0.5,1.5,0.5,1.5,0.5,1.5,2.5,2.5,2.5,2.5,0.5,1.5,0.5,1.5,0.5,1.5,0.5,1.5,2.5,2.5,2.5,2.5,2.5,2.5,1.5,0.5,0.5,1.5,0.5,1.5,2.5,2.5,2.5,2.5,0.5,1.5,2.5,2.5,2.5,2.5,2.5,2.5,2.5,2.5,2.5,2.5,1.5,0.5,1.5,0.5,1.5,0.5,1.5,1.5,2.5,2.5,2.5,2.5,2.5,2.5,2.5,2.5,2.5,2.5,2.5,2.5,2.5,2.5,2.5,2.5
50.11114602,29.25613327,23.72181909,0.5,1.5,0.5,1.5,0.5,1.5,2.5,2.5,2.5,2.5,0.5,1.5,0.5,1.5,0.5,1.5,0.5,1.5,2.5,2.5,2.5,2.5,2.5,2.5,1.5,0.5,0.5,1.5,0.5,1.5,2.5,2.5,2.5,2.5,0.5,1.5,2.5,2.5,2.5,2.5,2.5,2.5,2.5,2.5,2.5,2.5,1.5,0.5,1.5,0.5,1.5,0.5,1.5,1.5,2.5,2.5,2.5,2.5,2.5,2.5,2.5,2.5,2.5,2.5,2.5,2.5,2.5,2.5,2.5,2.5
-35.72487973,20.51517368,-178.7772139,0.5,1.5,0.5,1.5,0.5,1.5,2.5,2.5,2.5,2.5,0.5,1.5,0.5,1.5,0.5,1.5,0.5,1.5,2.5,2.5,2.5,2.5,2.5,2.5,1.5,0.5,0.5,1.5,0.5,1.5,2.5,2.5,2.5,2.5,0.5,1.5,2.5,2.5,2.5,2.5,2.5,2.5,2.5,2.5,2.5,2.5,1.5,0.5,1.5,0.5,1.5,0.5,1.5,1.5,2.5,2.5,2.5,2.5,2.5,2.5,2.5,2.5,2.5,2.5,2.5,2.5,2.5,2.5,2.5,2.5
-46.29487152,91.83019228,-102.8235192,0.5,1.5,0.5,1.5,0.5,1.5,2.5,2.5,2.5,2.5,0.5,1.5,0.5,1.5,0.5,1.5,0.5,1.5,2.5,2.5,2.5,2.5,2.5,2.5,1.5,0.5,0.5,1.5,0.5,1.5,2.5,2.5,2.5,2.5,0.5,1.5,2.5,2.5,2.5,2.5,2.5,2.5,2.5,2.5,2.5,2.5,1.5,0.5,1.5,0.5,1.5,0.5,1.5,1.5,2.5,2.5,2.5,2.5,2.5,2.5,2.5,2.5,2.5,2.5,2.5,2.5,2.5,2.5,2.5,2.5
-11.06279681,74.20531434,-163.6463236,0.5,1.5,0.5,1.5,0.5,1.5,2.5,2.5,2.5,2.5,0.5,1.5,0.5,1.5,0.5,1.5,0.5,1.5,2.5,2.5,2.5,2.5,2.5,2.5,1.5,0.5,0.5,1.5,0.5,1.5,2.5,2.5,2.5,2.5,0.5,1.5,2.5,2.5,2.5,2.5,2.5,2.5,2.5,2.5,2.5,2.5,1.5,0.5,1.5,0.5,1.5,0.5,1.5,1.5,2.5,2.5,2.5,2.5,2.5,2.5,2.5,2.5,2.5,2.5,2.5,2.5,2.5,2.5,2.5,2.5
-78.95921593,78.99880242,-0.981601862,0.5,1.5,0.5,1.5,0.5,1.5,2.5,2.5,2.5,2.5,0.5,1.5,0.5,1.5,0.5,1.5,0.5,1.5,2.5,2.5,2.5,2.5,2.5,2.5,1.5,0.5,0.5,1.5,0.5,1.5,2.5,2.5,2.5,2.5,0.5,1.5,2.5,2.5,2.5,2.5,2.5,2.5,2.5,2.5,2.5,2.5,1.5,0.5,1.5,0.5,1.5,0.5,1.5,1.5,2.5,2.5,2.5,2.5,2.5,2.5,2.5,2.5,2.5,2.5,2.5,2.5,2.5,2.5,2.5,2.5
-58.87777954,10.44519546,-146.0325817,0.5,1.5,0.5,1.5,0.5,1.5,2.5,2.5,2.5,2.5,0.5,1.5,0.5,1.5,0.5,1.5,0.5,1.5,2.5,2.5,2.5,2.5,2.5,2.5,1.5,0.5,0.5,1.5,0.5,1.5,2.5,2.5,2.5,2.5,0.5,1.5,2.5,2.5,2.5,2.5,2.5,2.5,2.5,2.5,2.5,2.5,1.5,0.5,1.5,0.5,1.5,0.5,1.5,1.5,2.5,2.5,2.5,2.5,2.5,2.5,2.5,2.5,2.5,2.5,2.5,2.5,2.5,2.5,2.5,2.5
-54.32452127,49.24727247,31.80410489,0.5,1.5,0.5,1.5,0.5,1.5,2.5,2.5,2.5,2.5,0.5,1.5,0.5,1.5,0.5,1.5,0.5,1.5,2.5,2.5,2.5,2.5,2.5,2.5,1.5,0.5,0.5,1.5,0.5,1.5,2.5,2.5,2.5,2.5,0.5,1.5,2.5,2.5,2.5,2.5,2.5,2.5,2.5,2.5,2.5,2.5,0.5,1.5,2.5,2.5,2.5,2.5,2.5,2.5,2.5,2.5,1.5,0.5,1.5,0.5,1.5,1.5,2.5,2.5,2.5,2.5,2.5,2.5,2.5,2.5
-45.2327095,11.74102753,-25.14139654,0.5,1.5,0.5,1.5,0.5,1.5,2.5,2.5,2.5,2.5,0.5,1.5,0.5,1.5,0.5,1.5,0.5,1.5,2.5,2.5,2.5,2.5,2.5,2.5,1.5,0.5,0.5,1.5,0.5,1.5,2.5,2.5,2.5,2.5,0.5,1.5,2.5,2.5,2.5,2.5,2.5,2.5,2.5,2.5,2.5,2.5,1.5,0.5,1.5,0.5,1.5,0.5,1.5,1.5,2.5,2.5,2.5,2.5,2.5,2.5,2.5,2.5,2.5,2.5,2.5,2.5,2.5,2.5,2.5,2.5
-78.0633242,31.56945785,-72.89310606,0.5,1.5,0.5,1.5,0.5,1.5,2.5,2.5,2.5,2.5,0.5,1.5,0.5,1.5,0.5,1.5,0.5,1.5,2.5,2.5,2.5,2.5,2.5,2.5,1.5,0.5,0.5,1.5,0.5,1.5,2.5,2.5,2.5,2.5,0.5,1.5,2.5,2.5,2.5,2.5,2.5,2.5,2.5,2.5,2.5,2.5,1.5,0.5,1.5,0.5,1.5,0.5,1.5,1.5,2.5,2.5,2.5,2.5,2.5,2.5,2.5,2.5,2.5,2.5,2.5,2.5,2.5,2.5,2.5,2.5
22.7581973,92.4953041,-149.8446629,0.5,1.5,0.5,1.5,0.5,1.5,2.5,2.5,2.5,2.5,0.5,1.5,0.5,1.5,0.5,1.5,0.5,1.5,2.5,2.5,0.5,1.5,2.5,2.5,1.5,0.5,1.5,0.5,1.5,0.5,1.5,0.5,1.5,1.5,2.5,2.5,2.5,2.5,2.5,2.5,2.5,2.5,2.5,2.5,2.5,2.5,2.5,2.5,2.5,2.5,2.5,2.5,2.5,2.5,2.5,2.5,2.5,2.5,2.5,2.5,2.5,2.5,2.5,2.5,2.5,2.5,2.5,2.5,2.5,2.5
-33.4276376,38.70870303,-149.2414784,0.5,1.5,0.5,1.5,0.5,1.5,2.5,2.5,2.5,2.5,0.5,1.5,0.5,1.5,0.5,1.5,0.5,1.5,2.5,2.5,2.5,2.5,2.5,2.5,1.5,0.5,0.5,1.5,0.5,1.5,2.5,2.5,2.5,2.5,0.5,1.5,2.5,2.5,2.5,2.5,2.5,2.5,2.5,2.5,2.5,2.5,1.5,0.5,1.5,0.5,1.5,0.5,1.5,1.5,2.5,2.5,2.5,2.5,2.5,2.5,2.5,2.5,2.5,2.5,2.5,2.5,2.5,2.5,2.5,2.5
95.21230128,91.02003694,-167.2088026,0.5,1.5,0.5,1.5,0.5,1.5,2.5,2.5,2.5,2.5,0.5,1.5,0.5,1.5,0.5,1.5,0.5,1.5,2.5,2.5,2.5,2.5,2.5,2.5,1.5,0.5,0.5,1.5,0.5,1.5,2.5,2.5,2.5,2.5,0.5,1.5,2.5,2.5,2.5,2.5,2.5,2.5,2.5,2.5,2.5,2.5,0.5,1.5,2.5,2.5,2.5,2.5,2.5,2.5,2.5,2.5,0.5,1.5,2.5,2.5,1.5,1.5,2.5,2.5,2.5,2.5,2.5,2.5,2.5,2.5
-35.22519557,32.17424412,-113.48342,0.5,1.5,0.5,1.5,0.5,1.5,2.5,2.5,2.5,2.5,0.5,1.5,0.5,1.5,0.5,1.5,0.5,1.5,2.5,2.5,2.5,2.5,2.5,2.5,1.5,0.5,0.5,1.5,0.5,1.5,2.5,2.5,2.5,2.5,0.5,1.5,2.5,2.5,2.5,2.5,2.5,2.5,2.5,2.5,2.5,2.5,1.5,0.5,1.5,0.5,1.5,0.5,1.5,1.5,2.5,2.5,2.5,2.5,2.5,2.5,2.5,2.5,2.5,2.5,2.5,2.5,2.5,2.5,2.5,2.5
76.51603986,32.65051839,1.846347253,0.5,1.5,0.5,1.5,0.5,1.5,2.5,2.5,2.5,2.5,0.5,1.5,0.5,1.5,0.5,1.5,0.5,1.5,2.5,2.5,2.5,2.5,2.5,2.5,1.5,0.5,0.5,1.5,0.5,1.5,2.5,2.5,2.5,2.5,0.5,1.5,2.5,2.5,2.5,2.5,2.5,2.5,2.5,2.5,2.5,2.5,1.5,0.5,1.5,0.5,1.5,0.5,1.5,1.5,2.5,2.5,2.5,2.5,2.5,2.5,2.5,2.5,2.5,2.5,2.5,2.5,2.5,2.5,2.5,2.5
-60.72295206,49.88724528,-25.50323554,0.5,1.5,0.5,1.5,0.5,1.5,2.5,2.5,2.5,2.5,0.5,1.5,0.5,1.5,0.5,1.5,0.5,1.5,2.5,2.5,2.5,2.5,2.5,2.5,1.5,0.5,0.5,1.5,0.5,1.5,2.5,2.5,2.5,2.5,0.5,1.5,2.5,2.5,2.5,2.5,2.5,2.5,2.5,2.5,2.5,2.5,1.5,0.5,1.5,0.5,1.5,0.5,1.5,1.5,2.5,2.5,2.5,2.5,2.5,2.5,2.5,2.5,2.5,2.5,2.5,2.5,2.5,2.5,2.5,2.5
68.37511237,40.34397206,116.2568876,0.5,1.5,0.5,1.5,0.5,1.5,2.5,2.5,2.5,2.5,0.5,1.5,0.5,1.5,0.5,1.5,0.5,1.5,2.5,2.5,2.5,2.5,2.5,2.5,1.5,0.5,0.5,1.5,0.5,1.5,2.5,2.5,2.5,2.5,0.5,1.5,2.5,2.5,2.5,2.5,2.5,2.5,2.5,2.5,2.5,2.5,1.5,0.5,1.5,0.5,1.5,0.5,1.5,1.5,2.5,2.5,2.5,2.5,2.5,2.5,2.5,2.5,2.5,2.5,2.5,2.5,2.5,2.5,2.5,2.5
60.78169955,36.17503284,176.0713945,0.5,1.5,0.5,1.5,0.5,1.5,2.5,2.5,2.5,2.5,0.5,1.5,0.5,1.5,0.5,1.5,0.5,1.5,2.5,2.5,2.5,2.5,2.5,2.5,1.5,0.5,0.5,1.5,0.5,1.5,2.5,2.5,2.5,2.5,0.5,1.5,2.5,2.5,2.5,2.5,2.5,2.5,2.5,2.5,2.5,2.5,1.5,0.5,1.5,0.5,1.5,0.5,1.5,1.5,2.5,2.5,2.5,2.5,2.5,2.5,2.5,2.5,2.5,2.5,2.5,2.5,2.5,2.5,2.5,2.5
-52.70849898,81.75555845,117.5430745,0.5,1.5,0.5,1.5,0.5,1.5,2.5,2.5,2.5,2.5,0.5,1.5,0.5,1.5,0.5,1.5,0.5,1.5,2.5,2.5,2.5,2.5,2.5,2.5,1.5,0.5,0.5,1.5,0.5,1.5,2.5,2.5,2.5,2.5,0.5,1.5,2.5,2.5,2.5,2.5,2.5,2.5,2.5,2.5,2.5,2.5,0.5,1.5,2.5,2.5,2.5,2.5,2.5,2.5,2.5,2.5,1.5,0.5,1.5,0.5,1.5,1.5,2.5,2.5,2.5,2.5,2.5,2.5,2.5,2.5
-6.449554943,71.92879248,-51.58723078,0.5,1.5,0.5,1.5,0.5,1.5,2.5,2.5,2.5,2.5,0.5,1.5,0.5,1.5,0.5,1.5,0.5,1.5,2.5,2.5,2.5,2.5,2.5,2.5,1.5,0.5,0.5,1.5,0.5,1.5,2.5,2.5,2.5,2.5,0.5,1.5,2.5,2.5,2.5,2.5,2.5,2.5,2.5,2.5,2.5,2.5,1.5,0.5,1.5,0.5,1.5,0.5,1.5,1.5,2.5,2.5,2.5,2.5,2.5,2.5,2.5,2.5,2.5,2.5,2.5,2.5,2.5,2.5,2.5,2.5
-34.67003078,10.36572037,18.15519536,0.5,1.5,0.5,1.5,0.5,1.5,2.5,2.5,2.5,2.5,0.5,1.5,0.5,1.5,0.5,1.5,0.5,1.5,2.5,2.5,2.5,2.5,2.5,2.5,1.5,0.5,0.5,1.5,0.5,1.5,2.5,2.5,2.5,2.5,0.5,1.5,2.5,2.5,2.5,2.5,2.5,2.5,2.5,2.5,2.5,2.5,0.5,1.5,2.5,2.5,2.5,2.5,2.5,2.5,2.5,2.5,1.5,0.5,1.5,0.5,1.5,1.5,2.5,2.5,2.5,2.5,2.5,2.5,2.5,2.5
73.60181374,29.03152866,-33.21573903,0.5,1.5,0.5,1.5,0.5,1.5,2.5,2.5,2.5,2.5,0.5,1.5,0.5,1.5,0.5,1.5,0.5,1.5,2.5,2.5,2.5,2.5,2.5,2.5,1.5,0.5,0.5,1.5,0.5,1.5,2.5,2.5,2.5,2.5,0.5,1.5,2.5,2.5,2.5,2.5,2.5,2.5,2.5,2.5,2.5,2.5,0.5,1.5,2.5,2.5,2.5,2.5,2.5,2.5,2.5,2.5,1.5,0.5,1.5,0.5,1.5,1.5,2.5,2.5,2.5,2.5,2.5,2.5,2.5,2.5
-91.19340541,72.82202806,-38.4246724,0.5,1.5,0.5,1.5,0.5,1.5,2.5,2.5,2.5,2.5,0.5,1.5,0.5,1.5,0.5,1.5,0.5,1.5,2.5,2.5,2.5,2.5,2.5,2.5,1.5,0.5,0.5,1.5,0.5,1.5,2.5,2.5,2.5,2.5,0.5,1.5,2.5,2.5,2.5,2.5,2.5,2.5,2.5,2.5,2.5,2.5,1.5,0.5,1.5,0.5,1.5,0.5,1.5,1.5,2.5,2.5,2.5,2.5,2.5,2.5,2.5,2.5,2.5,2.5,2.5,2.5,2.5,2.5,2.5,2.5
-75.871889,15.2983435,185.8119825,0.5,1.5,0.5,1.5,0.5,1.5,2.5,2.5,2.5,2.5,0.5,1.5,0.5,1.5,0.5,1.5,0.5,1.5,2.5,2.5,2.5,2.5,2.5,2.5,1.5,0.5,0.5,1.5,0.5,1.5,2.5,2.5,2.5,2.5,0.5,1.5,2.5,2.5,2.5,2.5,2.5,2.5,2.5,2.5,2.5,2.5,0.5,1.5,2.5,2.5,2.5,2.5,2.5,2.5,2.5,2.5,0.5,1.5,2.5,2.5,1.5,1.5,2.5,2.5,2.5,2.5,2.5,2.5,2.5,2.5
17.5260416,96.98523174,-6.416635769,0.5,1.5,0.5,1.5,0.5,1.5,2.5,2.5,2.5,2.5,0.5,1.5,0.5,1.5,0.5,1.5,0.5,1.5,2.5,2.5,0.5,1.5,2.5,2.5,1.5,0.5,1.5,0.5,1.5,0.5,1.5,0.5,1.5,1.5,2.5,2.5,2.5,2.5,2.5,2.5,2.5,2.5,2.5,2.5,2.5,2.5,2.5,2.5,2.5,2.5,2.5,2.5,2.5,2.5,2.5,2.5,2.5,2.5,2.5,2.5,2.5,2.5,2.5,2.5,2.5,2.5,2.5,2.5,2.5,2.5
-2.112811796,28.5822602,-73.99933799,0.5,1.5,0.5,1.5,0.5,1.5,2.5,2.5,2.5,2.5,0.5,1.5,1.5,0.5,2.5,2.5,2.5,2.5,2.5,2.5,2.5,2.5,2.5,2.5,2.5,2.5,2.5,2.5,2.5,2.5,2.5,2.5,2.5,2.5,2.5,2.5,2.5,2.5,2.5,2.5,2.5,2.5,2.5,2.5,2.5,2.5,2.5,2.5,2.5,2.5,2.5,2.5,2.5,2.5,2.5,2.5,2.5,2.5,2.5,2.5,2.5,2.5,2.5,2.5,2.5,2.5,2.5,2.5,2.5,2.5
-63.89800163,93.86028561,81.44094526,0.5,1.5,0.5,1.5,0.5,1.5,2.5,2.5,2.5,2.5,0.5,1.5,0.5,1.5,0.5,1.5,0.5,1.5,2.5,2.5,2.5,2.5,2.5,2.5,1.5,0.5,0.5,1.5,0.5,1.5,2.5,2.5,2.5,2.5,0.5,1.5,2.5,2.5,2.5,2.5,2.5,2.5,2.5,2.5,2.5,2.5,0.5,1.5,2.5,2.5,2.5,2.5,2.5,2.5,2.5,2.5,1.5,0.5,1.5,0.5,1.5,1.5,2.5,2.5,2.5,2.5,2.5,2.5,2.5,2.5
68.43614894,87.91798826,-158.3421915,0.5,1.5,0.5,1.5,0.5,1.5,2.5,2.5,2.5,2.5,0.5,1.5,0.5,1.5,0.5,1.5,0.5,1.5,2.5,2.5,0.5,1.5,2.5,2.5,1.5,0.5,1.5,0.5,1.5,0.5,1.5,0.5,1.5,1.5,2.5,2.5,2.5,2.5,2.5,2.5,2.5,2.5,2.5,2.5,2.5,2.5,2.5,2.5,2.5,2.5,2.5,2.5,2.5,2.5,2.5,2.5,2.5,2.5,2.5,2.5,2.5,2.5,2.5,2.5,2.5,2.5,2.5,2.5,2.5,2.5
-62.25205866,45.05613023,-163.8821811,0.5,1.5,0.5,1.5,0.5,1.5,2.5,2.5,2.5,2.5,0.5,1.5,0.5,1.5,0.5,1.5,0.5,1.5,2.5,2.5,2.5,2.5,2.5,2.5,1.5,0.5,0.5,1.5,0.5,1.5,2.5,2.5,2.5,2.5,0.5,1.5,2.5,2.5,2.5,2.5,2.5,2.5,2.5,2.5,2.5,2.5,1.5,0.5,1.5,0.5,1.5,0.5,1.5,1.5,2.5,2.5,2.5,2.5,2.5,2.5,2.5,2.5,2.5,2.5,2.5,2.5,2.5,2.5,2.5,2.5
-79.27035234,67.20354934,-191.1118156,0.5,1.5,0.5,1.5,0.5,1.5,2.5,2.5,2.5,2.5,0.5,1.5,0.5,1.5,0.5,1.5,0.5,1.5,2.5,2.5,2.5,2.5,2.5,2.5,1.5,0.5,0.5,1.5,0.5,1.5,2.5,2.5,2.5,2.5,0.5,1.5,2.5,2.5,2.5,2.5,2.5,2.5,2.5,2.5,2.5,2.5,1.5,0.5,1.5,0.5,1.5,0.5,1.5,1.5,2.5,2.5,2.5,2.5,2.5,2.5,2.5,2.5,2.5,2.5,2.5,2.5,2.5,2.5,2.5,2.5
39.25787717,59.41917547,-160.0040527,0.5,1.5,0.5,1.5,0.5,1.5,2.5,2.5,2.5,2.5,0.5,1.5,0.5,1.5,0.5,1.5,0.5,1.5,2.5,2.5,0.5,1.5,2.5,2.5,1.5,0.5,1.5,0.5,1.5,0.5,1.5,0.5,1.5,1.5,2.5,2.5,2.5,2.5,2.5,2.5,2.5,2.5,2.5,2.5,2.5,2.5,2.5,2.5,2.5,2.5,2.5,2.5,2.5,2.5,2.5,2.5,2.5,2.5,2.5,2.5,2.5,2.5,2.5,2.5,2.5,2.5,2.5,2.5,2.5,2.5
46.01601155,32.27993512,-112.8924708,0.5,1.5,0.5,1.5,0.5,1.5,2.5,2.5,2.5,2.5,0.5,1.5,0.5,1.5,0.5,1.5,0.5,1.5,2.5,2.5,2.5,2.5,2.5,2.5,1.5,0.5,0.5,1.5,0.5,1.5,2.5,2.5,2.5,2.5,0.5,1.5,2.5,2.5,2.5,2.5,2.5,2.5,2.5,2.5,2.5,2.5,0.5,1.5,2.5,2.5,2.5,2.5,2.5,2.5,2.5,2.5,0.5,1.5,2.5,2.5,1.5,1.5,2.5,2.5,2.5,2.5,2.5,2.5,2.5,2.5
-16.73113178,69.12200693,163.5195966,0.5,1.5,0.5,1.5,0.5,1.5,2.5,2.5,2.5,2.5,0.5,1.5,0.5,1.5,0.5,1.5,0.5,1.5,2.5,2.5,2.5,2.5,2.5,2.5,1.5,0.5,0.5,1.5,0.5,1.5,2.5,2.5,2.5,2.5,0.5,1.5,2.5,2.5,2.5,2.5,2.5,2.5,2.5,2.5,2.5,2.5,0.5,1.5,2.5,2.5,2.5,2.5,2.5,2.5,2.5,2.5,0.5,1.5,2.5,2.5,1.5,1.5,2.5,2.5,2.5,2.5,2.5,2.5,2.5,2.5
69.56386273,49.95989379,30.28371881,0.5,1.5,0.5,1.5,0.5,1.5,2.5,2.5,2.5,2.5,0.5,1.5,0.5,1.5,0.5,1.5,0.5,1.5,2.5,2.5,2.5,2.5,2.5,2.5,1.5,0.5,0.5,1.5,0.5,1.5,2.5,2.5,2.5,2.5,0.5,1.5,2.5,2.5,2.5,2.5,2.5,2.5,2.5,2.5,2.5,2.5,1.5,0.5,1.5,0.5,1.5,0.5,1.5,1.5,2.5,2.5,2.5,2.5,2.5,2.5,2.5,2.5,2.5,2.5,2.5,2.5,2.5,2.5,2.5,2.5
-53.50945792,35.63092334,-89.21267881,0.5,1.5,0.5,1.5,0.5,1.5,2.5,2.5,2.5,2.5,0.5,1.5,0.5,1.5,0.5,1.5,0.5,1.5,2.5,2.5,2.5,2.5,2.5,2.5,1.5,0.5,0.5,1.5,0.5,1.5,2.5,2.5,2.5,2.5,0.5,1.5,2.5,2.5,2.5,2.5,2.5,2.5,2.5,2.5,2.5,2.5,1.5,0.5,1.5,0.5,1.5,0.5,1.5,1.5,2.5,2.5,2.5,2.5,2.5,2.5,2.5,2.5,2.5,2.5,2.5,2.5,2.5,2.5,2.5,2.5
99.89889448,16.38323607,-17.58679895,0.5,1.5,0.5,1.5,0.5,1.5,2.5,2.5,2.5,2.5,0.5,1.5,0.5,1.5,0.5,1.5,0.5,1.5,2.5,2.5,2.5,2.5,2.5,2.5,1.5,0.5,0.5,1.5,0.5,1.5,2.5,2.5,2.5,2.5,0.5,1.5,2.5,2.5,2.5,2.5,2.5,2.5,2.5,2.5,2.5,2.5,0.5,1.5,2.5,2.5,2.5,2.5,2.5,2.5,2.5,2.5,1.5,0.5,1.5,0.5,1.5,1.5,2.5,2.5,2.5,2.5,2.5,2.5,2.5,2.5
-28.2989732,98.41015692,42.12494574,0.5,1.5,0.5,1.5,0.5,1.5,2.5,2.5,2.5,2.5,0.5,1.5,0.5,1.5,0.5,1.5,0.5,1.5,2.5,2.5,2.5,2.5,2.5,2.5,1.5,0.5,0.5,1.5,0.5,1.5,2.5,2.5,2.5,2.5,0.5,1.5,2.5,2.5,2.5,2.5,2.5,2.5,2.5,2.5,2.5,2.5,0.5,1.5,2.5,2.5,2.5,2.5,2.5,2.5,2.5,2.5,1.5,0.5,1.5,0.5,1.5,1.5,2.5,2.5,2.5,2.5,2.5,2.5,2.5,2.5
-51.68163327,70.38918315,-80.211859,0.5,1.5,0.5,1.5,0.5,1.5,2.5,2.5,2.5,2.5,0.5,1.5,0.5,1.5,0.5,1.5,0.5,1.5,2.5,2.5,2.5,2.5,2.5,2.5,1.5,0.5,0.5,1.5,0.5,1.5,2.5,2.5,2.5,2.5,0.5,1.5,2.5,2.5,2.5,2.5,2.5,2.5,2.5,2.5,2.5,2.5,1.5,0.5,1.5,0.5,1.5,0.5,1.5,1.5,2.5,2.5,2.5,2.5,2.5,2.5,2.5,2.5,2.5,2.5,2.5,2.5,2.5,2.5,2.5,2.5
10.60970618,76.95435981,-165.6851488,0.5,1.5,0.5,1.5,0.5,1.5,2.5,2.5,2.5,2.5,0.5,1.5,0.5,1.5,0.5,1.5,0.5,1.5,2.5,2.5,0.5,1.5,2.5,2.5,1.5,0.5,1.5,0.5,1.5,0.5,1.5,0.5,1.5,1.5,2.5,2.5,2.5,2.5,2.5,2.5,2.5,2.5,2.5,2.5,2.5,2.5,2.5,2.5,2.5,2.5,2.5,2.5,2.5,2.5,2.5,2.5,2.5,2.5,2.5,2.5,2.5,2.5,2.5,2.5,2.5,2.5,2.5,2.5,2.5,2.5
-9.703617769,57.47988978,51.85077159,0.5,1.5,0.5,1.5,0.5,1.5,2.5,2.5,2.5,2.5,0.5,1.5,0.5,1.5,0.5,1.5,0.5,1.5,2.5,2.5,2.5,2.5,2.5,2.5,1.5,0.5,0.5,1.5,0.5,1.5,2.5,2.5,2.5,2.5,0.5,1.5,2.5,2.5,2.5,2.5,2.5,2.5,2.5,2.5,2.5,2.5,0.5,1.5,2.5,2.5,2.5,2.5,2.5,2.5,2.5,2.5,1.5,0.5,1.5,0.5,1.5,1.5,2.5,2.5,2.5,2.5,2.5,2.5,2.5,2.5
-58.86024395,59.5812,-38.89203604,0.5,1.5,0.5,1.5,0.5,1.5,2.5,2.5,2.5,2.5,0.5,1.5,0.5,1.5,0.5,1.5,0.5,1.5,2.5,2.5,2.5,2.5,2.5,2.5,1.5,0.5,0.5,1.5,0.5,1.5,2.5,2.5,2.5,2.5,0.5,1.5,2.5,2.5,2.5,2.5,2.5,2.5,2.5,2.5,2.5,2.5,1.5,0.5,1.5,0.5,1.5,0.5,1.5,1.5,2.5,2.5,2.5,2.5,2.5,2.5,2.5,2.5,2.5,2.5,2.5,2.5,2.5,2.5,2.5,2.5
-96.02903784,53.48530894,-118.8982771,0.5,1.5,0.5,1.5,0.5,1.5,2.5,2.5,2.5,2.5,0.5,1.5,0.5,1.5,0.5,1.5,0.5,1.5,2.5,2.5,2.5,2.5,2.5,2.5,1.5,0.5,0.5,1.5,0.5,1.5,2.5,2.5,2.5,2.5,0.5,1.5,2.5,2.5,2.5,2.5,2.5,2.5,2.5,2.5,2.5,2.5,1.5,0.5,1.5,0.5,1.5,0.5,1.5,1.5,2.5,2.5,2.5,2.5,2.5,2.5,2.5,2.5,2.5,2.5,2.5,2.5,2.5,2.5,2.5,2.5
-34.97492504,29.88383374,-61.55037845,0.5,1.5,0.5,1.5,0.5,1.5,2.5,2.5,2.5,2.5,0.5,1.5,0.5,1.5,0.5,1.5,0.5,1.5,2.5,2.5,2.5,2.5,2.5,2.5,1.5,0.5,0.5,1.5,0.5,1.5,2.5,2.5,2.5,2.5,0.5,1.5,2.5,2.5,2.5,2.5,2.5,2.5,2.5,2.5,2.5,2.5,1.5,0.5,1.5,0.5,1.5,0.5,1.5,1.5,2.5,2.5,2.5,2.5,2.5,2.5,2.5,2.5,2.5,2.5,2.5,2.5,2.5,2.5,2.5,2.5
-92.44210933,44.97220888,-79.26516209,0.5,1.5,0.5,1.5,0.5,1.5,2.5,2.5,2.5,2.5,0.5,1.5,0.5,1.5,0.5,1.5,0.5,1.5,2.5,2.5,2.5,2.5,2.5,2.5,1.5,0.5,0.5,1.5,0.5,1.5,2.5,2.5,2.5,2.5,0.5,1.5,2.5,2.5,2.5,2.5,2.5,2.5,2.5,2.5,2.5,2.5,1.5,0.5,1.5,0.5,1.5,0.5,1.5,1.5,2.5,2.5,2.5,2.5,2.5,2.5,2.5,2.5,2.5,2.5,2.5,2.5,2.5,2.5,2.5,2.5
-35.77826473,71.3927914,43.65072605,0.5,1.5,0.5,1.5,0.5,1.5,2.5,2.5,2.5,2.5,0.5,1.5,0.5,1.5,0.5,1.5,0.5,1.5,2.5,2.5,2.5,2.5,2.5,2.5,1.5,0.5,0.5,1.5,0.5,1.5,2.5,2.5,2.5,2.5,0.5,1.5,2.5,2.5,2.5,2.5,2.5,2.5,2.5,2.5,2.5,2.5,0.5,1.5,2.5,2.5,2.5,2.5,2.5,2.5,2.5,2.5,1.5,0.5,1.5,0.5,1.5,1.5,2.5,2.5,2.5,2.5,2.5,2.5,2.5,2.5
-37.09845838,97.11004868,-108.452318,0.5,1.5,0.5,1.5,0.5,1.5,2.5,2.5,2.5,2.5,0.5,1.5,0.5,1.5,0.5,1.5,0.5,1.5,2.5,2.5,2.5,2.5,2.5,2.5,1.5,0.5,0.5,1.5,0.5,1.5,2.5,2.5,2.5,2.5,0.5,1.5,2.5,2.5,2.5,2.5,2.5,2.5,2.5,2.5,2.5,2.5,1.5,0.5,1.5,0.5,1.5,0.5,1.5,1.5,2.5,2.5,2.5,2.5,2.5,2.5,2.5,2.5,2.5,2.5,2.5,2.5,2.5,2.5,2.5,2.5
-19.95429869,40.25413767,-144.1945462,0.5,1.5,0.5,1.5,0.5,1.5,2.5,2.5,2.5,2.5,0.5,1.5,0.5,1.5,0.5,1.5,0.5,1.5,2.5,2.5,2.5,2.5,2.5,2.5,1.5,0.5,0.5,1.5,0.5,1.5,2.5,2.5,2.5,2.5,0.5,1.5,2.5,2.5,2.5,2.5,2.5,2.5,2.5,2.5,2.5,2.5,1.5,0.5,1.5,0.5,1.5,0.5,1.5,1.5,2.5,2.5,2.5,2.5,2.5,2.5,2.5,2.5,2.5,2.5,2.5,2.5,2.5,2.5,2.5,2.5
22.66762418,14.3031755,-5.294839974,0.5,1.5,0.5,1.5,0.5,1.5,2.5,2.5,2.5,2.5,0.5,1.5,0.5,1.5,0.5,1.5,0.5,1.5,2.5,2.5,2.5,2.5,2.5,2.5,1.5,0.5,0.5,1.5,0.5,1.5,2.5,2.5,2.5,2.5,0.5,1.5,2.5,2.5,2.5,2.5,2.5,2.5,2.5,2.5,2.5,2.5,0.5,1.5,2.5,2.5,2.5,2.5,2.5,2.5,2.5,2.5,1.5,0.5,1.5,0.5,1.5,1.5,2.5,2.5,2.5,2.5,2.5,2.5,2.5,2.5
-65.64502734,46.66833376,-163.7195697,0.5,1.5,0.5,1.5,0.5,1.5,2.5,2.5,2.5,2.5,0.5,1.5,0.5,1.5,0.5,1.5,0.5,1.5,2.5,2.5,2.5,2.5,2.5,2.5,1.5,0.5,0.5,1.5,0.5,1.5,2.5,2.5,2.5,2.5,0.5,1.5,2.5,2.5,2.5,2.5,2.5,2.5,2.5,2.5,2.5,2.5,1.5,0.5,1.5,0.5,1.5,0.5,1.5,1.5,2.5,2.5,2.5,2.5,2.5,2.5,2.5,2.5,2.5,2.5,2.5,2.5,2.5,2.5,2.5,2.5
-34.99940817,56.45990517,-156.7771044,0.5,1.5,0.5,1.5,0.5,1.5,2.5,2.5,2.5,2.5,0.5,1.5,0.5,1.5,0.5,1.5,0.5,1.5,2.5,2.5,2.5,2.5,2.5,2.5,1.5,0.5,0.5,1.5,0.5,1.5,2.5,2.5,2.5,2.5,0.5,1.5,2.5,2.5,2.5,2.5,2.5,2.5,2.5,2.5,2.5,2.5,1.5,0.5,1.5,0.5,1.5,0.5,1.5,1.5,2.5,2.5,2.5,2.5,2.5,2.5,2.5,2.5,2.5,2.5,2.5,2.5,2.5,2.5,2.5,2.5
93.33455343,68.28441927,-60.13008419,0.5,1.5,0.5,1.5,0.5,1.5,2.5,2.5,2.5,2.5,0.5,1.5,0.5,1.5,0.5,1.5,0.5,1.5,2.5,2.5,2.5,2.5,2.5,2.5,1.5,0.5,0.5,1.5,0.5,1.5,2.5,2.5,2.5,2.5,0.5,1.5,2.5,2.5,2.5,2.5,2.5,2.5,2.5,2.5,2.5,2.5,0.5,1.5,2.5,2.5,2.5,2.5,2.5,2.5,2.5,2.5,1.5,0.5,1.5,0.5,1.5,1.5,2.5,2.5,2.5,2.5,2.5,2.5,2.5,2.5
-97.64008977,30.20957183,1.472852596,0.5,1.5,0.5,1.5,0.5,1.5,2.5,2.5,2.5,2.5,0.5,1.5,0.5,1.5,0.5,1.5,0.5,1.5,2.5,2.5,2.5,2.5,2.5,2.5,1.5,0.5,0.5,1.5,0.5,1.5,2.5,2.5,2.5,2.5,0.5,1.5,2.5,2.5,2.5,2.5,2.5,2.5,2.5,2.5,2.5,2.5,0.5,1.5,2.5,2.5,2.5,2.5,2.5,2.5,2.5,2.5,1.5,0.5,1.5,0.5,1.5,1.5,2.5,2.5,2.5,2.5,2.5,2.5,2.5,2.5
34.77794483,32.53044572,-30.12096462,0.5,1.5,0.5,1.5,0.5,1.5,2.5,2.5,2.5,2.5,0.5,1.5,1.5,0.5,2.5,2.5,2.5,2.5,2.5,2.5,2.5,2.5,2.5,2.5,2.5,2.5,2.5,2.5,2.5,2.5,2.5,2.5,2.5,2.5,2.5,2.5,2.5,2.5,2.5,2.5,2.5,2.5,2.5,2.5,2.5,2.5,2.5,2.5,2.5,2.5,2.5,2.5,2.5,2.5,2.5,2.5,2.5,2.5,2.5,2.5,2.5,2.5,2.5,2.5,2.5,2.5,2.5,2.5,2.5,2.5
-59.42195632,71.83072319,-26.38555504,0.5,1.5,0.5,1.5,0.5,1.5,2.5,2.5,2.5,2.5,0.5,1.5,0.5,1.5,0.5,1.5,0.5,1.5,2.5,2.5,2.5,2.5,2.5,2.5,1.5,0.5,0.5,1.5,0.5,1.5,2.5,2.5,2.5,2.5,0.5,1.5,2.5,2.5,2.5,2.5,2.5,2.5,2.5,2.5,2.5,2.5,1.5,0.5,1.5,0.5,1.5,0.5,1.5,1.5,2.5,2.5,2.5,2.5,2.5,2.5,2.5,2.5,2.5,2.5,2.5,2.5,2.5,2.5,2.5,2.5
-15.5546925,24.93275256,1.267021451,0.5,1.5,0.5,1.5,0.5,1.5,2.5,2.5,2.5,2.5,0.5,1.5,0.5,1.5,0.5,1.5,0.5,1.5,2.5,2.5,2.5,2.5,2.5,2.5,1.5,0.5,0.5,1.5,0.5,1.5,2.5,2.5,2.5,2.5,0.5,1.5,2.5,2.5,2.5,2.5,2.5,2.5,2.5,2.5,2.5,2.5,0.5,1.5,2.5,2.5,2.5,2.5,2.5,2.5,2.5,2.5,1.5,0.5,1.5,0.5,1.5,1.5,2.5,2.5,2.5,2.5,2.5,2.5,2.5,2.5
-2.120767793,82.38384293,-40.04269894,0.5,1.5,0.5,1.5,0.5,1.5,2.5,2.5,2.5,2.5,0.5,1.5,1.5,0.5,2.5,2.5,2.5,2.5,2.5,2.5,2.5,2.5,2.5,2.5,2.5,2.5,2.5,2.5,2.5,2.5,2.5,2.5,2.5,2.5,2.5,2.5,2.5,2.5,2.5,2.5,2.5,2.5,2.5,2.5,2.5,2.5,2.5,2.5,2.5,2.5,2.5,2.5,2.5,2.5,2.5,2.5,2.5,2.5,2.5,2.5,2.5,2.5,2.5,2.5,2.5,2.5,2.5,2.5,2.5,2.5
-38.69753022,30.02831467,-72.770695,0.5,1.5,0.5,1.5,0.5,1.5,2.5,2.5,2.5,2.5,0.5,1.5,0.5,1.5,0.5,1.5,0.5,1.5,2.5,2.5,2.5,2.5,2.5,2.5,1.5,0.5,0.5,1.5,0.5,1.5,2.5,2.5,2.5,2.5,0.5,1.5,2.5,2.5,2.5,2.5,2.5,2.5,2.5,2.5,2.5,2.5,1.5,0.5,1.5,0.5,1.5,0.5,1.5,1.5,2.5,2.5,2.5,2.5,2.5,2.5,2.5,2.5,2.5,2.5,2.5,2.5,2.5,2.5,2.5,2.5
74.44787219,39.86177208,-175.6648043,0.5,1.5,0.5,1.5,0.5,1.5,2.5,2.5,2.5,2.5,0.5,1.5,0.5,1.5,0.5,1.5,0.5,1.5,2.5,2.5,2.5,2.5,2.5,2.5,1.5,0.5,0.5,1.5,0.5,1.5,2.5,2.5,2.5,2.5,0.5,1.5,2.5,2.5,2.5,2.5,2.5,2.5,2.5,2.5,2.5,2.5,0.5,1.5,2.5,2.5,2.5,2.5,2.5,2.5,2.5,2.5,0.5,1.5,2.5,2.5,1.5,1.5,2.5,2.5,2.5,2.5,2.5,2.5,2.5,2.5
-16.71055257,48.29765162,-26.12328606,0.5,1.5,0.5,1.5,0.5,1.5,2.5,2.5,2.5,2.5,0.5,1.5,0.5,1.5,0.5,1.5,0.5,1.5,2.5,2.5,2.5,2.5,2.5,2.5,1.5,0.5,0.5,1.5,0.5,1.5,2.5,2.5,2.5,2.5,0.5,1.5,2.5,2.5,2.5,2.5,2.5,2.5,2.5,2.5,2.5,2.5,1.5,0.5,1.5,0.5,1.5,0.5,1.5,1.5,2.5,2.5,2.5,2.5,2.5,2.5,2.5,2.5,2.5,2.5,2.5,2.5,2.5,2.5,2.5,2.5
99.88393726,50.10368702,190.253887,0.5,1.5,0.5,1.5,0.5,1.5,2.5,2.5,2.5,2.5,0.5,1.5,0.5,1.5,0.5,1.5,0.5,1.5,2.5,2.5,2.5,2.5,2.5,2.5,1.5,0.5,0.5,1.5,0.5,1.5,2.5,2.5,2.5,2.5,0.5,1.5,2.5,2.5,2.5,2.5,2.5,2.5,2.5,2.5,2.5,2.5,1.5,0.5,1.5,0.5,1.5,0.5,1.5,1.5,2.5,2.5,2.5,2.5,2.5,2.5,2.5,2.5,2.5,2.5,2.5,2.5,2.5,2.5,2.5,2.5
-45.53844829,33.75345545,-171.08332,0.5,1.5,0.5,1.5,0.5,1.5,2.5,2.5,2.5,2.5,0.5,1.5,0.5,1.5,0.5,1.5,0.5,1.5,2.5,2.5,2.5,2.5,2.5,2.5,1.5,0.5,0.5,1.5,0.5,1.5,2.5,2.5,2.5,2.5,0.5,1.5,2.5,2.5,2.5,2.5,2.5,2.5,2.5,2.5,2.5,2.5,1.5,0.5,1.5,0.5,1.5,0.5,1.5,1.5,2.5,2.5,2.5,2.5,2.5,2.5,2.5,2.5,2.5,2.5,2.5,2.5,2.5,2.5,2.5,2.5
70.06242702,45.70034671,122.160667,0.5,1.5,0.5,1.5,0.5,1.5,2.5,2.5,2.5,2.5,0.5,1.5,0.5,1.5,0.5,1.5,0.5,1.5,2.5,2.5,2.5,2.5,2.5,2.5,1.5,0.5,0.5,1.5,0.5,1.5,2.5,2.5,2.5,2.5,0.5,1.5,2.5,2.5,2.5,2.5,2.5,2.5,2.5,2.5,2.5,2.5,1.5,0.5,1.5,0.5,1.5,0.5,1.5,1.5,2.5,2.5,2.5,2.5,2.5,2.5,2.5,2.5,2.5,2.5,2.5,2.5,2.5,2.5,2.5,2.5
-45.72305469,37.23013565,169.1457288,0.5,1.5,0.5,1.5,0.5,1.5,2.5,2.5,2.5,2.5,0.5,1.5,0.5,1.5,0.5,1.5,0.5,1.5,2.5,2.5,2.5,2.5,2.5,2.5,1.5,0.5,0.5,1.5,0.5,1.5,2.5,2.5,2.5,2.5,0.5,1.5,2.5,2.5,2.5,2.5,2.5,2.5,2.5,2.5,2.5,2.5,0.5,1.5,2.5,2.5,2.5,2.5,2.5,2.5,2.5,2.5,0.5,1.5,2.5,2.5,1.5,1.5,2.5,2.5,2.5,2.5,2.5,2.5,2.5,2.5
-84.16953059,82.43705625,-114.7239496,0.5,1.5,0.5,1.5,0.5,1.5,2.5,2.5,2.5,2.5,0.5,1.5,0.5,1.5,0.5,1.5,0.5,1.5,2.5,2.5,2.5,2.5,2.5,2.5,1.5,0.5,0.5,1.5,0.5,1.5,2.5,2.5,2.5,2.5,0.5,1.5,2.5,2.5,2.5,2.5,2.5,2.5,2.5,2.5,2.5,2.5,1.5,0.5,1.5,0.5,1.5,0.5,1.5,1.5,2.5,2.5,2.5,2.5,2.5,2.5,2.5,2.5,2.5,2.5,2.5,2.5,2.5,2.5,2.5,2.5
-82.91692639,15.5757195,-91.7488555,0.5,1.5,0.5,1.5,0.5,1.5,2.5,2.5,2.5,2.5,0.5,1.5,0.5,1.5,0.5,1.5,0.5,1.5,2.5,2.5,2.5,2.5,2.5,2.5,1.5,0.5,0.5,1.5,0.5,1.5,2.5,2.5,2.5,2.5,0.5,1.5,2.5,2.5,2.5,2.5,2.5,2.5,2.5,2.5,2.5,2.5,1.5,0.5,1.5,0.5,1.5,0.5,1.5,1.5,2.5,2.5,2.5,2.5,2.5,2.5,2.5,2.5,2.5,2.5,2.5,2.5,2.5,2.5,2.5,2.5
94.79630165,27.27626643,-163.616504,0.5,1.5,0.5,1.5,0.5,1.5,2.5,2.5,2.5,2.5,0.5,1.5,0.5,1.5,0.5,1.5,0.5,1.5,2.5,2.5,2.5,2.5,2.5,2.5,1.5,0.5,0.5,1.5,0.5,1.5,2.5,2.5,2.5,2.5,0.5,1.5,2.5,2.5,2.5,2.5,2.5,2.5,2.5,2.5,2.5,2.5,0.5,1.5,2.5,2.5,2.5,2.5,2.5,2.5,2.5,2.5,0.5,1.5,2.5,2.5,1.5,1.5,2.5,2.5,2.5,2.5,2.5,2.5,2.5,2.5
-6.174264125,88.79122114,-33.79235801,0.5,1.5,0.5,1.5,0.5,1.5,2.5,2.5,2.5,2.5,0.5,1.5,0.5,1.5,0.5,1.5,0.5,1.5,2.5,2.5,2.5,2.5,2.5,2.5,1.5,0.5,0.5,1.5,0.5,1.5,2.5,2.5,2.5,2.5,0.5,1.5,2.5,2.5,2.5,2.5,2.5,2.5,2.5,2.5,2.5,2.5,1.5,0.5,1.5,0.5,1.5,0.5,1.5,1.5,2.5,2.5,2.5,2.5,2.5,2.5,2.5,2.5,2.5,2.5,2.5,2.5,2.5,2.5,2.5,2.5
-39.10175267,44.59846781,-154.6482741,0.5,1.5,0.5,1.5,0.5,1.5,2.5,2.5,2.5,2.5,0.5,1.5,0.5,1.5,0.5,1.5,0.5,1.5,2.5,2.5,2.5,2.5,2.5,2.5,1.5,0.5,0.5,1.5,0.5,1.5,2.5,2.5,2.5,2.5,0.5,1.5,2.5,2.5,2.5,2.5,2.5,2.5,2.5,2.5,2.5,2.5,1.5,0.5,1.5,0.5,1.5,0.5,1.5,1.5,2.5,2.5,2.5,2.5,2.5,2.5,2.5,2.5,2.5,2.5,2.5,2.5,2.5,2.5,2.5,2.5
-76.12292273,38.02802457,-139.3115727,0.5,1.5,0.5,1.5,0.5,1.5,2.5,2.5,2.5,2.5,0.5,1.5,0.5,1.5,0.5,1.5,0.5,1.5,2.5,2.5,2.5,2.5,2.5,2.5,1.5,0.5,0.5,1.5,0.5,1.5,2.5,2.5,2.5,2.5,0.5,1.5,2.5,2.5,2.5,2.5,2.5,2.5,2.5,2.5,2.5,2.5,1.5,0.5,1.5,0.5,1.5,0.5,1.5,1.5,2.5,2.5,2.5,2.5,2.5,2.5,2.5,2.5,2.5,2.5,2.5,2.5,2.5,2.5,2.5,2.5
70.52278729,75.95093683,-106.8942578,0.5,1.5,0.5,1.5,0.5,1.5,2.5,2.5,2.5,2.5,0.5,1.5,0.5,1.5,0.5,1.5,0.5,1.5,2.5,2.5,0.5,1.5,2.5,2.5,1.5,0.5,1.5,0.5,1.5,0.5,1.5,0.5,1.5,1.5,2.5,2.5,2.5,2.5,2.5,2.5,2.5,2.5,2.5,2.5,2.5,2.5,2.5,2.5,2.5,2.5,2.5,2.5,2.5,2.5,2.5,2.5,2.5,2.5,2.5,2.5,2.5,2.5,2.5,2.5,2.5,2.5,2.5,2.5,2.5,2.5
-65.40635555,19.44298004,196.2137058,0.5,1.5,0.5,1.5,0.5,1.5,2.5,2.5,2.5,2.5,0.5,1.5,0.5,1.5,0.5,1.5,0.5,1.5,2.5,2.5,2.5,2.5,2.5,2.5,1.5,0.5,0.5,1.5,0.5,1.5,2.5,2.5,2.5,2.5,0.5,1.5,2.5,2.5,2.5,2.5,2.5,2.5,2.5,2.5,2.5,2.5,0.5,1.5,2.5,2.5,2.5,2.5,2.5,2.5,2.5,2.5,0.5,1.5,2.5,2.5,1.5,1.5,2.5,2.5,2.5,2.5,2.5,2.5,2.5,2.5
-66.2219383,91.4374575,-143.7118713,0.5,1.5,0.5,1.5,0.5,1.5,2.5,2.5,2.5,2.5,0.5,1.5,0.5,1.5,0.5,1.5,0.5,1.5,2.5,2.5,2.5,2.5,2.5,2.5,1.5,0.5,0.5,1.5,0.5,1.5,2.5,2.5,2.5,2.5,0.5,1.5,2.5,2.5,2.5,2.5,2.5,2.5,2.5,2.5,2.5,2.5,1.5,0.5,1.5,0.5,1.5,0.5,1.5,1.5,2.5,2.5,2.5,2.5,2.5,2.5,2.5,2.5,2.5,2.5,2.5,2.5,2.5,2.5,2.5,2.5
27.29341172,88.16957832,13.06866244,0.5,1.5,0.5,1.5,0.5,1.5,2.5,2.5,2.5,2.5,0.5,1.5,0.5,1.5,0.5,1.5,0.5,1.5,2.5,2.5,0.5,1.5,2.5,2.5,1.5,0.5,1.5,0.5,1.5,0.5,1.5,0.5,1.5,1.5,2.5,2.5,2.5,2.5,2.5,2.5,2.5,2.5,2.5,2.5,2.5,2.5,2.5,2.5,2.5,2.5,2.5,2.5,2.5,2.5,2.5,2.5,2.5,2.5,2.5,2.5,2.5,2.5,2.5,2.5,2.5,2.5,2.5,2.5,2.5,2.5
8.478617809,75.85372302,23.25041141,0.5,1.5,0.5,1.5,0.5,1.5,2.5,2.5,2.5,2.5,0.5,1.5,0.5,1.5,0.5,1.5,0.5,1.5,2.5,2.5,0.5,1.5,2.5,2.5,1.5,0.5,1.5,0.5,1.5,0.5,1.5,0.5,1.5,1.5,2.5,2.5,2.5,2.5,2.5,2.5,2.5,2.5,2.5,2.5,2.5,2.5,2.5,2.5,2.5,2.5,2.5,2.5,2.5,2.5,2.5,2.5,2.5,2.5,2.5,2.5,2.5,2.5,2.5,2.5,2.5,2.5,2.5,2.5,2.5,2.5
-22.21601423,26.45778823,-18.65953221,0.5,1.5,0.5,1.5,0.5,1.5,2.5,2.5,2.5,2.5,0.5,1.5,0.5,1.5,0.5,1.5,0.5,1.5,2.5,2.5,2.5,2.5,2.5,2.5,1.5,0.5,0.5,1.5,0.5,1.5,2.5,2.5,2.5,2.5,0.5,1.5,2.5,2.5,2.5,2.5,2.5,2.5,2.5,2.5,2.5,2.5,1.5,0.5,1.5,0.5,1.5,0.5,1.5,1.5,2.5,2.5,2.5,2.5,2.5,2.5,2.5,2.5,2.5,2.5,2.5,2.5,2.5,2.5,2.5,2.5
38.75397913,21.19880518,44.22909929,0.5,1.5,0.5,1.5,0.5,1.5,2.5,2.5,2.5,2.5,0.5,1.5,0.5,1.5,0.5,1.5,0.5,1.5,2.5,2.5,2.5,2.5,2.5,2.5,1.5,0.5,0.5,1.5,0.5,1.5,2.5,2.5,2.5,2.5,0.5,1.5,2.5,2.5,2.5,2.5,2.5,2.5,2.5,2.5,2.5,2.5,1.5,0.5,1.5,0.5,1.5,0.5,1.5,1.5,2.5,2.5,2.5,2.5,2.5,2.5,2.5,2.5,2.5,2.5,2.5,2.5,2.5,2.5,2.5,2.5
-38.10574418,22.14663034,-123.0659423,0.5,1.5,0.5,1.5,0.5,1.5,2.5,2.5,2.5,2.5,0.5,1.5,0.5,1.5,0.5,1.5,0.5,1.5,2.5,2.5,2.5,2.5,2.5,2.5,1.5,0.5,0.5,1.5,0.5,1.5,2.5,2.5,2.5,2.5,0.5,1.5,2.5,2.5,2.5,2.5,2.5,2.5,2.5,2.5,2.5,2.5,1.5,0.5,1.5,0.5,1.5,0.5,1.5,1.5,2.5,2.5,2.5,2.5,2.5,2.5,2.5,2.5,2.5,2.5,2.5,2.5,2.5,2.5,2.5,2.5
12.23645635,47.0646796,12.84754297,0.5,1.5,0.5,1.5,0.5,1.5,2.5,2.5,2.5,2.5,0.5,1.5,0.5,1.5,0.5,1.5,0.5,1.5,2.5,2.5,0.5,1.5,2.5,2.5,1.5,0.5,1.5,0.5,1.5,0.5,1.5,0.5,1.5,1.5,2.5,2.5,2.5,2.5,2.5,2.5,2.5,2.5,2.5,2.5,2.5,2.5,2.5,2.5,2.5,2.5,2.5,2.5,2.5,2.5,2.5,2.5,2.5,2.5,2.5,2.5,2.5,2.5,2.5,2.5,2.5,2.5,2.5,2.5,2.5,2.5
-97.73958158,49.85761882,-147.0204854,0.5,1.5,0.5,1.5,0.5,1.5,2.5,2.5,2.5,2.5,0.5,1.5,0.5,1.5,0.5,1.5,0.5,1.5,2.5,2.5,2.5,2.5,2.5,2.5,1.5,0.5,0.5,1.5,0.5,1.5,2.5,2.5,2.5,2.5,0.5,1.5,2.5,2.5,2.5,2.5,2.5,2.5,2.5,2.5,2.5,2.5,1.5,0.5,1.5,0.5,1.5,0.5,1.5,1.5,2.5,2.5,2.5,2.5,2.5,2.5,2.5,2.5,2.5,2.5,2.5,2.5,2.5,2.5,2.5,2.5
69.22138644,31.31933755,26.61999439,0.5,1.5,0.5,1.5,0.5,1.5,2.5,2.5,2.5,2.5,0.5,1.5,0.5,1.5,0.5,1.5,0.5,1.5,2.5,2.5,2.5,2.5,2.5,2.5,1.5,0.5,0.5,1.5,0.5,1.5,2.5,2.5,2.5,2.5,0.5,1.5,2.5,2.5,2.5,2.5,2.5,2.5,2.5,2.5,2.5,2.5,1.5,0.5,1.5,0.5,1.5,0.5,1.5,1.5,2.5,2.5,2.5,2.5,2.5,2.5,2.5,2.5,2.5,2.5,2.5,2.5,2.5,2.5,2.5,2.5
-38.32193577,76.7160717,189.7140022,0.5,1.5,0.5,1.5,0.5,1.5,2.5,2.5,2.5,2.5,0.5,1.5,0.5,1.5,0.5,1.5,0.5,1.5,2.5,2.5,2.5,2.5,2.5,2.5,1.5,0.5,0.5,1.5,0.5,1.5,2.5,2.5,2.5,2.5,0.5,1.5,2.5,2.5,2.5,2.5,2.5,2.5,2.5,2.5,2.5,2.5,0.5,1.5,2.5,2.5,2.5,2.5,2.5,2.5,2.5,2.5,0.5,1.5,2.5,2.5,1.5,1.5,2.5,2.5,2.5,2.5,2.5,2.5,2.5,2.5
94.51329218,64.12040755,5.921733989,0.5,1.5,0.5,1.5,0.5,1.5,2.5,2.5,2.5,2.5,0.5,1.5,0.5,1.5,0.5,1.5,0.5,1.5,2.5,2.5,2.5,2.5,2.5,2.5,1.5,0.5,0.5,1.5,0.5,1.5,2.5,2.5,2.5,2.5,0.5,1.5,2.5,2.5,2.5,2.5,2.5,2.5,2.5,2.5,2.5,2.5,1.5,0.5,1.5,0.5,1.5,0.5,1.5,1.5,2.5,2.5,2.5,2.5,2.5,2.5,2.5,2.5,2.5,2.5,2.5,2.5,2.5,2.5,2.5,2.5
66.96365702,71.45623972,-141.1267071,0.5,1.5,0.5,1.5,0.5,1.5,2.5,2.5,2.5,2.5,0.5,1.5,0.5,1.5,0.5,1.5,0.5,1.5,2.5,2.5,0.5,1.5,2.5,2.5,1.5,0.5,1.5,0.5,1.5,0.5,1.5,0.5,1.5,1.5,2.5,2.5,2.5,2.5,2.5,2.5,2.5,2.5,2.5,2.5,2.5,2.5,2.5,2.5,2.5,2.5,2.5,2.5,2.5,2.5,2.5,2.5,2.5,2.5,2.5,2.5,2.5,2.5,2.5,2.5,2.5,2.5,2.5,2.5,2.5,2.5
-63.14798766,45.16242336,-102.0777444,0.5,1.5,0.5,1.5,0.5,1.5,2.5,2.5,2.5,2.5,0.5,1.5,0.5,1.5,0.5,1.5,0.5,1.5,2.5,2.5,2.5,2.5,2.5,2.5,1.5,0.5,0.5,1.5,0.5,1.5,2.5,2.5,2.5,2.5,0.5,1.5,2.5,2.5,2.5,2.5,2.5,2.5,2.5,2.5,2.5,2.5,1.5,0.5,1.5,0.5,1.5,0.5,1.5,1.5,2.5,2.5,2.5,2.5,2.5,2.5,2.5,2.5,2.5,2.5,2.5,2.5,2.5,2.5,2.5,2.5
7.77406019,57.7448437,-165.5602543,0.5,1.5,0.5,1.5,0.5,1.5,2.5,2.5,2.5,2.5,0.5,1.5,0.5,1.5,0.5,1.5,0.5,1.5,2.5,2.5,0.5,1.5,2.5,2.5,1.5,0.5,1.5,0.5,1.5,0.5,1.5,0.5,1.5,1.5,2.5,2.5,2.5,2.5,2.5,2.5,2.5,2.5,2.5,2.5,2.5,2.5,2.5,2.5,2.5,2.5,2.5,2.5,2.5,2.5,2.5,2.5,2.5,2.5,2.5,2.5,2.5,2.5,2.5,2.5,2.5,2.5,2.5,2.5,2.5,2.5
-95.40047827,56.50557709,-144.9549389,0.5,1.5,0.5,1.5,0.5,1.5,2.5,2.5,2.5,2.5,0.5,1.5,0.5,1.5,0.5,1.5,0.5,1.5,2.5,2.5,2.5,2.5,2.5,2.5,1.5,0.5,0.5,1.5,0.5,1.5,2.5,2.5,2.5,2.5,0.5,1.5,2.5,2.5,2.5,2.5,2.5,2.5,2.5,2.5,2.5,2.5,1.5,0.5,1.5,0.5,1.5,0.5,1.5,1.5,2.5,2.5,2.5,2.5,2.5,2.5,2.5,2.5,2.5,2.5,2.5,2.5,2.5,2.5,2.5,2.5
-69.17605487,47.67716619,-172.6192013,0.5,1.5,0.5,1.5,0.5,1.5,2.5,2.5,2.5,2.5,0.5,1.5,0.5,1.5,0.5,1.5,0.5,1.5,2.5,2.5,2.5,2.5,2.5,2.5,1.5,0.5,0.5,1.5,0.5,1.5,2.5,2.5,2.5,2.5,0.5,1.5,2.5,2.5,2.5,2.5,2.5,2.5,2.5,2.5,2.5,2.5,1.5,0.5,1.5,0.5,1.5,0.5,1.5,1.5,2.5,2.5,2.5,2.5,2.5,2.5,2.5,2.5,2.5,2.5,2.5,2.5,2.5,2.5,2.5,2.5