ç,n,x1,b163,b164,b165,b166,b167,b168,b169,b170,b171,b172,b173,b174,b175,b176,b177,b178,b179,b180,b181,b182,b183,b184,b185,b186,b187,b188,b189,b190,b191,b192,b193,b194,b195,b196,b197,b198,b199,b200,b201,b202,b203,b204,b205,b206,b207,b208,b209,b210,b211,b212,b213,b214,b215,b216,b217,b218,b219,b220,b221,b222,b223,b224,b225,b226,b227,b228,b229,b230,b231,b232,label
87.80670792,61.88672454,197.5655089,1.5,2.5,1.5,2.5,1.5,2.5,0.5,0.5,0.5,0.5,1.5,2.5,1.5,2.5,1.5,2.5,1.5,2.5,0.5,0.5,0.5,0.5,0.5,0.5,2.5,1.5,1.5,2.5,1.5,2.5,0.5,0.5,0.5,0.5,1.5,2.5,0.5,0.5,0.5,0.5,0.5,0.5,0.5,0.5,0.5,0.5,2.5,1.5,2.5,1.5,2.5,1.5,7.5,2.5,0.5,0.5,0.5,0.5,0.5,0.5,0.5,0.5,0.5,0.5,0.5,0.5,0.5,0.5,0.5,0.5,1
97.83620213,74.79331901,-149.985866,1.5,2.5,1.5,2.5,1.5,2.5,0.5,0.5,0.5,0.5,1.5,2.5,1.5,2.5,1.5,2.5,1.5,2.5,0.5,0.5,0.5,0.5,0.5,0.5,2.5,1.5,1.5,2.5,1.5,2.5,0.5,0.5,0.5,0.5,1.5,2.5,0.5,0.5,0.5,0.5,0.5,0.5,0.5,0.5,0.5,0.5,1.5,2.5,0.5,0.5,0.5,0.5,0.5,0.5,0.5,0.5,1.5,2.5,0.5,0.5,7.5,2.5,0.5,0.5,0.5,0.5,0.5,0.5,0.5,0.5,1
22.23139303,93.35870586,13.46472619,1.5,2.5,1.5,2.5,1.5,2.5,0.5,0.5,0.5,0.5,1.5,2.5,1.5,2.5,1.5,2.5,1.5,2.5,0.5,0.5,1.5,2.5,0.5,0.5,2.5,1.5,2.5,1.5,2.5,1.5,2.5,1.5,7.5,2.5,0.5,0.5,0.5,0.5,0.5,0.5,0.5,0.5,0.5,0.5,0.5,0.5,0.5,0.5,0.5,0.5,0.5,0.5,0.5,0.5,0.5,0.5,0.5,0.5,0.5,0.5,0.5,0.5,0.5,0.5,0.5,0.5,0.5,0.5,0.5,0.5,1
30.67830008,10.68966615,40.11584326,1.5,2.5,1.5,2.5,1.5,2.5,0.5,0.5,0.5,0.5,1.5,2.5,1.5,2.5,1.5,2.5,1.5,2.5,0.5,0.5,0.5,0.5,0.5,0.5,2.5,1.5,1.5,2.5,1.5,2.5,0.5,0.5,0.5,0.5,1.5,2.5,0.5,0.5,0.5,0.5,0.5,0.5,0.5,0.5,0.5,0.5,2.5,1.5,2.5,1.5,2.5,1.5,7.5,2.5,0.5,0.5,0.5,0.5,0.5,0.5,0.5,0.5,0.5,0.5,0.5,0.5,0.5,0.5,0.5,0.5,1
62.20008095,75.63945888,-72.56060443,1.5,2.5,1.5,2.5,1.5,2.5,0.5,0.5,0.5,0.5,1.5,2.5,1.5,2.5,1.5,2.5,1.5,2.5,0.5,0.5,1.5,2.5,0.5,0.5,2.5,1.5,2.5,1.5,2.5,1.5,2.5,1.5,8.5,2.5,0.5,0.5,0.5,0.5,0.5,0.5,0.5,0.5,0.5,0.5,0.5,0.5,0.5,0.5,0.5,0.5,0.5,0.5,0.5,0.5,0.5,0.5,0.5,0.5,0.5,0.5,0.5,0.5,0.5,0.5,0.5,0.5,0.5,0.5,0.5,0.5,1
-34.93464038,27.573641,-154.4329184,1.5,2.5,1.5,2.5,1.5,2.5,0.5,0.5,0.5,0.5,1.5,2.5,1.5,2.5,1.5,2.5,1.5,2.5,0.5,0.5,0.5,0.5,0.5,0.5,2.5,1.5,1.5,2.5,1.5,2.5,0.5,0.5,0.5,0.5,1.5,2.5,0.5,0.5,0.5,0.5,0.5,0.5,0.5,0.5,0.5,0.5,2.5,1.5,2.5,1.5,2.5,1.5,8.5,2.5,0.5,0.5,0.5,0.5,0.5,0.5,0.5,0.5,0.5,0.5,0.5,0.5,0.5,0.5,0.5,0.5,1
52.86022261,62.25348815,-140.3415229,1.5,2.5,1.5,2.5,1.5,2.5,0.5,0.5,0.5,0.5,1.5,2.5,1.5,2.5,1.5,2.5,1.5,2.5,0.5,0.5,1.5,2.5,0.5,0.5,2.5,1.5,2.5,1.5,2.5,1.5,2.5,1.5,8.5,2.5,0.5,0.5,0.5,0.5,0.5,0.5,0.5,0.5,0.5,0.5,0.5,0.5,0.5,0.5,0.5,0.5,0.5,0.5,0.5,0.5,0.5,0.5,0.5,0.5,0.5,0.5,0.5,0.5,0.5,0.5,0.5,0.5,0.5,0.5,0.5,0.5,1
-9.088804476,68.79055218,-134.1221791,1.5,2.5,1.5,2.5,1.5,2.5,0.5,0.5,0.5,0.5,1.5,2.5,1.5,2.5,1.5,2.5,1.5,2.5,0.5,0.5,0.5,0.5,0.5,0.5,2.5,1.5,1.5,2.5,1.5,2.5,0.5,0.5,0.5,0.5,1.5,2.5,0.5,0.5,0.5,0.5,0.5,0.5,0.5,0.5,0.5,0.5,2.5,1.5,2.5,1.5,2.5,1.5,6.5,2.5,0.5,0.5,0.5,0.5,0.5,0.5,0.5,0.5,0.5,0.5,0.5,0.5,0.5,0.5,0.5,0.5,1
82.86756538,96.08512691,-121.9371713,1.5,2.5,1.5,2.5,1.5,2.5,0.5,0.5,0.5,0.5,1.5,2.5,1.5,2.5,1.5,2.5,1.5,2.5,0.5,0.5,1.5,2.5,0.5,0.5,2.5,1.5,2.5,1.5,2.5,1.5,2.5,1.5,8.5,2.5,0.5,0.5,0.5,0.5,0.5,0.5,0.5,0.5,0.5,0.5,0.5,0.5,0.5,0.5,0.5,0.5,0.5,0.5,0.5,0.5,0.5,0.5,0.5,0.5,0.5,0.5,0.5,0.5,0.5,0.5,0.5,0.5,0.5,0.5,0.5,0.5,1
27.02397784,89.35315919,26.46181496,1.5,2.5,1.5,2.5,1.5,2.5,0.5,0.5,0.5,0.5,1.5,2.5,1.5,2.5,1.5,2.5,1.5,2.5,0.5,0.5,1.5,2.5,0.5,0.5,2.5,1.5,2.5,1.5,2.5,1.5,2.5,1.5,7.5,2.5,0.5,0.5,0.5,0.5,0.5,0.5,0.5,0.5,0.5,0.5,0.5,0.5,0.5,0.5,0.5,0.5,0.5,0.5,0.5,0.5,0.5,0.5,0.5,0.5,0.5,0.5,0.5,0.5,0.5,0.5,0.5,0.5,0.5,0.5,0.5,0.5,1
76.38450752,48.00966046,46.18641322,1.5,2.5,1.5,2.5,1.5,2.5,0.5,0.5,0.5,0.5,1.5,2.5,1.5,2.5,1.5,2.5,1.5,2.5,0.5,0.5,0.5,0.5,0.5,0.5,2.5,1.5,1.5,2.5,1.5,2.5,0.5,0.5,0.5,0.5,1.5,2.5,0.5,0.5,0.5,0.5,0.5,0.5,0.5,0.5,0.5,0.5,2.5,1.5,2.5,1.5,2.5,1.5,7.5,2.5,0.5,0.5,0.5,0.5,0.5,0.5,0.5,0.5,0.5,0.5,0.5,0.5,0.5,0.5,0.5,0.5,1
13.08191652,71.73969851,-176.5876623,1.5,2.5,1.5,2.5,1.5,2.5,0.5,0.5,0.5,0.5,1.5,2.5,1.5,2.5,1.5,2.5,1.5,2.5,0.5,0.5,1.5,2.5,0.5,0.5,2.5,1.5,2.5,1.5,2.5,1.5,2.5,1.5,6.5,2.5,0.5,0.5,0.5,0.5,0.5,0.5,0.5,0.5,0.5,0.5,0.5,0.5,0.5,0.5,0.5,0.5,0.5,0.5,0.5,0.5,0.5,0.5,0.5,0.5,0.5,0.5,0.5,0.5,0.5,0.5,0.5,0.5,0.5,0.5,0.5,0.5,1
31.05831386,17.52977813,78.77215196,1.5,2.5,1.5,2.5,1.5,2.5,0.5,0.5,0.5,0.5,1.5,2.5,1.5,2.5,1.5,2.5,1.5,2.5,0.5,0.5,0.5,0.5,0.5,0.5,2.5,1.5,1.5,2.5,1.5,2.5,0.5,0.5,0.5,0.5,1.5,2.5,0.5,0.5,0.5,0.5,0.5,0.5,0.5,0.5,0.5,0.5,2.5,1.5,2.5,1.5,2.5,1.5,6.5,2.5,0.5,0.5,0.5,0.5,0.5,0.5,0.5,0.5,0.5,0.5,0.5,0.5,0.5,0.5,0.5,0.5,1
-43.68666164,85.42719944,-193.2450472,1.5,2.5,1.5,2.5,1.5,2.5,0.5,0.5,0.5,0.5,1.5,2.5,1.5,2.5,1.5,2.5,1.5,2.5,0.5,0.5,0.5,0.5,0.5,0.5,2.5,1.5,1.5,2.5,1.5,2.5,0.5,0.5,0.5,0.5,1.5,2.5,0.5,0.5,0.5,0.5,0.5,0.5,0.5,0.5,0.5,0.5,2.5,1.5,2.5,1.5,2.5,1.5,8.5,2.5,0.5,0.5,0.5,0.5,0.5,0.5,0.5,0.5,0.5,0.5,0.5,0.5,0.5,0.5,0.5,0.5,1
50.11114602,29.25613327,23.72181909,1.5,2.5,1.5,2.5,1.5,2.5,0.5,0.5,0.5,0.5,1.5,2.5,1.5,2.5,1.5,2.5,1.5,2.5,0.5,0.5,0.5,0.5,0.5,0.5,2.5,1.5,1.5,2.5,1.5,2.5,0.5,0.5,0.5,0.5,1.5,2.5,0.5,0.5,0.5,0.5,0.5,0.5,0.5,0.5,0.5,0.5,2.5,1.5,2.5,1.5,2.5,1.5,7.5,2.5,0.5,0.5,0.5,0.5,0.5,0.5,0.5,0.5,0.5,0.5,0.5,0.5,0.5,0.5,0.5,0.5,1
-35.72487973,20.51517368,-178.7772139,1.5,2.5,1.5,2.5,1.5,2.5,0.5,0.5,0.5,0.5,1.5,2.5,1.5,2.5,1.5,2.5,1.5,2.5,0.5,0.5,0.5,0.5,0.5,0.5,2.5,1.5,1.5,2.5,1.5,2.5,0.5,0.5,0.5,0.5,1.5,2.5,0.5,0.5,0.5,0.5,0.5,0.5,0.5,0.5,0.5,0.5,2.5,1.5,2.5,1.5,2.5,1.5,8.5,2.5,0.5,0.5,0.5,0.5,0.5,0.5,0.5,0.5,0.5,0.5,0.5,0.5,0.5,0.5,0.5,0.5,1
-46.29487152,91.83019228,-102.8235192,1.5,2.5,1.5,2.5,1.5,2.5,0.5,0.5,0.5,0.5,1.5,2.5,1.5,2.5,1.5,2.5,1.5,2.5,0.5,0.5,0.5,0.5,0.5,0.5,2.5,1.5,1.5,2.5,1.5,2.5,0.5,0.5,0.5,0.5,1.5,2.5,0.5,0.5,0.5,0.5,0.5,0.5,0.5,0.5,0.5,0.5,2.5,1.5,2.5,1.5,2.5,1.5,8.5,2.5,0.5,0.5,0.5,0.5,0.5,0.5,0.5,0.5,0.5,0.5,0.5,0.5,0.5,0.5,0.5,0.5,1
-11.06279681,74.20531434,-163.6463236,1.5,2.5,1.5,2.5,1.5,2.5,0.5,0.5,0.5,0.5,1.5,2.5,1.5,2.5,1.5,2.5,1.5,2.5,0.5,0.5,0.5,0.5,0.5,0.5,2.5,1.5,1.5,2.5,1.5,2.5,0.5,0.5,0.5,0.5,1.5,2.5,0.5,0.5,0.5,0.5,0.5,0.5,0.5,0.5,0.5,0.5,2.5,1.5,2.5,1.5,2.5,1.5,6.5,2.5,0.5,0.5,0.5,0.5,0.5,0.5,0.5,0.5,0.5,0.5,0.5,0.5,0.5,0.5,0.5,0.5,1
-78.95921593,78.99880242,-0.981601862,1.5,2.5,1.5,2.5,1.5,2.5,0.5,0.5,0.5,0.5,1.5,2.5,1.5,2.5,1.5,2.5,1.5,2.5,0.5,0.5,0.5,0.5,0.5,0.5,2.5,1.5,1.5,2.5,1.5,2.5,0.5,0.5,0.5,0.5,1.5,2.5,0.5,0.5,0.5,0.5,0.5,0.5,0.5,0.5,0.5,0.5,2.5,1.5,2.5,1.5,2.5,1.5,8.5,2.5,0.5,0.5,0.5,0.5,0.5,0.5,0.5,0.5,0.5,0.5,0.5,0.5,0.5,0.5,0.5,0.5,1
-58.87777954,10.44519546,-146.0325817,1.5,2.5,1.5,2.5,1.5,2.5,0.5,0.5,0.5,0.5,1.5,2.5,1.5,2.5,1.5,2.5,1.5,2.5,0.5,0.5,0.5,0.5,0.5,0.5,2.5,1.5,1.5,2.5,1.5,2.5,0.5,0.5,0.5,0.5,1.5,2.5,0.5,0.5,0.5,0.5,0.5,0.5,0.5,0.5,0.5,0.5,2.5,1.5,2.5,1.5,2.5,1.5,8.5,2.5,0.5,0.5,0.5,0.5,0.5,0.5,0.5,0.5,0.5,0.5,0.5,0.5,0.5,0.5,0.5,0.5,1
-54.32452127,49.24727247,31.80410489,1.5,2.5,1.5,2.5,1.5,2.5,0.5,0.5,0.5,0.5,1.5,2.5,1.5,2.5,1.5,2.5,1.5,2.5,0.5,0.5,0.5,0.5,0.5,0.5,2.5,1.5,1.5,2.5,1.5,2.5,0.5,0.5,0.5,0.5,1.5,2.5,0.5,0.5,0.5,0.5,0.5,0.5,0.5,0.5,0.5,0.5,1.5,2.5,0.5,0.5,0.5,0.5,0.5,0.5,0.5,0.5,2.5,1.5,2.5,1.5,8.5,2.5,0.5,0.5,0.5,0.5,0.5,0.5,0.5,0.5,1
-45.2327095,11.74102753,-25.14139654,1.5,2.5,1.5,2.5,1.5,2.5,0.5,0.5,0.5,0.5,1.5,2.5,1.5,2.5,1.5,2.5,1.5,2.5,0.5,0.5,0.5,0.5,0.5,0.5,2.5,1.5,1.5,2.5,1.5,2.5,0.5,0.5,0.5,0.5,1.5,2.5,0.5,0.5,0.5,0.5,0.5,0.5,0.5,0.5,0.5,0.5,2.5,1.5,2.5,1.5,2.5,1.5,8.5,2.5,0.5,0.5,0.5,0.5,0.5,0.5,0.5,0.5,0.5,0.5,0.5,0.5,0.5,0.5,0.5,0.5,1
-78.0633242,31.56945785,-72.89310606,1.5,2.5,1.5,2.5,1.5,2.5,0.5,0.5,0.5,0.5,1.5,2.5,1.5,2.5,1.5,2.5,1.5,2.5,0.5,0.5,0.5,0.5,0.5,0.5,2.5,1.5,1.5,2.5,1.5,2.5,0.5,0.5,0.5,0.5,1.5,2.5,0.5,0.5,0.5,0.5,0.5,0.5,0.5,0.5,0.5,0.5,2.5,1.5,2.5,1.5,2.5,1.5,8.5,2.5,0.5,0.5,0.5,0.5,0.5,0.5,0.5,0.5,0.5,0.5,0.5,0.5,0.5,0.5,0.5,0.5,1
22.7581973,92.4953041,-149.8446629,1.5,2.5,1.5,2.5,1.5,2.5,0.5,0.5,0.5,0.5,1.5,2.5,1.5,2.5,1.5,2.5,1.5,2.5,0.5,0.5,1.5,2.5,0.5,0.5,2.5,1.5,2.5,1.5,2.5,1.5,2.5,1.5,7.5,2.5,0.5,0.5,0.5,0.5,0.5,0.5,0.5,0.5,0.5,0.5,0.5,0.5,0.5,0.5,0.5,0.5,0.5,0.5,0.5,0.5,0.5,0.5,0.5,0.5,0.5,0.5,0.5,0.5,0.5,0.5,0.5,0.5,0.5,0.5,0.5,0.5,1
-33.4276376,38.70870303,-149.2414784,1.5,2.5,1.5,2.5,1.5,2.5,0.5,0.5,0.5,0.5,1.5,2.5,1.5,2.5,1.5,2.5,1.5,2.5,0.5,0.5,0.5,0.5,0.5,0.5,2.5,1.5,1.5,2.5,1.5,2.5,0.5,0.5,0.5,0.5,1.5,2.5,0.5,0.5,0.5,0.5,0.5,0.5,0.5,0.5,0.5,0.5,2.5,1.5,2.5,1.5,2.5,1.5,8.5,2.5,0.5,0.5,0.5,0.5,0.5,0.5,0.5,0.5,0.5,0.5,0.5,0.5,0.5,0.5,0.5,0.5,1
95.21230128,91.02003694,-167.2088026,1.5,2.5,1.5,2.5,1.5,2.5,0.5,0.5,0.5,0.5,1.5,2.5,1.5,2.5,1.5,2.5,1.5,2.5,0.5,0.5,0.5,0.5,0.5,0.5,2.5,1.5,1.5,2.5,1.5,2.5,0.5,0.5,0.5,0.5,1.5,2.5,0.5,0.5,0.5,0.5,0.5,0.5,0.5,0.5,0.5,0.5,1.5,2.5,0.5,0.5,0.5,0.5,0.5,0.5,0.5,0.5,1.5,2.5,0.5,0.5,4.5,2.5,0.5,0.5,0.5,0.5,0.5,0.5,0.5,0.5,1
-35.22519557,32.17424412,-113.48342,1.5,2.5,1.5,2.5,1.5,2.5,0.5,0.5,0.5,0.5,1.5,2.5,1.5,2.5,1.5,2.5,1.5,2.5,0.5,0.5,0.5,0.5,0.5,0.5,2.5,1.5,1.5,2.5,1.5,2.5,0.5,0.5,0.5,0.5,1.5,2.5,0.5,0.5,0.5,0.5,0.5,0.5,0.5,0.5,0.5,0.5,2.5,1.5,2.5,1.5,2.5,1.5,8.5,2.5,0.5,0.5,0.5,0.5,0.5,0.5,0.5,0.5,0.5,0.5,0.5,0.5,0.5,0.5,0.5,0.5,1
76.51603986,32.65051839,1.846347253,1.5,2.5,1.5,2.5,1.5,2.5,0.5,0.5,0.5,0.5,1.5,2.5,1.5,2.5,1.5,2.5,1.5,2.5,0.5,0.5,0.5,0.5,0.5,0.5,2.5,1.5,1.5,2.5,1.5,2.5,0.5,0.5,0.5,0.5,1.5,2.5,0.5,0.5,0.5,0.5,0.5,0.5,0.5,0.5,0.5,0.5,2.5,1.5,2.5,1.5,2.5,1.5,8.5,2.5,0.5,0.5,0.5,0.5,0.5,0.5,0.5,0.5,0.5,0.5,0.5,0.5,0.5,0.5,0.5,0.5,1
-60.72295206,49.88724528,-25.50323554,1.5,2.5,1.5,2.5,1.5,2.5,0.5,0.5,0.5,0.5,1.5,2.5,1.5,2.5,1.5,2.5,1.5,2.5,0.5,0.5,0.5,0.5,0.5,0.5,2.5,1.5,1.5,2.5,1.5,2.5,0.5,0.5,0.5,0.5,1.5,2.5,0.5,0.5,0.5,0.5,0.5,0.5,0.5,0.5,0.5,0.5,2.5,1.5,2.5,1.5,2.5,1.5,8.5,2.5,0.5,0.5,0.5,0.5,0.5,0.5,0.5,0.5,0.5,0.5,0.5,0.5,0.5,0.5,0.5,0.5,1
68.37511237,40.34397206,116.2568876,1.5,2.5,1.5,2.5,1.5,2.5,0.5,0.5,0.5,0.5,1.5,2.5,1.5,2.5,1.5,2.5,1.5,2.5,0.5,0.5,0.5,0.5,0.5,0.5,2.5,1.5,1.5,2.5,1.5,2.5,0.5,0.5,0.5,0.5,1.5,2.5,0.5,0.5,0.5,0.5,0.5,0.5,0.5,0.5,0.5,0.5,2.5,1.5,2.5,1.5,2.5,1.5,7.5,2.5,0.5,0.5,0.5,0.5,0.5,0.5,0.5,0.5,0.5,0.5,0.5,0.5,0.5,0.5,0.5,0.5,1
60.78169955,36.17503284,176.0713945,1.5,2.5,1.5,2.5,1.5,2.5,0.5,0.5,0.5,0.5,1.5,2.5,1.5,2.5,1.5,2.5,1.5,2.5,0.5,0.5,0.5,0.5,0.5,0.5,2.5,1.5,1.5,2.5,1.5,2.5,0.5,0.5,0.5,0.5,1.5,2.5,0.5,0.5,0.5,0.5,0.5,0.5,0.5,0.5,0.5,0.5,2.5,1.5,2.5,1.5,2.5,1.5,7.5,2.5,0.5,0.5,0.5,0.5,0.5,0.5,0.5,0.5,0.5,0.5,0.5,0.5,0.5,0.5,0.5,0.5,1
-52.70849898,81.75555845,117.5430745,1.5,2.5,1.5,2.5,1.5,2.5,0.5,0.5,0.5,0.5,1.5,2.5,1.5,2.5,1.5,2.5,1.5,2.5,0.5,0.5,0.5,0.5,0.5,0.5,2.5,1.5,1.5,2.5,1.5,2.5,0.5,0.5,0.5,0.5,1.5,2.5,0.5,0.5,0.5,0.5,0.5,0.5,0.5,0.5,0.5,0.5,1.5,2.5,0.5,0.5,0.5,0.5,0.5,0.5,0.5,0.5,2.5,1.5,2.5,1.5,8.5,2.5,0.5,0.5,0.5,0.5,0.5,0.5,0.5,0.5,1
-6.449554943,71.92879248,-51.58723078,1.5,2.5,1.5,2.5,1.5,2.5,0.5,0.5,0.5,0.5,1.5,2.5,1.5,2.5,1.5,2.5,1.5,2.5,0.5,0.5,0.5,0.5,0.5,0.5,2.5,1.5,1.5,2.5,1.5,2.5,0.5,0.5,0.5,0.5,1.5,2.5,0.5,0.5,0.5,0.5,0.5,0.5,0.5,0.5,0.5,0.5,2.5,1.5,2.5,1.5,2.5,1.5,5.5,2.5,0.5,0.5,0.5,0.5,0.5,0.5,0.5,0.5,0.5,0.5,0.5,0.5,0.5,0.5,0.5,0.5,1
-34.67003078,10.36572037,18.15519536,1.5,2.5,1.5,2.5,1.5,2.5,0.5,0.5,0.5,0.5,1.5,2.5,1.5,2.5,1.5,2.5,1.5,2.5,0.5,0.5,0.5,0.5,0.5,0.5,2.5,1.5,1.5,2.5,1.5,2.5,0.5,0.5,0.5,0.5,1.5,2.5,0.5,0.5,0.5,0.5,0.5,0.5,0.5,0.5,0.5,0.5,1.5,2.5,0.5,0.5,0.5,0.5,0.5,0.5,0.5,0.5,2.5,1.5,2.5,1.5,8.5,2.5,0.5,0.5,0.5,0.5,0.5,0.5,0.5,0.5,1
73.60181374,29.03152866,-33.21573903,1.5,2.5,1.5,2.5,1.5,2.5,0.5,0.5,0.5,0.5,1.5,2.5,1.5,2.5,1.5,2.5,1.5,2.5,0.5,0.5,0.5,0.5,0.5,0.5,2.5,1.5,1.5,2.5,1.5,2.5,0.5,0.5,0.5,0.5,1.5,2.5,0.5,0.5,0.5,0.5,0.5,0.5,0.5,0.5,0.5,0.5,1.5,2.5,0.5,0.5,0.5,0.5,0.5,0.5,0.5,0.5,2.5,1.5,2.5,1.5,8.5,2.5,0.5,0.5,0.5,0.5,0.5,0.5,0.5,0.5,1
-91.19340541,72.82202806,-38.4246724,1.5,2.5,1.5,2.5,1.5,2.5,0.5,0.5,0.5,0.5,1.5,2.5,1.5,2.5,1.5,2.5,1.5,2.5,0.5,0.5,0.5,0.5,0.5,0.5,2.5,1.5,1.5,2.5,1.5,2.5,0.5,0.5,0.5,0.5,1.5,2.5,0.5,0.5,0.5,0.5,0.5,0.5,0.5,0.5,0.5,0.5,2.5,1.5,2.5,1.5,2.5,1.5,8.5,2.5,0.5,0.5,0.5,0.5,0.5,0.5,0.5,0.5,0.5,0.5,0.5,0.5,0.5,0.5,0.5,0.5,1
-75.871889,15.2983435,185.8119825,1.5,2.5,1.5,2.5,1.5,2.5,0.5,0.5,0.5,0.5,1.5,2.5,1.5,2.5,1.5,2.5,1.5,2.5,0.5,0.5,0.5,0.5,0.5,0.5,2.5,1.5,1.5,2.5,1.5,2.5,0.5,0.5,0.5,0.5,1.5,2.5,0.5,0.5,0.5,0.5,0.5,0.5,0.5,0.5,0.5,0.5,1.5,2.5,0.5,0.5,0.5,0.5,0.5,0.5,0.5,0.5,1.5,2.5,0.5,0.5,8.5,2.5,0.5,0.5,0.5,0.5,0.5,0.5,0.5,0.5,1
17.5260416,96.98523174,-6.416635769,1.5,2.5,1.5,2.5,1.5,2.5,0.5,0.5,0.5,0.5,1.5,2.5,1.5,2.5,1.5,2.5,1.5,2.5,0.5,0.5,1.5,2.5,0.5,0.5,2.5,1.5,2.5,1.5,2.5,1.5,2.5,1.5,7.5,2.5,0.5,0.5,0.5,0.5,0.5,0.5,0.5,0.5,0.5,0.5,0.5,0.5,0.5,0.5,0.5,0.5,0.5,0.5,0.5,0.5,0.5,0.5,0.5,0.5,0.5,0.5,0.5,0.5,0.5,0.5,0.5,0.5,0.5,0.5,0.5,0.5,1
-2.112811796,28.5822602,-73.99933799,1.5,2.5,1.5,2.5,1.5,2.5,0.5,0.5,0.5,0.5,1.5,2.5,2.5,1.5,0.5,0.5,0.5,0.5,0.5,0.5,0.5,0.5,0.5,0.5,0.5,0.5,0.5,0.5,0.5,0.5,0.5,0.5,0.5,0.5,0.5,0.5,0.5,0.5,0.5,0.5,0.5,0.5,0.5,0.5,0.5,0.5,0.5,0.5,0.5,0.5,0.5,0.5,0.5,0.5,0.5,0.5,0.5,0.5,0.5,0.5,0.5,0.5,0.5,0.5,0.5,0.5,0.5,0.5,0.5,0.5,1
-63.89800163,93.86028561,81.44094526,1.5,2.5,1.5,2.5,1.5,2.5,0.5,0.5,0.5,0.5,1.5,2.5,1.5,2.5,1.5,2.5,1.5,2.5,0.5,0.5,0.5,0.5,0.5,0.5,2.5,1.5,1.5,2.5,1.5,2.5,0.5,0.5,0.5,0.5,1.5,2.5,0.5,0.5,0.5,0.5,0.5,0.5,0.5,0.5,0.5,0.5,1.5,2.5,0.5,0.5,0.5,0.5,0.5,0.5,0.5,0.5,2.5,1.5,2.5,1.5,8.5,2.5,0.5,0.5,0.5,0.5,0.5,0.5,0.5,0.5,1
68.43614894,87.91798826,-158.3421915,1.5,2.5,1.5,2.5,1.5,2.5,0.5,0.5,0.5,0.5,1.5,2.5,1.5,2.5,1.5,2.5,1.5,2.5,0.5,0.5,1.5,2.5,0.5,0.5,2.5,1.5,2.5,1.5,2.5,1.5,2.5,1.5,8.5,2.5,0.5,0.5,0.5,0.5,0.5,0.5,0.5,0.5,0.5,0.5,0.5,0.5,0.5,0.5,0.5,0.5,0.5,0.5,0.5,0.5,0.5,0.5,0.5,0.5,0.5,0.5,0.5,0.5,0.5,0.5,0.5,0.5,0.5,0.5,0.5,0.5,1
-62.25205866,45.05613023,-163.8821811,1.5,2.5,1.5,2.5,1.5,2.5,0.5,0.5,0.5,0.5,1.5,2.5,1.5,2.5,1.5,2.5,1.5,2.5,0.5,0.5,0.5,0.5,0.5,0.5,2.5,1.5,1.5,2.5,1.5,2.5,0.5,0.5,0.5,0.5,1.5,2.5,0.5,0.5,0.5,0.5,0.5,0.5,0.5,0.5,0.5,0.5,2.5,1.5,2.5,1.5,2.5,1.5,8.5,2.5,0.5,0.5,0.5,0.5,0.5,0.5,0.5,0.5,0.5,0.5,0.5,0.5,0.5,0.5,0.5,0.5,1
-79.27035234,67.20354934,-191.1118156,1.5,2.5,1.5,2.5,1.5,2.5,0.5,0.5,0.5,0.5,1.5,2.5,1.5,2.5,1.5,2.5,1.5,2.5,0.5,0.5,0.5,0.5,0.5,0.5,2.5,1.5,1.5,2.5,1.5,2.5,0.5,0.5,0.5,0.5,1.5,2.5,0.5,0.5,0.5,0.5,0.5,0.5,0.5,0.5,0.5,0.5,2.5,1.5,2.5,1.5,2.5,1.5,8.5,2.5,0.5,0.5,0.5,0.5,0.5,0.5,0.5,0.5,0.5,0.5,0.5,0.5,0.5,0.5,0.5,0.5,1
39.25787717,59.41917547,-160.0040527,1.5,2.5,1.5,2.5,1.5,2.5,0.5,0.5,0.5,0.5,1.5,2.5,1.5,2.5,1.5,2.5,1.5,2.5,0.5,0.5,1.5,2.5,0.5,0.5,2.5,1.5,2.5,1.5,2.5,1.5,2.5,1.5,8.5,2.5,0.5,0.5,0.5,0.5,0.5,0.5,0.5,0.5,0.5,0.5,0.5,0.5,0.5,0.5,0.5,0.5,0.5,0.5,0.5,0.5,0.5,0.5,0.5,0.5,0.5,0.5,0.5,0.5,0.5,0.5,0.5,0.5,0.5,0.5,0.5,0.5,1
46.01601155,32.27993512,-112.8924708,1.5,2.5,1.5,2.5,1.5,2.5,0.5,0.5,0.5,0.5,1.5,2.5,1.5,2.5,1.5,2.5,1.5,2.5,0.5,0.5,0.5,0.5,0.5,0.5,2.5,1.5,1.5,2.5,1.5,2.5,0.5,0.5,0.5,0.5,1.5,2.5,0.5,0.5,0.5,0.5,0.5,0.5,0.5,0.5,0.5,0.5,1.5,2.5,0.5,0.5,0.5,0.5,0.5,0.5,0.5,0.5,1.5,2.5,0.5,0.5,6.5,2.5,0.5,0.5,0.5,0.5,0.5,0.5,0.5,0.5,1
-16.73113178,69.12200693,163.5195966,1.5,2.5,1.5,2.5,1.5,2.5,0.5,0.5,0.5,0.5,1.5,2.5,1.5,2.5,1.5,2.5,1.5,2.5,0.5,0.5,0.5,0.5,0.5,0.5,2.5,1.5,1.5,2.5,1.5,2.5,0.5,0.5,0.5,0.5,1.5,2.5,0.5,0.5,0.5,0.5,0.5,0.5,0.5,0.5,0.5,0.5,1.5,2.5,0.5,0.5,0.5,0.5,0.5,0.5,0.5,0.5,1.5,2.5,0.5,0.5,6.5,2.5,0.5,0.5,0.5,0.5,0.5,0.5,0.5,0.5,1
69.56386273,49.95989379,30.28371881,1.5,2.5,1.5,2.5,1.5,2.5,0.5,0.5,0.5,0.5,1.5,2.5,1.5,2.5,1.5,2.5,1.5,2.5,0.5,0.5,0.5,0.5,0.5,0.5,2.5,1.5,1.5,2.5,1.5,2.5,0.5,0.5,0.5,0.5,1.5,2.5,0.5,0.5,0.5,0.5,0.5,0.5,0.5,0.5,0.5,0.5,2.5,1.5,2.5,1.5,2.5,1.5,7.5,2.5,0.5,0.5,0.5,0.5,0.5,0.5,0.5,0.5,0.5,0.5,0.5,0.5,0.5,0.5,0.5,0.5,1
-53.50945792,35.63092334,-89.21267881,1.5,2.5,1.5,2.5,1.5,2.5,0.5,0.5,0.5,0.5,1.5,2.5,1.5,2.5,1.5,2.5,1.5,2.5,0.5,0.5,0.5,0.5,0.5,0.5,2.5,1.5,1.5,2.5,1.5,2.5,0.5,0.5,0.5,0.5,1.5,2.5,0.5,0.5,0.5,0.5,0.5,0.5,0.5,0.5,0.5,0.5,2.5,1.5,2.5,1.5,2.5,1.5,8.5,2.5,0.5,0.5,0.5,0.5,0.5,0.5,0.5,0.5,0.5,0.5,0.5,0.5,0.5,0.5,0.5,0.5,1
99.89889448,16.38323607,-17.58679895,1.5,2.5,1.5,2.5,1.5,2.5,0.5,0.5,0.5,0.5,1.5,2.5,1.5,2.5,1.5,2.5,1.5,2.5,0.5,0.5,0.5,0.5,0.5,0.5,2.5,1.5,1.5,2.5,1.5,2.5,0.5,0.5,0.5,0.5,1.5,2.5,0.5,0.5,0.5,0.5,0.5,0.5,0.5,0.5,0.5,0.5,1.5,2.5,0.5,0.5,0.5,0.5,0.5,0.5,0.5,0.5,2.5,1.5,2.5,1.5,8.5,2.5,0.5,0.5,0.5,0.5,0.5,0.5,0.5,0.5,1
-28.2989732,98.41015692,42.12494574,1.5,2.5,1.5,2.5,1.5,2.5,0.5,0.5,0.5,0.5,1.5,2.5,1.5,2.5,1.5,2.5,1.5,2.5,0.5,0.5,0.5,0.5,0.5,0.5,2.5,1.5,1.5,2.5,1.5,2.5,0.5,0.5,0.5,0.5,1.5,2.5,0.5,0.5,0.5,0.5,0.5,0.5,0.5,0.5,0.5,0.5,1.5,2.5,0.5,0.5,0.5,0.5,0.5,0.5,0.5,0.5,2.5,1.5,2.5,1.5,7.5,2.5,0.5,0.5,0.5,0.5,0.5,0.5,0.5,0.5,1
-51.68163327,70.38918315,-80.211859,1.5,2.5,1.5,2.5,1.5,2.5,0.5,0.5,0.5,0.5,1.5,2.5,1.5,2.5,1.5,2.5,1.5,2.5,0.5,0.5,0.5,0.5,0.5,0.5,2.5,1.5,1.5,2.5,1.5,2.5,0.5,0.5,0.5,0.5,1.5,2.5,0.5,0.5,0.5,0.5,0.5,0.5,0.5,0.5,0.5,0.5,2.5,1.5,2.5,1.5,2.5,1.5,8.5,2.5,0.5,0.5,0.5,0.5,0.5,0.5,0.5,0.5,0.5,0.5,0.5,0.5,0.5,0.5,0.5,0.5,1
10.60970618,76.95435981,-165.6851488,1.5,2.5,1.5,2.5,1.5,2.5,0.5,0.5,0.5,0.5,1.5,2.5,1.5,2.5,1.5,2.5,1.5,2.5,0.5,0.5,1.5,2.5,0.5,0.5,2.5,1.5,2.5,1.5,2.5,1.5,2.5,1.5,6.5,2.5,0.5,0.5,0.5,0.5,0.5,0.5,0.5,0.5,0.5,0.5,0.5,0.5,0.5,0.5,0.5,0.5,0.5,0.5,0.5,0.5,0.5,0.5,0.5,0.5,0.5,0.5,0.5,0.5,0.5,0.5,0.5,0.5,0.5,0.5,0.5,0.5,1
-9.703617769,57.47988978,51.85077159,1.5,2.5,1.5,2.5,1.5,2.5,0.5,0.5,0.5,0.5,1.5,2.5,1.5,2.5,1.5,2.5,1.5,2.5,0.5,0.5,0.5,0.5,0.5,0.5,2.5,1.5,1.5,2.5,1.5,2.5,0.5,0.5,0.5,0.5,1.5,2.5,0.5,0.5,0.5,0.5,0.5,0.5,0.5,0.5,0.5,0.5,1.5,2.5,0.5,0.5,0.5,0.5,0.5,0.5,0.5,0.5,2.5,1.5,2.5,1.5,6.5,2.5,0.5,0.5,0.5,0.5,0.5,0.5,0.5,0.5,1
-58.86024395,59.5812,-38.89203604,1.5,2.5,1.5,2.5,1.5,2.5,0.5,0.5,0.5,0.5,1.5,2.5,1.5,2.5,1.5,2.5,1.5,2.5,0.5,0.5,0.5,0.5,0.5,0.5,2.5,1.5,1.5,2.5,1.5,2.5,0.5,0.5,0.5,0.5,1.5,2.5,0.5,0.5,0.5,0.5,0.5,0.5,0.5,0.5,0.5,0.5,2.5,1.5,2.5,1.5,2.5,1.5,8.5,2.5,0.5,0.5,0.5,0.5,0.5,0.5,0.5,0.5,0.5,0.5,0.5,0.5,0.5,0.5,0.5,0.5,1
-96.02903784,53.48530894,-118.8982771,1.5,2.5,1.5,2.5,1.5,2.5,0.5,0.5,0.5,0.5,1.5,2.5,1.5,2.5,1.5,2.5,1.5,2.5,0.5,0.5,0.5,0.5,0.5,0.5,2.5,1.5,1.5,2.5,1.5,2.5,0.5,0.5,0.5,0.5,1.5,2.5,0.5,0.5,0.5,0.5,0.5,0.5,0.5,0.5,0.5,0.5,2.5,1.5,2.5,1.5,2.5,1.5,8.5,2.5,0.5,0.5,0.5,0.5,0.5,0.5,0.5,0.5,0.5,0.5,0.5,0.5,0.5,0.5,0.5,0.5,1
-34.97492504,29.88383374,-61.55037845,1.5,2.5,1.5,2.5,1.5,2.5,0.5,0.5,0.5,0.5,1.5,2.5,1.5,2.5,1.5,2.5,1.5,2.5,0.5,0.5,0.5,0.5,0.5,0.5,2.5,1.5,1.5,2.5,1.5,2.5,0.5,0.5,0.5,0.5,1.5,2.5,0.5,0.5,0.5,0.5,0.5,0.5,0.5,0.5,0.5,0.5,2.5,1.5,2.5,1.5,2.5,1.5,8.5,2.5,0.5,0.5,0.5,0.5,0.5,0.5,0.5,0.5,0.5,0.5,0.5,0.5,0.5,0.5,0.5,0.5,1
-92.44210933,44.97220888,-79.26516209,1.5,2.5,1.5,2.5,1.5,2.5,0.5,0.5,0.5,0.5,1.5,2.5,1.5,2.5,1.5,2.5,1.5,2.5,0.5,0.5,0.5,0.5,0.5,0.5,2.5,1.5,1.5,2.5,1.5,2.5,0.5,0.5,0.5,0.5,1.5,2.5,0.5,0.5,0.5,0.5,0.5,0.5,0.5,0.5,0.5,0.5,2.5,1.5,2.5,1.5,2.5,1.5,8.5,2.5,0.5,0.5,0.5,0.5,0.5,0.5,0.5,0.5,0.5,0.5,0.5,0.5,0.5,0.5,0.5,0.5,1
-35.77826473,71.3927914,43.65072605,1.5,2.5,1.5,2.5,1.5,2.5,0.5,0.5,0.5,0.5,1.5,2.5,1.5,2.5,1.5,2.5,1.5,2.5,0.5,0.5,0.5,0.5,0.5,0.5,2.5,1.5,1.5,2.5,1.5,2.5,0.5,0.5,0.5,0.5,1.5,2.5,0.5,0.5,0.5,0.5,0.5,0.5,0.5,0.5,0.5,0.5,1.5,2.5,0.5,0.5,0.5,0.5,0.5,0.5,0.5,0.5,2.5,1.5,2.5,1.5,8.5,2.5,0.5,0.5,0.5,0.5,0.5,0.5,0.5,0.5,1
-37.09845838,97.11004868,-108.452318,1.5,2.5,1.5,2.5,1.5,2.5,0.5,0.5,0.5,0.5,1.5,2.5,1.5,2.5,1.5,2.5,1.5,2.5,0.5,0.5,0.5,0.5,0.5,0.5,2.5,1.5,1.5,2.5,1.5,2.5,0.5,0.5,0.5,0.5,1.5,2.5,0.5,0.5,0.5,0.5,0.5,0.5,0.5,0.5,0.5,0.5,2.5,1.5,2.5,1.5,2.5,1.5,8.5,2.5,0.5,0.5,0.5,0.5,0.5,0.5,0.5,0.5,0.5,0.5,0.5,0.5,0.5,0.5,0.5,0.5,1
-19.95429869,40.25413767,-144.1945462,1.5,2.5,1.5,2.5,1.5,2.5,0.5,0.5,0.5,0.5,1.5,2.5,1.5,2.5,1.5,2.5,1.5,2.5,0.5,0.5,0.5,0.5,0.5,0.5,2.5,1.5,1.5,2.5,1.5,2.5,0.5,0.5,0.5,0.5,1.5,2.5,0.5,0.5,0.5,0.5,0.5,0.5,0.5,0.5,0.5,0.5,2.5,1.5,2.5,1.5,2.5,1.5,7.5,2.5,0.5,0.5,0.5,0.5,0.5,0.5,0.5,0.5,0.5,0.5,0.5,0.5,0.5,0.5,0.5,0.5,1
22.66762418,14.3031755,-5.294839974,1.5,2.5,1.5,2.5,1.5,2.5,0.5,0.5,0.5,0.5,1.5,2.5,1.5,2.5,1.5,2.5,1.5,2.5,0.5,0.5,0.5,0.5,0.5,0.5,2.5,1.5,1.5,2.5,1.5,2.5,0.5,0.5,0.5,0.5,1.5,2.5,0.5,0.5,0.5,0.5,0.5,0.5,0.5,0.5,0.5,0.5,1.5,2.5,0.5,0.5,0.5,0.5,0.5,0.5,0.5,0.5,2.5,1.5,2.5,1.5,5.5,2.5,0.5,0.5,0.5,0.5,0.5,0.5,0.5,0.5,1
-65.64502734,46.66833376,-163.7195697,1.5,2.5,1.5,2.5,1.5,2.5,0.5,0.5,0.5,0.5,1.5,2.5,1.5,2.5,1.5,2.5,1.5,2.5,0.5,0.5,0.5,0.5,0.5,0.5,2.5,1.5,1.5,2.5,1.5,2.5,0.5,0.5,0.5,0.5,1.5,2.5,0.5,0.5,0.5,0.5,0.5,0.5,0.5,0.5,0.5,0.5,2.5,1.5,2.5,1.5,2.5,1.5,8.5,2.5,0.5,0.5,0.5,0.5,0.5,0.5,0.5,0.5,0.5,0.5,0.5,0.5,0.5,0.5,0.5,0.5,1
-34.99940817,56.45990517,-156.7771044,1.5,2.5,1.5,2.5,1.5,2.5,0.5,0.5,0.5,0.5,1.5,2.5,1.5,2.5,1.5,2.5,1.5,2.5,0.5,0.5,0.5,0.5,0.5,0.5,2.5,1.5,1.5,2.5,1.5,2.5,0.5,0.5,0.5,0.5,1.5,2.5,0.5,0.5,0.5,0.5,0.5,0.5,0.5,0.5,0.5,0.5,2.5,1.5,2.5,1.5,2.5,1.5,8.5,2.5,0.5,0.5,0.5,0.5,0.5,0.5,0.5,0.5,0.5,0.5,0.5,0.5,0.5,0.5,0.5,0.5,1
93.33455343,68.28441927,-60.13008419,1.5,2.5,1.5,2.5,1.5,2.5,0.5,0.5,0.5,0.5,1.5,2.5,1.5,2.5,1.5,2.5,1.5,2.5,0.5,0.5,0.5,0.5,0.5,0.5,2.5,1.5,1.5,2.5,1.5,2.5,0.5,0.5,0.5,0.5,1.5,2.5,0.5,0.5,0.5,0.5,0.5,0.5,0.5,0.5,0.5,0.5,1.5,2.5,0.5,0.5,0.5,0.5,0.5,0.5,0.5,0.5,2.5,1.5,2.5,1.5,7.5,2.5,0.5,0.5,0.5,0.5,0.5,0.5,0.5,0.5,1
-97.64008977,30.20957183,1.472852596,1.5,2.5,1.5,2.5,1.5,2.5,0.5,0.5,0.5,0.5,1.5,2.5,1.5,2.5,1.5,2.5,1.5,2.5,0.5,0.5,0.5,0.5,0.5,0.5,2.5,1.5,1.5,2.5,1.5,2.5,0.5,0.5,0.5,0.5,1.5,2.5,0.5,0.5,0.5,0.5,0.5,0.5,0.5,0.5,0.5,0.5,1.5,2.5,0.5,0.5,0.5,0.5,0.5,0.5,0.5,0.5,2.5,1.5,2.5,1.5,8.5,2.5,0.5,0.5,0.5,0.5,0.5,0.5,0.5,0.5,1
34.77794483,32.53044572,-30.12096462,1.5,2.5,1.5,2.5,1.5,2.5,0.5,0.5,0.5,0.5,1.5,2.5,2.5,1.5,0.5,0.5,0.5,0.5,0.5,0.5,0.5,0.5,0.5,0.5,0.5,0.5,0.5,0.5,0.5,0.5,0.5,0.5,0.5,0.5,0.5,0.5,0.5,0.5,0.5,0.5,0.5,0.5,0.5,0.5,0.5,0.5,0.5,0.5,0.5,0.5,0.5,0.5,0.5,0.5,0.5,0.5,0.5,0.5,0.5,0.5,0.5,0.5,0.5,0.5,0.5,0.5,0.5,0.5,0.5,0.5,1
-59.42195632,71.83072319,-26.38555504,1.5,2.5,1.5,2.5,1.5,2.5,0.5,0.5,0.5,0.5,1.5,2.5,1.5,2.5,1.5,2.5,1.5,2.5,0.5,0.5,0.5,0.5,0.5,0.5,2.5,1.5,1.5,2.5,1.5,2.5,0.5,0.5,0.5,0.5,1.5,2.5,0.5,0.5,0.5,0.5,0.5,0.5,0.5,0.5,0.5,0.5,2.5,1.5,2.5,1.5,2.5,1.5,8.5,2.5,0.5,0.5,0.5,0.5,0.5,0.5,0.5,0.5,0.5,0.5,0.5,0.5,0.5,0.5,0.5,0.5,1
-15.5546925,24.93275256,1.267021451,1.5,2.5,1.5,2.5,1.5,2.5,0.5,0.5,0.5,0.5,1.5,2.5,1.5,2.5,1.5,2.5,1.5,2.5,0.5,0.5,0.5,0.5,0.5,0.5,2.5,1.5,1.5,2.5,1.5,2.5,0.5,0.5,0.5,0.5,1.5,2.5,0.5,0.5,0.5,0.5,0.5,0.5,0.5,0.5,0.5,0.5,1.5,2.5,0.5,0.5,0.5,0.5,0.5,0.5,0.5,0.5,2.5,1.5,2.5,1.5,6.5,2.5,0.5,0.5,0.5,0.5,0.5,0.5,0.5,0.5,1
-2.120767793,82.38384293,-40.04269894,1.5,2.5,1.5,2.5,1.5,2.5,0.5,0.5,0.5,0.5,1.5,2.5,2.5,1.5,0.5,0.5,0.5,0.5,0.5,0.5,0.5,0.5,0.5,0.5,0.5,0.5,0.5,0.5,0.5,0.5,0.5,0.5,0.5,0.5,0.5,0.5,0.5,0.5,0.5,0.5,0.5,0.5,0.5,0.5,0.5,0.5,0.5,0.5,0.5,0.5,0.5,0.5,0.5,0.5,0.5,0.5,0.5,0.5,0.5,0.5,0.5,0.5,0.5,0.5,0.5,0.5,0.5,0.5,0.5,0.5,1
-38.69753022,30.02831467,-72.770695,1.5,2.5,1.5,2.5,1.5,2.5,0.5,0.5,0.5,0.5,1.5,2.5,1.5,2.5,1.5,2.5,1.5,2.5,0.5,0.5,0.5,0.5,0.5,0.5,2.5,1.5,1.5,2.5,1.5,2.5,0.5,0.5,0.5,0.5,1.5,2.5,0.5,0.5,0.5,0.5,0.5,0.5,0.5,0.5,0.5,0.5,2.5,1.5,2.5,1.5,2.5,1.5,8.5,2.5,0.5,0.5,0.5,0.5,0.5,0.5,0.5,0.5,0.5,0.5,0.5,0.5,0.5,0.5,0.5,0.5,1
74.44787219,39.86177208,-175.6648043,1.5,2.5,1.5,2.5,1.5,2.5,0.5,0.5,0.5,0.5,1.5,2.5,1.5,2.5,1.5,2.5,1.5,2.5,0.5,0.5,0.5,0.5,0.5,0.5,2.5,1.5,1.5,2.5,1.5,2.5,0.5,0.5,0.5,0.5,1.5,2.5,0.5,0.5,0.5,0.5,0.5,0.5,0.5,0.5,0.5,0.5,1.5,2.5,0.5,0.5,0.5,0.5,0.5,0.5,0.5,0.5,1.5,2.5,0.5,0.5,8.5,2.5,0.5,0.5,0.5,0.5,0.5,0.5,0.5,0.5,1
-16.71055257,48.29765162,-26.12328606,1.5,2.5,1.5,2.5,1.5,2.5,0.5,0.5,0.5,0.5,1.5,2.5,1.5,2.5,1.5,2.5,1.5,2.5,0.5,0.5,0.5,0.5,0.5,0.5,2.5,1.5,1.5,2.5,1.5,2.5,0.5,0.5,0.5,0.5,1.5,2.5,0.5,0.5,0.5,0.5,0.5,0.5,0.5,0.5,0.5,0.5,2.5,1.5,2.5,1.5,2.5,1.5,6.5,2.5,0.5,0.5,0.5,0.5,0.5,0.5,0.5,0.5,0.5,0.5,0.5,0.5,0.5,0.5,0.5,0.5,1
99.88393726,50.10368702,190.253887,1.5,2.5,1.5,2.5,1.5,2.5,0.5,0.5,0.5,0.5,1.5,2.5,1.5,2.5,1.5,2.5,1.5,2.5,0.5,0.5,0.5,0.5,0.5,0.5,2.5,1.5,1.5,2.5,1.5,2.5,0.5,0.5,0.5,0.5,1.5,2.5,0.5,0.5,0.5,0.5,0.5,0.5,0.5,0.5,0.5,0.5,2.5,1.5,2.5,1.5,2.5,1.5,8.5,2.5,0.5,0.5,0.5,0.5,0.5,0.5,0.5,0.5,0.5,0.5,0.5,0.5,0.5,0.5,0.5,0.5,1
-45.53844829,33.75345545,-171.08332,1.5,2.5,1.5,2.5,1.5,2.5,0.5,0.5,0.5,0.5,1.5,2.5,1.5,2.5,1.5,2.5,1.5,2.5,0.5,0.5,0.5,0.5,0.5,0.5,2.5,1.5,1.5,2.5,1.5,2.5,0.5,0.5,0.5,0.5,1.5,2.5,0.5,0.5,0.5,0.5,0.5,0.5,0.5,0.5,0.5,0.5,2.5,1.5,2.5,1.5,2.5,1.5,8.5,2.5,0.5,0.5,0.5,0.5,0.5,0.5,0.5,0.5,0.5,0.5,0.5,0.5,0.5,0.5,0.5,0.5,1
70.06242702,45.70034671,122.160667,1.5,2.5,1.5,2.5,1.5,2.5,0.5,0.5,0.5,0.5,1.5,2.5,1.5,2.5,1.5,2.5,1.5,2.5,0.5,0.5,0.5,0.5,0.5,0.5,2.5,1.5,1.5,2.5,1.5,2.5,0.5,0.5,0.5,0.5,1.5,2.5,0.5,0.5,0.5,0.5,0.5,0.5,0.5,0.5,0.5,0.5,2.5,1.5,2.5,1.5,2.5,1.5,7.5,2.5,0.5,0.5,0.5,0.5,0.5,0.5,0.5,0.5,0.5,0.5,0.5,0.5,0.5,0.5,0.5,0.5,1
-45.72305469,37.23013565,169.1457288,1.5,2.5,1.5,2.5,1.5,2.5,0.5,0.5,0.5,0.5,1.5,2.5,1.5,2.5,1.5,2.5,1.5,2.5,0.5,0.5,0.5,0.5,0.5,0.5,2.5,1.5,1.5,2.5,1.5,2.5,0.5,0.5,0.5,0.5,1.5,2.5,0.5,0.5,0.5,0.5,0.5,0.5,0.5,0.5,0.5,0.5,1.5,2.5,0.5,0.5,0.5,0.5,0.5,0.5,0.5,0.5,1.5,2.5,0.5,0.5,8.5,2.5,0.5,0.5,0.5,0.5,0.5,0.5,0.5,0.5,1
-84.16953059,82.43705625,-114.7239496,1.5,2.5,1.5,2.5,1.5,2.5,0.5,0.5,0.5,0.5,1.5,2.5,1.5,2.5,1.5,2.5,1.5,2.5,0.5,0.5,0.5,0.5,0.5,0.5,2.5,1.5,1.5,2.5,1.5,2.5,0.5,0.5,0.5,0.5,1.5,2.5,0.5,0.5,0.5,0.5,0.5,0.5,0.5,0.5,0.5,0.5,2.5,1.5,2.5,1.5,2.5,1.5,8.5,2.5,0.5,0.5,0.5,0.5,0.5,0.5,0.5,0.5,0.5,0.5,0.5,0.5,0.5,0.5,0.5,0.5,1
-82.91692639,15.5757195,-91.7488555,1.5,2.5,1.5,2.5,1.5,2.5,0.5,0.5,0.5,0.5,1.5,2.5,1.5,2.5,1.5,2.5,1.5,2.5,0.5,0.5,0.5,0.5,0.5,0.5,2.5,1.5,1.5,2.5,1.5,2.5,0.5,0.5,0.5,0.5,1.5,2.5,0.5,0.5,0.5,0.5,0.5,0.5,0.5,0.5,0.5,0.5,2.5,1.5,2.5,1.5,2.5,1.5,8.5,2.5,0.5,0.5,0.5,0.5,0.5,0.5,0.5,0.5,0.5,0.5,0.5,0.5,0.5,0.5,0.5,0.5,1
94.79630165,27.27626643,-163.616504,1.5,2.5,1.5,2.5,1.5,2.5,0.5,0.5,0.5,0.5,1.5,2.5,1.5,2.5,1.5,2.5,1.5,2.5,0.5,0.5,0.5,0.5,0.5,0.5,2.5,1.5,1.5,2.5,1.5,2.5,0.5,0.5,0.5,0.5,1.5,2.5,0.5,0.5,0.5,0.5,0.5,0.5,0.5,0.5,0.5,0.5,1.5,2.5,0.5,0.5,0.5,0.5,0.5,0.5,0.5,0.5,1.5,2.5,0.5,0.5,8.5,2.5,0.5,0.5,0.5,0.5,0.5,0.5,0.5,0.5,1
-6.174264125,88.79122114,-33.79235801,1.5,2.5,1.5,2.5,1.5,2.5,0.5,0.5,0.5,0.5,1.5,2.5,1.5,2.5,1.5,2.5,1.5,2.5,0.5,0.5,0.5,0.5,0.5,0.5,2.5,1.5,1.5,2.5,1.5,2.5,0.5,0.5,0.5,0.5,1.5,2.5,0.5,0.5,0.5,0.5,0.5,0.5,0.5,0.5,0.5,0.5,2.5,1.5,2.5,1.5,2.5,1.5,5.5,2.5,0.5,0.5,0.5,0.5,0.5,0.5,0.5,0.5,0.5,0.5,0.5,0.5,0.5,0.5,0.5,0.5,1
-39.10175267,44.59846781,-154.6482741,1.5,2.5,1.5,2.5,1.5,2.5,0.5,0.5,0.5,0.5,1.5,2.5,1.5,2.5,1.5,2.5,1.5,2.5,0.5,0.5,0.5,0.5,0.5,0.5,2.5,1.5,1.5,2.5,1.5,2.5,0.5,0.5,0.5,0.5,1.5,2.5,0.5,0.5,0.5,0.5,0.5,0.5,0.5,0.5,0.5,0.5,2.5,1.5,2.5,1.5,2.5,1.5,8.5,2.5,0.5,0.5,0.5,0.5,0.5,0.5,0.5,0.5,0.5,0.5,0.5,0.5,0.5,0.5,0.5,0.5,
-76.12292273,38.02802457,-139.3115727,1.5,2.5,1.5,2.5,1.5,2.5,0.5,0.5,0.5,0.5,1.5,2.5,1.5,2.5,1.5,2.5,1.5,2.5,0.5,0.5,0.5,0.5,0.5,0.5,2.5,1.5,1.5,2.5,1.5,2.5,0.5,0.5,0.5,0.5,1.5,2.5,0.5,0.5,0.5,0.5,0.5,0.5,0.5,0.5,0.5,0.5,2.5,1.5,2.5,1.5,2.5,1.5,8.5,2.5,0.5,0.5,0.5,0.5,0.5,0.5,0.5,0.5,0.5,0.5,0.5,0.5,0.5,0.5,0.5,0.5,
70.52278729,75.95093683,-106.8942578,1.5,2.5,1.5,2.5,1.5,2.5,0.5,0.5,0.5,0.5,1.5,2.5,1.5,2.5,1.5,2.5,1.5,2.5,0.5,0.5,1.5,2.5,0.5,0.5,2.5,1.5,2.5,1.5,2.5,1.5,2.5,1.5,8.5,2.5,0.5,0.5,0.5,0.5,0.5,0.5,0.5,0.5,0.5,0.5,0.5,0.5,0.5,0.5,0.5,0.5,0.5,0.5,0.5,0.5,0.5,0.5,0.5,0.5,0.5,0.5,0.5,0.5,0.5,0.5,0.5,0.5,0.5,0.5,0.5,0.5,
-65.40635555,19.44298004,196.2137058,1.5,2.5,1.5,2.5,1.5,2.5,0.5,0.5,0.5,0.5,1.5,2.5,1.5,2.5,1.5,2.5,1.5,2.5,0.5,0.5,0.5,0.5,0.5,0.5,2.5,1.5,1.5,2.5,1.5,2.5,0.5,0.5,0.5,0.5,1.5,2.5,0.5,0.5,0.5,0.5,0.5,0.5,0.5,0.5,0.5,0.5,1.5,2.5,0.5,0.5,0.5,0.5,0.5,0.5,0.5,0.5,1.5,2.5,0.5,0.5,8.5,2.5,0.5,0.5,0.5,0.5,0.5,0.5,0.5,0.5,
-66.2219383,91.4374575,-143.7118713,1.5,2.5,1.5,2.5,1.5,2.5,0.5,0.5,0.5,0.5,1.5,2.5,1.5,2.5,1.5,2.5,1.5,2.5,0.5,0.5,0.5,0.5,0.5,0.5,2.5,1.5,1.5,2.5,1.5,2.5,0.5,0.5,0.5,0.5,1.5,2.5,0.5,0.5,0.5,0.5,0.5,0.5,0.5,0.5,0.5,0.5,2.5,1.5,2.5,1.5,2.5,1.5,8.5,2.5,0.5,0.5,0.5,0.5,0.5,0.5,0.5,0.5,0.5,0.5,0.5,0.5,0.5,0.5,0.5,0.5,
27.29341172,88.16957832,13.06866244,1.5,2.5,1.5,2.5,1.5,2.5,0.5,0.5,0.5,0.5,1.5,2.5,1.5,2.5,1.5,2.5,1.5,2.5,0.5,0.5,1.5,2.5,0.5,0.5,2.5,1.5,2.5,1.5,2.5,1.5,2.5,1.5,7.5,2.5,0.5,0.5,0.5,0.5,0.5,0.5,0.5,0.5,0.5,0.5,0.5,0.5,0.5,0.5,0.5,0.5,0.5,0.5,0.5,0.5,0.5,0.5,0.5,0.5,0.5,0.5,0.5,0.5,0.5,0.5,0.5,0.5,0.5,0.5,0.5,0.5,
8.478617809,75.85372302,23.25041141,1.5,2.5,1.5,2.5,1.5,2.5,0.5,0.5,0.5,0.5,1.5,2.5,1.5,2.5,1.5,2.5,1.5,2.5,0.5,0.5,1.5,2.5,0.5,0.5,2.5,1.5,2.5,1.5,2.5,1.5,2.5,1.5,6.5,2.5,0.5,0.5,0.5,0.5,0.5,0.5,0.5,0.5,0.5,0.5,0.5,0.5,0.5,0.5,0.5,0.5,0.5,0.5,0.5,0.5,0.5,0.5,0.5,0.5,0.5,0.5,0.5,0.5,0.5,0.5,0.5,0.5,0.5,0.5,0.5,0.5,
-22.21601423,26.45778823,-18.65953221,1.5,2.5,1.5,2.5,1.5,2.5,0.5,0.5,0.5,0.5,1.5,2.5,1.5,2.5,1.5,2.5,1.5,2.5,0.5,0.5,0.5,0.5,0.5,0.5,2.5,1.5,1.5,2.5,1.5,2.5,0.5,0.5,0.5,0.5,1.5,2.5,0.5,0.5,0.5,0.5,0.5,0.5,0.5,0.5,0.5,0.5,2.5,1.5,2.5,1.5,2.5,1.5,7.5,2.5,0.5,0.5,0.5,0.5,0.5,0.5,0.5,0.5,0.5,0.5,0.5,0.5,0.5,0.5,0.5,0.5,
38.75397913,21.19880518,44.22909929,1.5,2.5,1.5,2.5,1.5,2.5,0.5,0.5,0.5,0.5,1.5,2.5,1.5,2.5,1.5,2.5,1.5,2.5,0.5,0.5,0.5,0.5,0.5,0.5,2.5,1.5,1.5,2.5,1.5,2.5,0.5,0.5,0.5,0.5,1.5,2.5,0.5,0.5,0.5,0.5,0.5,0.5,0.5,0.5,0.5,0.5,2.5,1.5,2.5,1.5,2.5,1.5,7.5,2.5,0.5,0.5,0.5,0.5,0.5,0.5,0.5,0.5,0.5,0.5,0.5,0.5,0.5,0.5,0.5,0.5,
-38.10574418,22.14663034,-123.0659423,1.5,2.5,1.5,2.5,1.5,2.5,0.5,0.5,0.5,0.5,1.5,2.5,1.5,2.5,1.5,2.5,1.5,2.5,0.5,0.5,0.5,0.5,0.5,0.5,2.5,1.5,1.5,2.5,1.5,2.5,0.5,0.5,0.5,0.5,1.5,2.5,0.5,0.5,0.5,0.5,0.5,0.5,0.5,0.5,0.5,0.5,2.5,1.5,2.5,1.5,2.5,1.5,8.5,2.5,0.5,0.5,0.5,0.5,0.5,0.5,0.5,0.5,0.5,0.5,0.5,0.5,0.5,0.5,0.5,0.5,
12.23645635,47.0646796,12.84754297,1.5,2.5,1.5,2.5,1.5,2.5,0.5,0.5,0.5,0.5,1.5,2.5,1.5,2.5,1.5,2.5,1.5,2.5,0.5,0.5,1.5,2.5,0.5,0.5,2.5,1.5,2.5,1.5,2.5,1.5,2.5,1.5,6.5,2.5,0.5,0.5,0.5,0.5,0.5,0.5,0.5,0.5,0.5,0.5,0.5,0.5,0.5,0.5,0.5,0.5,0.5,0.5,0.5,0.5,0.5,0.5,0.5,0.5,0.5,0.5,0.5,0.5,0.5,0.5,0.5,0.5,0.5,0.5,0.5,0.5,
-97.73958158,49.85761882,-147.0204854,1.5,2.5,1.5,2.5,1.5,2.5,0.5,0.5,0.5,0.5,1.5,2.5,1.5,2.5,1.5,2.5,1.5,2.5,0.5,0.5,0.5,0.5,0.5,0.5,2.5,1.5,1.5,2.5,1.5,2.5,0.5,0.5,0.5,0.5,1.5,2.5,0.5,0.5,0.5,0.5,0.5,0.5,0.5,0.5,0.5,0.5,2.5,1.5,2.5,1.5,2.5,1.5,8.5,2.5,0.5,0.5,0.5,0.5,0.5,0.5,0.5,0.5,0.5,0.5,0.5,0.5,0.5,0.5,0.5,0.5,
69.22138644,31.31933755,26.61999439,1.5,2.5,1.5,2.5,1.5,2.5,0.5,0.5,0.5,0.5,1.5,2.5,1.5,2.5,1.5,2.5,1.5,2.5,0.5,0.5,0.5,0.5,0.5,0.5,2.5,1.5,1.5,2.5,1.5,2.5,0.5,0.5,0.5,0.5,1.5,2.5,0.5,0.5,0.5,0.5,0.5,0.5,0.5,0.5,0.5,0.5,2.5,1.5,2.5,1.5,2.5,1.5,8.5,2.5,0.5,0.5,0.5,0.5,0.5,0.5,0.5,0.5,0.5,0.5,0.5,0.5,0.5,0.5,0.5,0.5,
-38.32193577,76.7160717,189.7140022,1.5,2.5,1.5,2.5,1.5,2.5,0.5,0.5,0.5,0.5,1.5,2.5,1.5,2.5,1.5,2.5,1.5,2.5,0.5,0.5,0.5,0.5,0.5,0.5,2.5,1.5,1.5,2.5,1.5,2.5,0.5,0.5,0.5,0.5,1.5,2.5,0.5,0.5,0.5,0.5,0.5,0.5,0.5,0.5,0.5,0.5,1.5,2.5,0.5,0.5,0.5,0.5,0.5,0.5,0.5,0.5,1.5,2.5,0.5,0.5,8.5,2.5,0.5,0.5,0.5,0.5,0.5,0.5,0.5,0.5,
94.51329218,64.12040755,5.921733989,1.5,2.5,1.5,2.5,1.5,2.5,0.5,0.5,0.5,0.5,1.5,2.5,1.5,2.5,1.5,2.5,1.5,2.5,0.5,0.5,0.5,0.5,0.5,0.5,2.5,1.5,1.5,2.5,1.5,2.5,0.5,0.5,0.5,0.5,1.5,2.5,0.5,0.5,0.5,0.5,0.5,0.5,0.5,0.5,0.5,0.5,2.5,1.5,2.5,1.5,2.5,1.5,7.5,2.5,0.5,0.5,0.5,0.5,0.5,0.5,0.5,0.5,0.5,0.5,0.5,0.5,0.5,0.5,0.5,0.5,
66.96365702,71.45623972,-141.1267071,1.5,2.5,1.5,2.5,1.5,2.5,0.5,0.5,0.5,0.5,1.5,2.5,1.5,2.5,1.5,2.5,1.5,2.5,0.5,0.5,1.5,2.5,0.5,0.5,2.5,1.5,2.5,1.5,2.5,1.5,2.5,1.5,8.5,2.5,0.5,0.5,0.5,0.5,0.5,0.5,0.5,0.5,0.5,0.5,0.5,0.5,0.5,0.5,0.5,0.5,0.5,0.5,0.5,0.5,0.5,0.5,0.5,0.5,0.5,0.5,0.5,0.5,0.5,0.5,0.5,0.5,0.5,0.5,0.5,0.5,
-63.14798766,45.16242336,-102.0777444,1.5,2.5,1.5,2.5,1.5,2.5,0.5,0.5,0.5,0.5,1.5,2.5,1.5,2.5,1.5,2.5,1.5,2.5,0.5,0.5,0.5,0.5,0.5,0.5,2.5,1.5,1.5,2.5,1.5,2.5,0.5,0.5,0.5,0.5,1.5,2.5,0.5,0.5,0.5,0.5,0.5,0.5,0.5,0.5,0.5,0.5,2.5,1.5,2.5,1.5,2.5,1.5,8.5,2.5,0.5,0.5,0.5,0.5,0.5,0.5,0.5,0.5,0.5,0.5,0.5,0.5,0.5,0.5,0.5,0.5,
7.77406019,57.7448437,-165.5602543,1.5,2.5,1.5,2.5,1.5,2.5,0.5,0.5,0.5,0.5,1.5,2.5,1.5,2.5,1.5,2.5,1.5,2.5,0.5,0.5,1.5,2.5,0.5,0.5,2.5,1.5,2.5,1.5,2.5,1.5,2.5,1.5,5.5,2.5,0.5,0.5,0.5,0.5,0.5,0.5,0.5,0.5,0.5,0.5,0.5,0.5,0.5,0.5,0.5,0.5,0.5,0.5,0.5,0.5,0.5,0.5,0.5,0.5,0.5,0.5,0.5,0.5,0.5,0.5,0.5,0.5,0.5,0.5,0.5,0.5,
-95.40047827,56.50557709,-144.9549389,1.5,2.5,1.5,2.5,1.5,2.5,0.5,0.5,0.5,0.5,1.5,2.5,1.5,2.5,1.5,2.5,1.5,2.5,0.5,0.5,0.5,0.5,0.5,0.5,2.5,1.5,1.5,2.5,1.5,2.5,0.5,0.5,0.5,0.5,1.5,2.5,0.5,0.5,0.5,0.5,0.5,0.5,0.5,0.5,0.5,0.5,2.5,1.5,2.5,1.5,2.5,1.5,8.5,2.5,0.5,0.5,0.5,0.5,0.5,0.5,0.5,0.5,0.5,0.5,0.5,0.5,0.5,0.5,0.5,0.5,
-69.17605487,47.67716619,-172.6192013,1.5,2.5,1.5,2.5,1.5,2.5,0.5,0.5,0.5,0.5,1.5,2.5,1.5,2.5,1.5,2.5,1.5,2.5,0.5,0.5,0.5,0.5,0.5,0.5,2.5,1.5,1.5,2.5,1.5,2.5,0.5,0.5,0.5,0.5,1.5,2.5,0.5,0.5,0.5,0.5,0.5,0.5,0.5,0.5,0.5,0.5,2.5,1.5,2.5,1.5,2.5,1.5,8.5,2.5,0.5,0.5,0.5,0.5,0.5,0.5,0.5,0.5,0.5,0.5,0.5,0.5,0.5,0.5,0.5,0.5,
-71.50302124,81.96043396,-24.23768616,1.5,2.5,1.5,2.5,1.5,2.5,0.5,0.5,0.5,0.5,1.5,2.5,1.5,2.5,1.5,2.5,1.5,2.5,0.5,0.5,0.5,0.5,0.5,0.5,2.5,1.5,1.5,2.5,1.5,2.5,0.5,0.5,0.5,0.5,1.5,2.5,0.5,0.5,0.5,0.5,0.5,0.5,0.5,0.5,0.5,0.5,2.5,1.5,2.5,1.5,2.5,1.5,8.5,2.5,0.5,0.5,0.5,0.5,0.5,0.5,0.5,0.5,0.5,0.5,0.5,0.5,0.5,0.5,0.5,0.5,
-58.42285156,47.54257202,181.0686035,1.5,2.5,1.5,2.5,1.5,2.5,0.5,0.5,0.5,0.5,1.5,2.5,1.5,2.5,1.5,2.5,1.5,2.5,0.5,0.5,0.5,0.5,0.5,0.5,2.5,1.5,1.5,2.5,1.5,2.5,0.5,0.5,0.5,0.5,1.5,2.5,0.5,0.5,0.5,0.5,0.5,0.5,0.5,0.5,0.5,0.5,1.5,2.5,0.5,0.5,0.5,0.5,0.5,0.5,0.5,0.5,1.5,2.5,0.5,0.5,8.5,2.5,0.5,0.5,0.5,0.5,0.5,0.5,0.5,0.5,
97.6231842,31.2429657,142.7828064,1.5,2.5,1.5,2.5,1.5,2.5,0.5,0.5,0.5,0.5,1.5,2.5,1.5,2.5,1.5,2.5,1.5,2.5,0.5,0.5,0.5,0.5,0.5,0.5,2.5,1.5,1.5,2.5,1.5,2.5,0.5,0.5,0.5,0.5,1.5,2.5,0.5,0.5,0.5,0.5,0.5,0.5,0.5,0.5,0.5,0.5,2.5,1.5,2.5,1.5,2.5,1.5,8.5,2.5,0.5,0.5,0.5,0.5,0.5,0.5,0.5,0.5,0.5,0.5,0.5,0.5,0.5,0.5,0.5,0.5,
54.2517395,72.68003845,-199.4041595,1.5,2.5,1.5,2.5,1.5,2.5,0.5,0.5,0.5,0.5,1.5,2.5,1.5,2.5,1.5,2.5,1.5,2.5,0.5,0.5,1.5,2.5,0.5,0.5,2.5,1.5,2.5,1.5,2.5,1.5,2.5,1.5,8.5,2.5,0.5,0.5,0.5,0.5,0.5,0.5,0.5,0.5,0.5,0.5,0.5,0.5,0.5,0.5,0.5,0.5,0.5,0.5,0.5,0.5,0.5,0.5,0.5,0.5,0.5,0.5,0.5,0.5,0.5,0.5,0.5,0.5,0.5,0.5,0.5,0.5,
86.23245239,82.48233032,-116.585907,1.5,2.5,1.5,2.5,1.5,2.5,0.5,0.5,0.5,0.5,1.5,2.5,1.5,2.5,1.5,2.5,1.5,2.5,0.5,0.5,0.5,0.5,0.5,0.5,2.5,1.5,1.5,2.5,1.5,2.5,0.5,0.5,0.5,0.5,1.5,2.5,0.5,0.5,0.5,0.5,0.5,0.5,0.5,0.5,0.5,0.5,1.5,2.5,0.5,0.5,0.5,0.5,0.5,0.5,0.5,0.5,1.5,2.5,0.5,0.5,4.5,2.5,0.5,0.5,0.5,0.5,0.5,0.5,0.5,0.5,
-17.50485992,97.99287415,-191.1783752,1.5,2.5,1.5,2.5,1.5,2.5,0.5,0.5,0.5,0.5,1.5,2.5,1.5,2.5,1.5,2.5,1.5,2.5,0.5,0.5,0.5,0.5,0.5,0.5,2.5,1.5,1.5,2.5,1.5,2.5,0.5,0.5,0.5,0.5,1.5,2.5,0.5,0.5,0.5,0.5,0.5,0.5,0.5,0.5,0.5,0.5,2.5,1.5,2.5,1.5,2.5,1.5,7.5,2.5,0.5,0.5,0.5,0.5,0.5,0.5,0.5,0.5,0.5,0.5,0.5,0.5,0.5,0.5,0.5,0.5,
-20.83063507,55.43618774,-149.6178894,1.5,2.5,1.5,2.5,1.5,2.5,0.5,0.5,0.5,0.5,1.5,2.5,1.5,2.5,1.5,2.5,1.5,2.5,0.5,0.5,0.5,0.5,0.5,0.5,2.5,1.5,1.5,2.5,1.5,2.5,0.5,0.5,0.5,0.5,1.5,2.5,0.5,0.5,0.5,0.5,0.5,0.5,0.5,0.5,0.5,0.5,2.5,1.5,2.5,1.5,2.5,1.5,7.5,2.5,0.5,0.5,0.5,0.5,0.5,0.5,0.5,0.5,0.5,0.5,0.5,0.5,0.5,0.5,0.5,0.5,
-93.94721985,69.90844727,-175.7390442,1.5,2.5,1.5,2.5,1.5,2.5,0.5,0.5,0.5,0.5,1.5,2.5,1.5,2.5,1.5,2.5,1.5,2.5,0.5,0.5,0.5,0.5,0.5,0.5,2.5,1.5,1.5,2.5,1.5,2.5,0.5,0.5,0.5,0.5,1.5,2.5,0.5,0.5,0.5,0.5,0.5,0.5,0.5,0.5,0.5,0.5,2.5,1.5,2.5,1.5,2.5,1.5,8.5,2.5,0.5,0.5,0.5,0.5,0.5,0.5,0.5,0.5,0.5,0.5,0.5,0.5,0.5,0.5,0.5,0.5,
54.67097473,64.03813171,13.32540894,1.5,2.5,1.5,2.5,1.5,2.5,0.5,0.5,0.5,0.5,1.5,2.5,1.5,2.5,1.5,2.5,1.5,2.5,0.5,0.5,1.5,2.5,0.5,0.5,2.5,1.5,2.5,1.5,2.5,1.5,1.5,2.5,0.5,0.5,2.5,1.5,2.5,1.5,2.5,1.5,6.5,2.5,1.5,2.5,1.5,2.5,0.5,0.5,0.5,0.5,0.5,0.5,0.5,0.5,0.5,0.5,0.5,0.5,0.5,0.5,0.5,0.5,0.5,0.5,0.5,0.5,0.5,0.5,0.5,0.5,
-42.19139862,95.74674988,-115.1041031,1.5,2.5,1.5,2.5,1.5,2.5,0.5,0.5,0.5,0.5,1.5,2.5,1.5,2.5,1.5,2.5,1.5,2.5,0.5,0.5,0.5,0.5,0.5,0.5,2.5,1.5,1.5,2.5,1.5,2.5,0.5,0.5,0.5,0.5,1.5,2.5,0.5,0.5,0.5,0.5,0.5,0.5,0.5,0.5,0.5,0.5,2.5,1.5,2.5,1.5,2.5,1.5,8.5,2.5,0.5,0.5,0.5,0.5,0.5,0.5,0.5,0.5,0.5,0.5,0.5,0.5,0.5,0.5,0.5,0.5,
79.64381409,76.6762085,186.5389709,1.5,2.5,1.5,2.5,1.5,2.5,0.5,0.5,0.5,0.5,1.5,2.5,1.5,2.5,1.5,2.5,1.5,2.5,0.5,0.5,0.5,0.5,0.5,0.5,2.5,1.5,1.5,2.5,1.5,2.5,0.5,0.5,0.5,0.5,1.5,2.5,0.5,0.5,0.5,0.5,0.5,0.5,0.5,0.5,0.5,0.5,2.5,1.5,2.5,1.5,2.5,1.5,3.5,2.5,0.5,0.5,0.5,0.5,0.5,0.5,0.5,0.5,0.5,0.5,0.5,0.5,0.5,0.5,0.5,0.5,
31.70715332,60.43815613,131.7091064,1.5,2.5,1.5,2.5,1.5,2.5,0.5,0.5,0.5,0.5,1.5,2.5,1.5,2.5,1.5,2.5,1.5,2.5,0.5,0.5,1.5,2.5,0.5,0.5,2.5,1.5,2.5,1.5,2.5,1.5,1.5,2.5,0.5,0.5,2.5,1.5,2.5,1.5,1.5,2.5,0.5,0.5,0.5,0.5,0.5,0.5,2.5,1.5,1.5,2.5,0.5,0.5,0.5,0.5,7.5,2.5,0.5,0.5,0.5,0.5,0.5,0.5,0.5,0.5,0.5,0.5,0.5,0.5,0.5,0.5,
6.178222656,94.60681152,73.47503662,1.5,2.5,1.5,2.5,1.5,2.5,0.5,0.5,0.5,0.5,1.5,2.5,1.5,2.5,1.5,2.5,1.5,2.5,0.5,0.5,1.5,2.5,0.5,0.5,2.5,1.5,2.5,1.5,2.5,1.5,2.5,1.5,5.5,2.5,0.5,0.5,0.5,0.5,0.5,0.5,0.5,0.5,0.5,0.5,0.5,0.5,0.5,0.5,0.5,0.5,0.5,0.5,0.5,0.5,0.5,0.5,0.5,0.5,0.5,0.5,0.5,0.5,0.5,0.5,0.5,0.5,0.5,0.5,0.5,0.5,
-31.82157135,57.79492188,-19.83940125,1.5,2.5,1.5,2.5,1.5,2.5,0.5,0.5,0.5,0.5,1.5,2.5,1.5,2.5,1.5,2.5,1.5,2.5,0.5,0.5,0.5,0.5,0.5,0.5,2.5,1.5,1.5,2.5,1.5,2.5,0.5,0.5,0.5,0.5,1.5,2.5,0.5,0.5,0.5,0.5,0.5,0.5,0.5,0.5,0.5,0.5,2.5,1.5,2.5,1.5,2.5,1.5,7.5,2.5,0.5,0.5,0.5,0.5,0.5,0.5,0.5,0.5,0.5,0.5,0.5,0.5,0.5,0.5,0.5,0.5,
-68.5254364,80.13142395,-27.93974304,1.5,2.5,1.5,2.5,1.5,2.5,0.5,0.5,0.5,0.5,1.5,2.5,1.5,2.5,1.5,2.5,1.5,2.5,0.5,0.5,0.5,0.5,0.5,0.5,2.5,1.5,1.5,2.5,1.5,2.5,0.5,0.5,0.5,0.5,1.5,2.5,0.5,0.5,0.5,0.5,0.5,0.5,0.5,0.5,0.5,0.5,2.5,1.5,2.5,1.5,2.5,1.5,8.5,2.5,0.5,0.5,0.5,0.5,0.5,0.5,0.5,0.5,0.5,0.5,0.5,0.5,0.5,0.5,0.5,0.5,
-84.80778503,31.71165466,-59.2640686,1.5,2.5,1.5,2.5,1.5,2.5,0.5,0.5,0.5,0.5,1.5,2.5,1.5,2.5,1.5,2.5,1.5,2.5,0.5,0.5,0.5,0.5,0.5,0.5,2.5,1.5,1.5,2.5,1.5,2.5,0.5,0.5,0.5,0.5,1.5,2.5,0.5,0.5,0.5,0.5,0.5,0.5,0.5,0.5,0.5,0.5,2.5,1.5,2.5,1.5,2.5,1.5,8.5,2.5,0.5,0.5,0.5,0.5,0.5,0.5,0.5,0.5,0.5,0.5,0.5,0.5,0.5,0.5,0.5,0.5,
33.05891418,61.13931274,-44.25256348,1.5,2.5,1.5,2.5,1.5,2.5,0.5,0.5,0.5,0.5,1.5,2.5,1.5,2.5,1.5,2.5,1.5,2.5,0.5,0.5,1.5,2.5,0.5,0.5,2.5,1.5,2.5,1.5,2.5,1.5,2.5,1.5,8.5,2.5,0.5,0.5,0.5,0.5,0.5,0.5,0.5,0.5,0.5,0.5,0.5,0.5,0.5,0.5,0.5,0.5,0.5,0.5,0.5,0.5,0.5,0.5,0.5,0.5,0.5,0.5,0.5,0.5,0.5,0.5,0.5,0.5,0.5,0.5,0.5,0.5,
-80.74132538,49.35806274,-176.0220337,1.5,2.5,1.5,2.5,1.5,2.5,0.5,0.5,0.5,0.5,1.5,2.5,1.5,2.5,1.5,2.5,1.5,2.5,0.5,0.5,0.5,0.5,0.5,0.5,2.5,1.5,1.5,2.5,1.5,2.5,0.5,0.5,0.5,0.5,1.5,2.5,0.5,0.5,0.5,0.5,0.5,0.5,0.5,0.5,0.5,0.5,2.5,1.5,2.5,1.5,2.5,1.5,8.5,2.5,0.5,0.5,0.5,0.5,0.5,0.5,0.5,0.5,0.5,0.5,0.5,0.5,0.5,0.5,0.5,0.5,
-98.31331635,27.5098114,174.7580566,1.5,2.5,1.5,2.5,1.5,2.5,0.5,0.5,0.5,0.5,1.5,2.5,1.5,2.5,1.5,2.5,1.5,2.5,0.5,0.5,0.5,0.5,0.5,0.5,2.5,1.5,1.5,2.5,1.5,2.5,0.5,0.5,0.5,0.5,1.5,2.5,0.5,0.5,0.5,0.5,0.5,0.5,0.5,0.5,0.5,0.5,1.5,2.5,0.5,0.5,0.5,0.5,0.5,0.5,0.5,0.5,2.5,1.5,1.5,2.5,0.5,0.5,8.5,2.5,1.5,2.5,1.5,2.5,7.5,2.5,
93.66223145,91.23182678,-92.29042816,1.5,2.5,1.5,2.5,1.5,2.5,0.5,0.5,0.5,0.5,1.5,2.5,2.5,1.5,0.5,0.5,0.5,0.5,0.5,0.5,0.5,0.5,0.5,0.5,0.5,0.5,0.5,0.5,0.5,0.5,0.5,0.5,0.5,0.5,0.5,0.5,0.5,0.5,0.5,0.5,0.5,0.5,0.5,0.5,0.5,0.5,0.5,0.5,0.5,0.5,0.5,0.5,0.5,0.5,0.5,0.5,0.5,0.5,0.5,0.5,0.5,0.5,0.5,0.5,0.5,0.5,0.5,0.5,0.5,0.5,
8.809051514,80.66365051,151.5711365,1.5,2.5,1.5,2.5,1.5,2.5,0.5,0.5,0.5,0.5,1.5,2.5,1.5,2.5,1.5,2.5,1.5,2.5,0.5,0.5,1.5,2.5,0.5,0.5,2.5,1.5,2.5,1.5,2.5,1.5,1.5,2.5,0.5,0.5,2.5,1.5,2.5,1.5,1.5,2.5,0.5,0.5,0.5,0.5,0.5,0.5,2.5,1.5,1.5,2.5,0.5,0.5,0.5,0.5,5.5,2.5,0.5,0.5,0.5,0.5,0.5,0.5,0.5,0.5,0.5,0.5,0.5,0.5,0.5,0.5,
-81.71409607,56.41543579,-91.97209167,1.5,2.5,1.5,2.5,1.5,2.5,0.5,0.5,0.5,0.5,1.5,2.5,1.5,2.5,1.5,2.5,1.5,2.5,0.5,0.5,0.5,0.5,0.5,0.5,2.5,1.5,1.5,2.5,1.5,2.5,0.5,0.5,0.5,0.5,1.5,2.5,0.5,0.5,0.5,0.5,0.5,0.5,0.5,0.5,0.5,0.5,2.5,1.5,2.5,1.5,2.5,1.5,8.5,2.5,0.5,0.5,0.5,0.5,0.5,0.5,0.5,0.5,0.5,0.5,0.5,0.5,0.5,0.5,0.5,0.5,
32.71421814,60.12387085,153.7125549,1.5,2.5,1.5,2.5,1.5,2.5,0.5,0.5,0.5,0.5,1.5,2.5,1.5,2.5,1.5,2.5,1.5,2.5,0.5,0.5,1.5,2.5,0.5,0.5,2.5,1.5,2.5,1.5,2.5,1.5,1.5,2.5,0.5,0.5,2.5,1.5,2.5,1.5,1.5,2.5,0.5,0.5,0.5,0.5,0.5,0.5,2.5,1.5,1.5,2.5,0.5,0.5,0.5,0.5,7.5,2.5,0.5,0.5,0.5,0.5,0.5,0.5,0.5,0.5,0.5,0.5,0.5,0.5,0.5,0.5,
29.70639038,47.51783752,163.7171021,1.5,2.5,1.5,2.5,1.5,2.5,0.5,0.5,0.5,0.5,1.5,2.5,1.5,2.5,1.5,2.5,1.5,2.5,0.5,0.5,1.5,2.5,0.5,0.5,2.5,1.5,2.5,1.5,2.5,1.5,1.5,2.5,0.5,0.5,2.5,1.5,2.5,1.5,1.5,2.5,0.5,0.5,0.5,0.5,0.5,0.5,2.5,1.5,1.5,2.5,0.5,0.5,0.5,0.5,7.5,2.5,0.5,0.5,0.5,0.5,0.5,0.5,0.5,0.5,0.5,0.5,0.5,0.5,0.5,0.5,
-91.15782166,91.86231995,-164.1621399,1.5,2.5,1.5,2.5,1.5,2.5,0.5,0.5,0.5,0.5,1.5,2.5,1.5,2.5,1.5,2.5,1.5,2.5,0.5,0.5,0.5,0.5,0.5,0.5,2.5,1.5,1.5,2.5,1.5,2.5,0.5,0.5,0.5,0.5,1.5,2.5,0.5,0.5,0.5,0.5,0.5,0.5,0.5,0.5,0.5,0.5,2.5,1.5,2.5,1.5,2.5,1.5,8.5,2.5,0.5,0.5,0.5,0.5,0.5,0.5,0.5,0.5,0.5,0.5,0.5,0.5,0.5,0.5,0.5,0.5,
46.49833679,90.01031494,-170.6940002,1.5,2.5,1.5,2.5,1.5,2.5,0.5,0.5,0.5,0.5,1.5,2.5,1.5,2.5,1.5,2.5,1.5,2.5,0.5,0.5,1.5,2.5,0.5,0.5,2.5,1.5,2.5,1.5,2.5,1.5,2.5,1.5,8.5,2.5,0.5,0.5,0.5,0.5,0.5,0.5,0.5,0.5,0.5,0.5,0.5,0.5,0.5,0.5,0.5,0.5,0.5,0.5,0.5,0.5,0.5,0.5,0.5,0.5,0.5,0.5,0.5,0.5,0.5,0.5,0.5,0.5,0.5,0.5,0.5,0.5,
-74.25747681,69.5567627,176.7389832,1.5,2.5,1.5,2.5,1.5,2.5,0.5,0.5,0.5,0.5,1.5,2.5,1.5,2.5,1.5,2.5,1.5,2.5,0.5,0.5,0.5,0.5,0.5,0.5,2.5,1.5,1.5,2.5,1.5,2.5,0.5,0.5,0.5,0.5,1.5,2.5,0.5,0.5,0.5,0.5,0.5,0.5,0.5,0.5,0.5,0.5,1.5,2.5,0.5,0.5,0.5,0.5,0.5,0.5,0.5,0.5,2.5,1.5,1.5,2.5,0.5,0.5,8.5,2.5,1.5,2.5,1.5,2.5,7.5,2.5,
61.954422,95.68502808,-195.8445587,1.5,2.5,1.5,2.5,1.5,2.5,0.5,0.5,0.5,0.5,1.5,2.5,1.5,2.5,1.5,2.5,1.5,2.5,0.5,0.5,1.5,2.5,0.5,0.5,2.5,1.5,2.5,1.5,2.5,1.5,2.5,1.5,8.5,2.5,0.5,0.5,0.5,0.5,0.5,0.5,0.5,0.5,0.5,0.5,0.5,0.5,0.5,0.5,0.5,0.5,0.5,0.5,0.5,0.5,0.5,0.5,0.5,0.5,0.5,0.5,0.5,0.5,0.5,0.5,0.5,0.5,0.5,0.5,0.5,0.5,
-76.67051697,11.97249603,-155.818573,1.5,2.5,1.5,2.5,1.5,2.5,0.5,0.5,0.5,0.5,1.5,2.5,1.5,2.5,1.5,2.5,1.5,2.5,0.5,0.5,0.5,0.5,0.5,0.5,2.5,1.5,1.5,2.5,1.5,2.5,0.5,0.5,0.5,0.5,1.5,2.5,0.5,0.5,0.5,0.5,0.5,0.5,0.5,0.5,0.5,0.5,2.5,1.5,2.5,1.5,2.5,1.5,8.5,2.5,0.5,0.5,0.5,0.5,0.5,0.5,0.5,0.5,0.5,0.5,0.5,0.5,0.5,0.5,0.5,0.5,
-13.30570984,77.5,44.90461731,1.5,2.5,1.5,2.5,1.5,2.5,0.5,0.5,0.5,0.5,1.5,2.5,1.5,2.5,1.5,2.5,1.5,2.5,0.5,0.5,0.5,0.5,0.5,0.5,2.5,1.5,1.5,2.5,1.5,2.5,0.5,0.5,0.5,0.5,1.5,2.5,0.5,0.5,0.5,0.5,0.5,0.5,0.5,0.5,0.5,0.5,1.5,2.5,0.5,0.5,0.5,0.5,0.5,0.5,0.5,0.5,2.5,1.5,2.5,1.5,6.5,2.5,0.5,0.5,0.5,0.5,0.5,0.5,0.5,0.5,
-16.99903107,91.88301086,-75.11053467,1.5,2.5,1.5,2.5,1.5,2.5,0.5,0.5,0.5,0.5,1.5,2.5,1.5,2.5,1.5,2.5,1.5,2.5,0.5,0.5,0.5,0.5,0.5,0.5,2.5,1.5,1.5,2.5,1.5,2.5,0.5,0.5,0.5,0.5,1.5,2.5,0.5,0.5,0.5,0.5,0.5,0.5,0.5,0.5,0.5,0.5,2.5,1.5,2.5,1.5,2.5,1.5,6.5,2.5,0.5,0.5,0.5,0.5,0.5,0.5,0.5,0.5,0.5,0.5,0.5,0.5,0.5,0.5,0.5,0.5,
12.77066803,97.22702026,111.0672913,1.5,2.5,1.5,2.5,1.5,2.5,0.5,0.5,0.5,0.5,1.5,2.5,1.5,2.5,1.5,2.5,1.5,2.5,0.5,0.5,1.5,2.5,0.5,0.5,2.5,1.5,2.5,1.5,2.5,1.5,1.5,2.5,0.5,0.5,2.5,1.5,2.5,1.5,1.5,2.5,0.5,0.5,0.5,0.5,0.5,0.5,2.5,1.5,1.5,2.5,0.5,0.5,0.5,0.5,6.5,2.5,0.5,0.5,0.5,0.5,0.5,0.5,0.5,0.5,0.5,0.5,0.5,0.5,0.5,0.5,
-11.18282318,57.83999634,154.2938843,1.5,2.5,1.5,2.5,1.5,2.5,0.5,0.5,0.5,0.5,1.5,2.5,1.5,2.5,1.5,2.5,1.5,2.5,0.5,0.5,0.5,0.5,0.5,0.5,2.5,1.5,1.5,2.5,1.5,2.5,0.5,0.5,0.5,0.5,1.5,2.5,0.5,0.5,0.5,0.5,0.5,0.5,0.5,0.5,0.5,0.5,1.5,2.5,0.5,0.5,0.5,0.5,0.5,0.5,0.5,0.5,1.5,2.5,0.5,0.5,6.5,2.5,0.5,0.5,0.5,0.5,0.5,0.5,0.5,0.5,
-28.8892746,41.96846008,66.81799316,1.5,2.5,1.5,2.5,1.5,2.5,0.5,0.5,0.5,0.5,1.5,2.5,1.5,2.5,1.5,2.5,1.5,2.5,0.5,0.5,0.5,0.5,0.5,0.5,2.5,1.5,1.5,2.5,1.5,2.5,0.5,0.5,0.5,0.5,1.5,2.5,0.5,0.5,0.5,0.5,0.5,0.5,0.5,0.5,0.5,0.5,1.5,2.5,0.5,0.5,0.5,0.5,0.5,0.5,0.5,0.5,2.5,1.5,2.5,1.5,7.5,2.5,0.5,0.5,0.5,0.5,0.5,0.5,0.5,0.5,
-91.4853363,53.35348511,-178.2985382,1.5,2.5,1.5,2.5,1.5,2.5,0.5,0.5,0.5,0.5,1.5,2.5,1.5,2.5,1.5,2.5,1.5,2.5,0.5,0.5,0.5,0.5,0.5,0.5,2.5,1.5,1.5,2.5,1.5,2.5,0.5,0.5,0.5,0.5,1.5,2.5,0.5,0.5,0.5,0.5,0.5,0.5,0.5,0.5,0.5,0.5,2.5,1.5,2.5,1.5,2.5,1.5,8.5,2.5,0.5,0.5,0.5,0.5,0.5,0.5,0.5,0.5,0.5,0.5,0.5,0.5,0.5,0.5,0.5,0.5,
-63.63928223,64.020401,-13.55072021,1.5,2.5,1.5,2.5,1.5,2.5,0.5,0.5,0.5,0.5,1.5,2.5,1.5,2.5,1.5,2.5,1.5,2.5,0.5,0.5,0.5,0.5,0.5,0.5,2.5,1.5,1.5,2.5,1.5,2.5,0.5,0.5,0.5,0.5,1.5,2.5,0.5,0.5,0.5,0.5,0.5,0.5,0.5,0.5,0.5,0.5,2.5,1.5,2.5,1.5,2.5,1.5,8.5,2.5,0.5,0.5,0.5,0.5,0.5,0.5,0.5,0.5,0.5,0.5,0.5,0.5,0.5,0.5,0.5,0.5,
-76.95463562,30.50518799,-103.260994,1.5,2.5,1.5,2.5,1.5,2.5,0.5,0.5,0.5,0.5,1.5,2.5,1.5,2.5,1.5,2.5,1.5,2.5,0.5,0.5,0.5,0.5,0.5,0.5,2.5,1.5,1.5,2.5,1.5,2.5,0.5,0.5,0.5,0.5,1.5,2.5,0.5,0.5,0.5,0.5,0.5,0.5,0.5,0.5,0.5,0.5,2.5,1.5,2.5,1.5,2.5,1.5,8.5,2.5,0.5,0.5,0.5,0.5,0.5,0.5,0.5,0.5,0.5,0.5,0.5,0.5,0.5,0.5,0.5,0.5,
-62.09778214,74.3013916,-159.6061096,1.5,2.5,1.5,2.5,1.5,2.5,0.5,0.5,0.5,0.5,1.5,2.5,1.5,2.5,1.5,2.5,1.5,2.5,0.5,0.5,0.5,0.5,0.5,0.5,2.5,1.5,1.5,2.5,1.5,2.5,0.5,0.5,0.5,0.5,1.5,2.5,0.5,0.5,0.5,0.5,0.5,0.5,0.5,0.5,0.5,0.5,2.5,1.5,2.5,1.5,2.5,1.5,8.5,2.5,0.5,0.5,0.5,0.5,0.5,0.5,0.5,0.5,0.5,0.5,0.5,0.5,0.5,0.5,0.5,0.5,
-52.38478851,54.26623535,125.7875061,1.5,2.5,1.5,2.5,1.5,2.5,0.5,0.5,0.5,0.5,1.5,2.5,1.5,2.5,1.5,2.5,1.5,2.5,0.5,0.5,0.5,0.5,0.5,0.5,2.5,1.5,1.5,2.5,1.5,2.5,0.5,0.5,0.5,0.5,1.5,2.5,0.5,0.5,0.5,0.5,0.5,0.5,0.5,0.5,0.5,0.5,1.5,2.5,0.5,0.5,0.5,0.5,0.5,0.5,0.5,0.5,2.5,1.5,1.5,2.5,0.5,0.5,8.5,2.5,1.5,2.5,1.5,2.5,6.5,2.5,
-14.47427368,67.91853333,136.6091003,1.5,2.5,1.5,2.5,1.5,2.5,0.5,0.5,0.5,0.5,1.5,2.5,1.5,2.5,1.5,2.5,1.5,2.5,0.5,0.5,0.5,0.5,0.5,0.5,2.5,1.5,1.5,2.5,1.5,2.5,0.5,0.5,0.5,0.5,1.5,2.5,0.5,0.5,0.5,0.5,0.5,0.5,0.5,0.5,0.5,0.5,1.5,2.5,0.5,0.5,0.5,0.5,0.5,0.5,0.5,0.5,1.5,2.5,0.5,0.5,6.5,2.5,0.5,0.5,0.5,0.5,0.5,0.5,0.5,0.5,
-59.51018906,70.14445496,49.63365173,1.5,2.5,1.5,2.5,1.5,2.5,0.5,0.5,0.5,0.5,1.5,2.5,1.5,2.5,1.5,2.5,1.5,2.5,0.5,0.5,0.5,0.5,0.5,0.5,2.5,1.5,1.5,2.5,1.5,2.5,0.5,0.5,0.5,0.5,1.5,2.5,0.5,0.5,0.5,0.5,0.5,0.5,0.5,0.5,0.5,0.5,1.5,2.5,0.5,0.5,0.5,0.5,0.5,0.5,0.5,0.5,2.5,1.5,2.5,1.5,8.5,2.5,0.5,0.5,0.5,0.5,0.5,0.5,0.5,0.5,
68.26852417,53.0838623,64.61901855,1.5,2.5,1.5,2.5,1.5,2.5,0.5,0.5,0.5,0.5,1.5,2.5,1.5,2.5,1.5,2.5,1.5,2.5,0.5,0.5,0.5,0.5,0.5,0.5,2.5,1.5,1.5,2.5,1.5,2.5,0.5,0.5,0.5,0.5,1.5,2.5,0.5,0.5,0.5,0.5,0.5,0.5,0.5,0.5,0.5,0.5,2.5,1.5,2.5,1.5,2.5,1.5,6.5,2.5,0.5,0.5,0.5,0.5,0.5,0.5,0.5,0.5,0.5,0.5,0.5,0.5,0.5,0.5,0.5,0.5,
67.21646118,28.82778931,-136.7624664,1.5,2.5,1.5,2.5,1.5,2.5,0.5,0.5,0.5,0.5,1.5,2.5,1.5,2.5,1.5,2.5,1.5,2.5,0.5,0.5,0.5,0.5,0.5,0.5,2.5,1.5,1.5,2.5,1.5,2.5,0.5,0.5,0.5,0.5,1.5,2.5,0.5,0.5,0.5,0.5,0.5,0.5,0.5,0.5,0.5,0.5,1.5,2.5,0.5,0.5,0.5,0.5,0.5,0.5,0.5,0.5,1.5,2.5,0.5,0.5,8.5,2.5,0.5,0.5,0.5,0.5,0.5,0.5,0.5,0.5,
47.44068909,77.41238403,-148.7017517,1.5,2.5,1.5,2.5,1.5,2.5,0.5,0.5,0.5,0.5,1.5,2.5,1.5,2.5,1.5,2.5,1.5,2.5,0.5,0.5,1.5,2.5,0.5,0.5,2.5,1.5,2.5,1.5,2.5,1.5,2.5,1.5,8.5,2.5,0.5,0.5,0.5,0.5,0.5,0.5,0.5,0.5,0.5,0.5,0.5,0.5,0.5,0.5,0.5,0.5,0.5,0.5,0.5,0.5,0.5,0.5,0.5,0.5,0.5,0.5,0.5,0.5,0.5,0.5,0.5,0.5,0.5,0.5,0.5,0.5,
-76.95167542,77.06468201,134.1711426,1.5,2.5,1.5,2.5,1.5,2.5,0.5,0.5,0.5,0.5,1.5,2.5,1.5,2.5,1.5,2.5,1.5,2.5,0.5,0.5,0.5,0.5,0.5,0.5,2.5,1.5,1.5,2.5,1.5,2.5,0.5,0.5,0.5,0.5,1.5,2.5,0.5,0.5,0.5,0.5,0.5,0.5,0.5,0.5,0.5,0.5,1.5,2.5,0.5,0.5,0.5,0.5,0.5,0.5,0.5,0.5,2.5,1.5,2.5,1.5,8.5,2.5,0.5,0.5,0.5,0.5,0.5,0.5,0.5,0.5,
-31.16127014,80.21472168,-197.3719635,1.5,2.5,1.5,2.5,1.5,2.5,0.5,0.5,0.5,0.5,1.5,2.5,1.5,2.5,1.5,2.5,1.5,2.5,0.5,0.5,0.5,0.5,0.5,0.5,2.5,1.5,1.5,2.5,1.5,2.5,0.5,0.5,0.5,0.5,1.5,2.5,0.5,0.5,0.5,0.5,0.5,0.5,0.5,0.5,0.5,0.5,2.5,1.5,2.5,1.5,2.5,1.5,7.5,2.5,0.5,0.5,0.5,0.5,0.5,0.5,0.5,0.5,0.5,0.5,0.5,0.5,0.5,0.5,0.5,0.5,
51.00071716,81.85595703,-166.2228546,1.5,2.5,1.5,2.5,1.5,2.5,0.5,0.5,0.5,0.5,1.5,2.5,1.5,2.5,1.5,2.5,1.5,2.5,0.5,0.5,1.5,2.5,0.5,0.5,2.5,1.5,2.5,1.5,2.5,1.5,2.5,1.5,8.5,2.5,0.5,0.5,0.5,0.5,0.5,0.5,0.5,0.5,0.5,0.5,0.5,0.5,0.5,0.5,0.5,0.5,0.5,0.5,0.5,0.5,0.5,0.5,0.5,0.5,0.5,0.5,0.5,0.5,0.5,0.5,0.5,0.5,0.5,0.5,0.5,0.5,
81.96488953,91.86717224,-7.533126831,1.5,2.5,1.5,2.5,1.5,2.5,0.5,0.5,0.5,0.5,1.5,2.5,1.5,2.5,1.5,2.5,1.5,2.5,0.5,0.5,1.5,2.5,0.5,0.5,2.5,1.5,2.5,1.5,2.5,1.5,1.5,2.5,0.5,0.5,2.5,1.5,2.5,1.5,2.5,1.5,6.5,2.5,1.5,2.5,1.5,2.5,0.5,0.5,0.5,0.5,0.5,0.5,0.5,0.5,0.5,0.5,0.5,0.5,0.5,0.5,0.5,0.5,0.5,0.5,0.5,0.5,0.5,0.5,0.5,0.5,
-99.13690186,13.32522583,6.091720581,1.5,2.5,1.5,2.5,1.5,2.5,0.5,0.5,0.5,0.5,1.5,2.5,1.5,2.5,1.5,2.5,1.5,2.5,0.5,0.5,0.5,0.5,0.5,0.5,2.5,1.5,1.5,2.5,1.5,2.5,0.5,0.5,0.5,0.5,1.5,2.5,0.5,0.5,0.5,0.5,0.5,0.5,0.5,0.5,0.5,0.5,1.5,2.5,0.5,0.5,0.5,0.5,0.5,0.5,0.5,0.5,2.5,1.5,2.5,1.5,8.5,2.5,0.5,0.5,0.5,0.5,0.5,0.5,0.5,0.5,
47.68455505,9.214736938,-175.9336243,1.5,2.5,1.5,2.5,1.5,2.5,0.5,0.5,0.5,0.5,1.5,2.5,1.5,2.5,1.5,2.5,2.5,1.5,1.5,2.5,0.5,0.5,0.5,0.5,2.5,1.5,1.5,2.5,1.5,2.5,0.5,0.5,0.5,0.5,1.5,2.5,0.5,0.5,0.5,0.5,0.5,0.5,0.5,0.5,0.5,0.5,1.5,2.5,0.5,0.5,0.5,0.5,0.5,0.5,0.5,0.5,1.5,2.5,0.5,0.5,8.5,2.5,0.5,0.5,0.5,0.5,0.5,0.5,0.5,0.5,
-2.714103699,53.01017761,185.1011047,1.5,2.5,1.5,2.5,1.5,2.5,0.5,0.5,0.5,0.5,1.5,2.5,2.5,1.5,0.5,0.5,0.5,0.5,0.5,0.5,0.5,0.5,0.5,0.5,0.5,0.5,0.5,0.5,0.5,0.5,0.5,0.5,0.5,0.5,0.5,0.5,0.5,0.5,0.5,0.5,0.5,0.5,0.5,0.5,0.5,0.5,0.5,0.5,0.5,0.5,0.5,0.5,0.5,0.5,0.5,0.5,0.5,0.5,0.5,0.5,0.5,0.5,0.5,0.5,0.5,0.5,0.5,0.5,0.5,0.5,
72.51963806,48.08488464,28.78642273,1.5,2.5,1.5,2.5,1.5,2.5,0.5,0.5,0.5,0.5,1.5,2.5,1.5,2.5,1.5,2.5,1.5,2.5,0.5,0.5,0.5,0.5,0.5,0.5,2.5,1.5,1.5,2.5,1.5,2.5,0.5,0.5,0.5,0.5,1.5,2.5,0.5,0.5,0.5,0.5,0.5,0.5,0.5,0.5,0.5,0.5,2.5,1.5,2.5,1.5,2.5,1.5,7.5,2.5,0.5,0.5,0.5,0.5,0.5,0.5,0.5,0.5,0.5,0.5,0.5,0.5,0.5,0.5,0.5,0.5,
-69.79798889,15.97129059,153.4687805,1.5,2.5,1.5,2.5,1.5,2.5,0.5,0.5,0.5,0.5,1.5,2.5,1.5,2.5,1.5,2.5,1.5,2.5,0.5,0.5,0.5,0.5,0.5,0.5,2.5,1.5,1.5,2.5,1.5,2.5,0.5,0.5,0.5,0.5,1.5,2.5,0.5,0.5,0.5,0.5,0.5,0.5,0.5,0.5,0.5,0.5,1.5,2.5,0.5,0.5,0.5,0.5,0.5,0.5,0.5,0.5,1.5,2.5,0.5,0.5,8.5,2.5,0.5,0.5,0.5,0.5,0.5,0.5,0.5,0.5,
-17.99590302,45.07548523,-46.83247375,1.5,2.5,1.5,2.5,1.5,2.5,0.5,0.5,0.5,0.5,1.5,2.5,1.5,2.5,1.5,2.5,1.5,2.5,0.5,0.5,0.5,0.5,0.5,0.5,2.5,1.5,1.5,2.5,1.5,2.5,0.5,0.5,0.5,0.5,1.5,2.5,0.5,0.5,0.5,0.5,0.5,0.5,0.5,0.5,0.5,0.5,2.5,1.5,2.5,1.5,2.5,1.5,7.5,2.5,0.5,0.5,0.5,0.5,0.5,0.5,0.5,0.5,0.5,0.5,0.5,0.5,0.5,0.5,0.5,0.5,
-11.06770325,53.22503662,170.8847656,1.5,2.5,1.5,2.5,1.5,2.5,0.5,0.5,0.5,0.5,1.5,2.5,1.5,2.5,1.5,2.5,1.5,2.5,0.5,0.5,0.5,0.5,0.5,0.5,2.5,1.5,1.5,2.5,1.5,2.5,0.5,0.5,0.5,0.5,1.5,2.5,0.5,0.5,0.5,0.5,0.5,0.5,0.5,0.5,0.5,0.5,1.5,2.5,0.5,0.5,0.5,0.5,0.5,0.5,0.5,0.5,1.5,2.5,0.5,0.5,6.5,2.5,0.5,0.5,0.5,0.5,0.5,0.5,0.5,0.5,
-4.051712036,71.44233704,-195.7425537,1.5,2.5,1.5,2.5,1.5,2.5,0.5,0.5,0.5,0.5,1.5,2.5,1.5,2.5,1.5,2.5,1.5,2.5,0.5,0.5,0.5,0.5,0.5,0.5,2.5,1.5,1.5,2.5,1.5,2.5,0.5,0.5,0.5,0.5,1.5,2.5,0.5,0.5,0.5,0.5,0.5,0.5,0.5,0.5,0.5,0.5,2.5,1.5,2.5,1.5,2.5,1.5,4.5,2.5,0.5,0.5,0.5,0.5,0.5,0.5,0.5,0.5,0.5,0.5,0.5,0.5,0.5,0.5,0.5,0.5,
-95.29249573,80.86598206,153.4287415,1.5,2.5,1.5,2.5,1.5,2.5,0.5,0.5,0.5,0.5,1.5,2.5,1.5,2.5,1.5,2.5,1.5,2.5,0.5,0.5,0.5,0.5,0.5,0.5,2.5,1.5,1.5,2.5,1.5,2.5,0.5,0.5,0.5,0.5,1.5,2.5,0.5,0.5,0.5,0.5,0.5,0.5,0.5,0.5,0.5,0.5,1.5,2.5,0.5,0.5,0.5,0.5,0.5,0.5,0.5,0.5,2.5,1.5,2.5,1.5,8.5,2.5,0.5,0.5,0.5,0.5,0.5,0.5,0.5,0.5,
-94.35333252,46.46688843,-199.7075348,1.5,2.5,1.5,2.5,1.5,2.5,0.5,0.5,0.5,0.5,1.5,2.5,1.5,2.5,1.5,2.5,1.5,2.5,0.5,0.5,0.5,0.5,0.5,0.5,2.5,1.5,1.5,2.5,1.5,2.5,0.5,0.5,0.5,0.5,1.5,2.5,0.5,0.5,0.5,0.5,0.5,0.5,0.5,0.5,0.5,0.5,2.5,1.5,2.5,1.5,2.5,1.5,8.5,2.5,0.5,0.5,0.5,0.5,0.5,0.5,0.5,0.5,0.5,0.5,0.5,0.5,0.5,0.5,0.5,0.5,
-54.29636383,19.21641541,91.6338501,1.5,2.5,1.5,2.5,1.5,2.5,0.5,0.5,0.5,0.5,1.5,2.5,1.5,2.5,1.5,2.5,1.5,2.5,0.5,0.5,0.5,0.5,0.5,0.5,2.5,1.5,1.5,2.5,1.5,2.5,0.5,0.5,0.5,0.5,1.5,2.5,0.5,0.5,0.5,0.5,0.5,0.5,0.5,0.5,0.5,0.5,1.5,2.5,0.5,0.5,0.5,0.5,0.5,0.5,0.5,0.5,2.5,1.5,1.5,2.5,0.5,0.5,8.5,2.5,1.5,2.5,1.5,2.5,7.5,2.5,
40.57025146,10.45718384,-162.8117523,1.5,2.5,1.5,2.5,1.5,2.5,0.5,0.5,0.5,0.5,1.5,2.5,1.5,2.5,1.5,2.5,1.5,2.5,0.5,0.5,0.5,0.5,0.5,0.5,2.5,1.5,1.5,2.5,1.5,2.5,0.5,0.5,0.5,0.5,1.5,2.5,0.5,0.5,0.5,0.5,0.5,0.5,0.5,0.5,0.5,0.5,1.5,2.5,0.5,0.5,0.5,0.5,0.5,0.5,0.5,0.5,1.5,2.5,0.5,0.5,7.5,2.5,0.5,0.5,0.5,0.5,0.5,0.5,0.5,0.5,
87.96012878,80.15386963,-157.2478333,1.5,2.5,1.5,2.5,1.5,2.5,0.5,0.5,0.5,0.5,1.5,2.5,1.5,2.5,1.5,2.5,1.5,2.5,0.5,0.5,0.5,0.5,0.5,0.5,2.5,1.5,1.5,2.5,1.5,2.5,0.5,0.5,0.5,0.5,1.5,2.5,0.5,0.5,0.5,0.5,0.5,0.5,0.5,0.5,0.5,0.5,1.5,2.5,0.5,0.5,0.5,0.5,0.5,0.5,0.5,0.5,1.5,2.5,0.5,0.5,5.5,2.5,0.5,0.5,0.5,0.5,0.5,0.5,0.5,0.5,
-48.20516205,4.664550781,78.31640625,1.5,2.5,1.5,2.5,1.5,2.5,0.5,0.5,0.5,0.5,1.5,2.5,1.5,2.5,1.5,2.5,2.5,1.5,1.5,2.5,0.5,0.5,0.5,0.5,2.5,1.5,1.5,2.5,1.5,2.5,0.5,0.5,0.5,0.5,1.5,2.5,0.5,0.5,0.5,0.5,0.5,0.5,0.5,0.5,0.5,0.5,1.5,2.5,0.5,0.5,0.5,0.5,0.5,0.5,0.5,0.5,2.5,1.5,1.5,2.5,0.5,0.5,8.5,2.5,1.5,2.5,1.5,2.5,6.5,2.5,
94.40312195,97.29611206,81.30383301,1.5,2.5,1.5,2.5,1.5,2.5,0.5,0.5,0.5,0.5,1.5,2.5,1.5,2.5,1.5,2.5,1.5,2.5,0.5,0.5,1.5,2.5,0.5,0.5,2.5,1.5,2.5,1.5,2.5,1.5,1.5,2.5,0.5,0.5,2.5,1.5,2.5,1.5,2.5,1.5,3.5,2.5,1.5,2.5,1.5,2.5,0.5,0.5,0.5,0.5,0.5,0.5,0.5,0.5,0.5,0.5,0.5,0.5,0.5,0.5,0.5,0.5,0.5,0.5,0.5,0.5,0.5,0.5,0.5,0.5,
-59.31572342,99.04797363,-108.9720459,1.5,2.5,1.5,2.5,1.5,2.5,0.5,0.5,0.5,0.5,1.5,2.5,1.5,2.5,1.5,2.5,1.5,2.5,0.5,0.5,0.5,0.5,0.5,0.5,2.5,1.5,1.5,2.5,1.5,2.5,0.5,0.5,0.5,0.5,1.5,2.5,0.5,0.5,0.5,0.5,0.5,0.5,0.5,0.5,0.5,0.5,2.5,1.5,2.5,1.5,2.5,1.5,8.5,2.5,0.5,0.5,0.5,0.5,0.5,0.5,0.5,0.5,0.5,0.5,0.5,0.5,0.5,0.5,0.5,0.5,
-61.60124969,87.37217712,7.424789429,1.5,2.5,1.5,2.5,1.5,2.5,0.5,0.5,0.5,0.5,1.5,2.5,1.5,2.5,1.5,2.5,1.5,2.5,0.5,0.5,0.5,0.5,0.5,0.5,2.5,1.5,1.5,2.5,1.5,2.5,0.5,0.5,0.5,0.5,1.5,2.5,0.5,0.5,0.5,0.5,0.5,0.5,0.5,0.5,0.5,0.5,1.5,2.5,0.5,0.5,0.5,0.5,0.5,0.5,0.5,0.5,2.5,1.5,2.5,1.5,8.5,2.5,0.5,0.5,0.5,0.5,0.5,0.5,0.5,0.5,
53.44895935,94.83084106,182.8392944,1.5,2.5,1.5,2.5,1.5,2.5,0.5,0.5,0.5,0.5,1.5,2.5,1.5,2.5,1.5,2.5,1.5,2.5,0.5,0.5,1.5,2.5,0.5,0.5,2.5,1.5,2.5,1.5,2.5,1.5,1.5,2.5,0.5,0.5,2.5,1.5,2.5,1.5,1.5,2.5,0.5,0.5,0.5,0.5,0.5,0.5,2.5,1.5,1.5,2.5,0.5,0.5,0.5,0.5,8.5,2.5,0.5,0.5,0.5,0.5,0.5,0.5,0.5,0.5,0.5,0.5,0.5,0.5,0.5,0.5,
18.32093048,86.43986511,56.90948486,1.5,2.5,1.5,2.5,1.5,2.5,0.5,0.5,0.5,0.5,1.5,2.5,1.5,2.5,1.5,2.5,1.5,2.5,0.5,0.5,1.5,2.5,0.5,0.5,2.5,1.5,2.5,1.5,2.5,1.5,1.5,2.5,0.5,0.5,2.5,1.5,2.5,1.5,2.5,1.5,8.5,2.5,1.5,2.5,1.5,2.5,0.5,0.5,0.5,0.5,0.5,0.5,0.5,0.5,0.5,0.5,0.5,0.5,0.5,0.5,0.5,0.5,0.5,0.5,0.5,0.5,0.5,0.5,0.5,0.5,
98.52378845,83.42559814,-122.9549179,1.5,2.5,1.5,2.5,1.5,2.5,0.5,0.5,0.5,0.5,1.5,2.5,1.5,2.5,1.5,2.5,1.5,2.5,0.5,0.5,0.5,0.5,0.5,0.5,2.5,1.5,1.5,2.5,1.5,2.5,0.5,0.5,0.5,0.5,1.5,2.5,0.5,0.5,0.5,0.5,0.5,0.5,0.5,0.5,0.5,0.5,1.5,2.5,0.5,0.5,0.5,0.5,0.5,0.5,0.5,0.5,1.5,2.5,0.5,0.5,6.5,2.5,0.5,0.5,0.5,0.5,0.5,0.5,0.5,0.5,
86.13452148,72.79447937,129.4328308,1.5,2.5,1.5,2.5,1.5,2.5,0.5,0.5,0.5,0.5,1.5,2.5,1.5,2.5,1.5,2.5,1.5,2.5,0.5,0.5,0.5,0.5,0.5,0.5,2.5,1.5,1.5,2.5,1.5,2.5,0.5,0.5,0.5,0.5,1.5,2.5,0.5,0.5,0.5,0.5,0.5,0.5,0.5,0.5,0.5,0.5,2.5,1.5,2.5,1.5,2.5,1.5,6.5,2.5,0.5,0.5,0.5,0.5,0.5,0.5,0.5,0.5,0.5,0.5,0.5,0.5,0.5,0.5,0.5,0.5,
58.91053772,37.36175537,-181.894455,1.5,2.5,1.5,2.5,1.5,2.5,0.5,0.5,0.5,0.5,1.5,2.5,1.5,2.5,1.5,2.5,1.5,2.5,0.5,0.5,0.5,0.5,0.5,0.5,2.5,1.5,1.5,2.5,1.5,2.5,0.5,0.5,0.5,0.5,1.5,2.5,0.5,0.5,0.5,0.5,0.5,0.5,0.5,0.5,0.5,0.5,1.5,2.5,0.5,0.5,0.5,0.5,0.5,0.5,0.5,0.5,1.5,2.5,0.5,0.5,7.5,2.5,0.5,0.5,0.5,0.5,0.5,0.5,0.5,0.5,
-73.94080353,97.47674561,-83.13763428,1.5,2.5,1.5,2.5,1.5,2.5,0.5,0.5,0.5,0.5,1.5,2.5,1.5,2.5,1.5,2.5,1.5,2.5,0.5,0.5,0.5,0.5,0.5,0.5,2.5,1.5,1.5,2.5,1.5,2.5,0.5,0.5,0.5,0.5,1.5,2.5,0.5,0.5,0.5,0.5,0.5,0.5,0.5,0.5,0.5,0.5,2.5,1.5,2.5,1.5,2.5,1.5,8.5,2.5,0.5,0.5,0.5,0.5,0.5,0.5,0.5,0.5,0.5,0.5,0.5,0.5,0.5,0.5,0.5,0.5,
17.80455017,8.149780273,37.95195007,1.5,2.5,1.5,2.5,1.5,2.5,0.5,0.5,0.5,0.5,1.5,2.5,1.5,2.5,1.5,2.5,2.5,1.5,1.5,2.5,0.5,0.5,0.5,0.5,2.5,1.5,1.5,2.5,1.5,2.5,0.5,0.5,0.5,0.5,1.5,2.5,0.5,0.5,0.5,0.5,0.5,0.5,0.5,0.5,0.5,0.5,2.5,1.5,2.5,1.5,2.5,1.5,6.5,2.5,0.5,0.5,0.5,0.5,0.5,0.5,0.5,0.5,0.5,0.5,0.5,0.5,0.5,0.5,0.5,0.5,
-40.68695831,92.72554016,-176.5355988,1.5,2.5,1.5,2.5,1.5,2.5,0.5,0.5,0.5,0.5,1.5,2.5,1.5,2.5,1.5,2.5,1.5,2.5,0.5,0.5,0.5,0.5,0.5,0.5,2.5,1.5,1.5,2.5,1.5,2.5,0.5,0.5,0.5,0.5,1.5,2.5,0.5,0.5,0.5,0.5,0.5,0.5,0.5,0.5,0.5,0.5,2.5,1.5,2.5,1.5,2.5,1.5,8.5,2.5,0.5,0.5,0.5,0.5,0.5,0.5,0.5,0.5,0.5,0.5,0.5,0.5,0.5,0.5,0.5,0.5,
81.47357178,33.00679016,4.587081909,1.5,2.5,1.5,2.5,1.5,2.5,0.5,0.5,0.5,0.5,1.5,2.5,1.5,2.5,1.5,2.5,1.5,2.5,0.5,0.5,0.5,0.5,0.5,0.5,2.5,1.5,1.5,2.5,1.5,2.5,0.5,0.5,0.5,0.5,1.5,2.5,0.5,0.5,0.5,0.5,0.5,0.5,0.5,0.5,0.5,0.5,2.5,1.5,2.5,1.5,2.5,1.5,8.5,2.5,0.5,0.5,0.5,0.5,0.5,0.5,0.5,0.5,0.5,0.5,0.5,0.5,0.5,0.5,0.5,0.5,
31.59835815,96.23040771,22.97489929,1.5,2.5,1.5,2.5,1.5,2.5,0.5,0.5,0.5,0.5,1.5,2.5,1.5,2.5,1.5,2.5,1.5,2.5,0.5,0.5,1.5,2.5,0.5,0.5,2.5,1.5,2.5,1.5,2.5,1.5,2.5,1.5,7.5,2.5,0.5,0.5,0.5,0.5,0.5,0.5,0.5,0.5,0.5,0.5,0.5,0.5,0.5,0.5,0.5,0.5,0.5,0.5,0.5,0.5,0.5,0.5,0.5,0.5,0.5,0.5,0.5,0.5,0.5,0.5,0.5,0.5,0.5,0.5,0.5,0.5,
73.93338013,95.71057129,-182.9668274,1.5,2.5,1.5,2.5,1.5,2.5,0.5,0.5,0.5,0.5,1.5,2.5,1.5,2.5,1.5,2.5,1.5,2.5,0.5,0.5,1.5,2.5,0.5,0.5,2.5,1.5,2.5,1.5,2.5,1.5,2.5,1.5,8.5,2.5,0.5,0.5,0.5,0.5,0.5,0.5,0.5,0.5,0.5,0.5,0.5,0.5,0.5,0.5,0.5,0.5,0.5,0.5,0.5,0.5,0.5,0.5,0.5,0.5,0.5,0.5,0.5,0.5,0.5,0.5,0.5,0.5,0.5,0.5,0.5,0.5,
95.97090149,-85.21942139,140.5808105,0.5,0.5,0.5,0.5,0.5,0.5,0.5,0.5,0.5,0.5,0.5,0.5,0.5,0.5,0.5,0.5,0.5,0.5,0.5,0.5,0.5,0.5,0.5,0.5,0.5,0.5,0.5,0.5,0.5,0.5,0.5,0.5,0.5,0.5,0.5,0.5,0.5,0.5,0.5,0.5,0.5,0.5,0.5,0.5,0.5,0.5,0.5,0.5,0.5,0.5,0.5,0.5,0.5,0.5,0.5,0.5,0.5,0.5,0.5,0.5,0.5,0.5,0.5,0.5,0.5,0.5,0.5,0.5,0.5,0.5,
-93.5633316,-8.461647034,180.0213928,0.5,0.5,0.5,0.5,0.5,0.5,0.5,0.5,0.5,0.5,0.5,0.5,0.5,0.5,0.5,0.5,0.5,0.5,0.5,0.5,0.5,0.5,0.5,0.5,0.5,0.5,0.5,0.5,0.5,0.5,0.5,0.5,0.5,0.5,0.5,0.5,0.5,0.5,0.5,0.5,0.5,0.5,0.5,0.5,0.5,0.5,0.5,0.5,0.5,0.5,0.5,0.5,0.5,0.5,0.5,0.5,0.5,0.5,0.5,0.5,0.5,0.5,0.5,0.5,0.5,0.5,0.5,0.5,0.5,0.5,
-83.70084381,-84.67495728,-32.78923035,0.5,0.5,0.5,0.5,0.5,0.5,0.5,0.5,0.5,0.5,0.5,0.5,0.5,0.5,0.5,0.5,0.5,0.5,0.5,0.5,0.5,0.5,0.5,0.5,0.5,0.5,0.5,0.5,0.5,0.5,0.5,0.5,0.5,0.5,0.5,0.5,0.5,0.5,0.5,0.5,0.5,0.5,0.5,0.5,0.5,0.5,0.5,0.5,0.5,0.5,0.5,0.5,0.5,0.5,0.5,0.5,0.5,0.5,0.5,0.5,0.5,0.5,0.5,0.5,0.5,0.5,0.5,0.5,0.5,0.5,
-55.83349991,-69.26582336,141.7306519,0.5,0.5,0.5,0.5,0.5,0.5,0.5,0.5,0.5,0.5,0.5,0.5,0.5,0.5,0.5,0.5,0.5,0.5,0.5,0.5,0.5,0.5,0.5,0.5,0.5,0.5,0.5,0.5,0.5,0.5,0.5,0.5,0.5,0.5,0.5,0.5,0.5,0.5,0.5,0.5,0.5,0.5,0.5,0.5,0.5,0.5,0.5,0.5,0.5,0.5,0.5,0.5,0.5,0.5,0.5,0.5,0.5,0.5,0.5,0.5,0.5,0.5,0.5,0.5,0.5,0.5,0.5,0.5,0.5,0.5,
67.05300903,-56.82402802,-49.92424011,0.5,0.5,0.5,0.5,0.5,0.5,0.5,0.5,0.5,0.5,0.5,0.5,0.5,0.5,0.5,0.5,0.5,0.5,0.5,0.5,0.5,0.5,0.5,0.5,0.5,0.5,0.5,0.5,0.5,0.5,0.5,0.5,0.5,0.5,0.5,0.5,0.5,0.5,0.5,0.5,0.5,0.5,0.5,0.5,0.5,0.5,0.5,0.5,0.5,0.5,0.5,0.5,0.5,0.5,0.5,0.5,0.5,0.5,0.5,0.5,0.5,0.5,0.5,0.5,0.5,0.5,0.5,0.5,0.5,0.5,
-24.75045013,-84.93595886,193.599762,0.5,0.5,0.5,0.5,0.5,0.5,0.5,0.5,0.5,0.5,0.5,0.5,0.5,0.5,0.5,0.5,0.5,0.5,0.5,0.5,0.5,0.5,0.5,0.5,0.5,0.5,0.5,0.5,0.5,0.5,0.5,0.5,0.5,0.5,0.5,0.5,0.5,0.5,0.5,0.5,0.5,0.5,0.5,0.5,0.5,0.5,0.5,0.5,0.5,0.5,0.5,0.5,0.5,0.5,0.5,0.5,0.5,0.5,0.5,0.5,0.5,0.5,0.5,0.5,0.5,0.5,0.5,0.5,0.5,0.5,
86.97027588,-94.80918884,116.2578125,0.5,0.5,0.5,0.5,0.5,0.5,0.5,0.5,0.5,0.5,0.5,0.5,0.5,0.5,0.5,0.5,0.5,0.5,0.5,0.5,0.5,0.5,0.5,0.5,0.5,0.5,0.5,0.5,0.5,0.5,0.5,0.5,0.5,0.5,0.5,0.5,0.5,0.5,0.5,0.5,0.5,0.5,0.5,0.5,0.5,0.5,0.5,0.5,0.5,0.5,0.5,0.5,0.5,0.5,0.5,0.5,0.5,0.5,0.5,0.5,0.5,0.5,0.5,0.5,0.5,0.5,0.5,0.5,0.5,0.5,
-42.50230789,-37.61569977,164.8270569,0.5,0.5,0.5,0.5,0.5,0.5,0.5,0.5,0.5,0.5,0.5,0.5,0.5,0.5,0.5,0.5,0.5,0.5,0.5,0.5,0.5,0.5,0.5,0.5,0.5,0.5,0.5,0.5,0.5,0.5,0.5,0.5,0.5,0.5,0.5,0.5,0.5,0.5,0.5,0.5,0.5,0.5,0.5,0.5,0.5,0.5,0.5,0.5,0.5,0.5,0.5,0.5,0.5,0.5,0.5,0.5,0.5,0.5,0.5,0.5,0.5,0.5,0.5,0.5,0.5,0.5,0.5,0.5,0.5,0.5,
-63.28964233,66.68197632,-120.5037231,1.5,2.5,1.5,2.5,1.5,2.5,0.5,0.5,0.5,0.5,1.5,2.5,1.5,2.5,1.5,2.5,1.5,2.5,0.5,0.5,0.5,0.5,0.5,0.5,2.5,1.5,1.5,2.5,1.5,2.5,0.5,0.5,0.5,0.5,1.5,2.5,0.5,0.5,0.5,0.5,0.5,0.5,0.5,0.5,0.5,0.5,2.5,1.5,2.5,1.5,2.5,1.5,8.5,2.5,0.5,0.5,0.5,0.5,0.5,0.5,0.5,0.5,0.5,0.5,0.5,0.5,0.5,0.5,0.5,0.5,
25.41764832,-66.09203339,-56.93328857,0.5,0.5,0.5,0.5,0.5,0.5,0.5,0.5,0.5,0.5,0.5,0.5,0.5,0.5,0.5,0.5,0.5,0.5,0.5,0.5,0.5,0.5,0.5,0.5,0.5,0.5,0.5,0.5,0.5,0.5,0.5,0.5,0.5,0.5,0.5,0.5,0.5,0.5,0.5,0.5,0.5,0.5,0.5,0.5,0.5,0.5,0.5,0.5,0.5,0.5,0.5,0.5,0.5,0.5,0.5,0.5,0.5,0.5,0.5,0.5,0.5,0.5,0.5,0.5,0.5,0.5,0.5,0.5,0.5,0.5,