a,b,x,b449,b450,b451,b452,b453,b454,b455,b456,b457,b458,b459,b460,b461,b462,b463,b464,b465,b466,b467,b468,b469,b470,b471,b472,b473,b474,b475,b476,b477,b478,b479,b480,b481,b482,b483,b484,b485,b486,b487,b488,b489,b490,label
39.96827093,-32.99922646,150.4820883,1.5,2.5,1.5,2.5,1.5,2.5,1.5,2.5,2.5,1.5,2.5,1.5,2.5,1.5,0.5,0.5,0.5,0.5,0.5,0.5,0.5,0.5,0.5,0.5,0.5,0.5,0.5,0.5,0.5,0.5,0.5,0.5,0.5,0.5,0.5,0.5,0.5,0.5,0.5,0.5,0.5,0.5,1
98.4225251,-66.67973247,184.7299414,1.5,2.5,1.5,2.5,1.5,2.5,1.5,2.5,2.5,1.5,2.5,1.5,2.5,1.5,0.5,0.5,0.5,0.5,0.5,0.5,0.5,0.5,0.5,0.5,0.5,0.5,0.5,0.5,0.5,0.5,0.5,0.5,0.5,0.5,0.5,0.5,0.5,0.5,0.5,0.5,0.5,0.5,1
52.82245332,85.82854491,58.36193615,1.5,2.5,1.5,2.5,1.5,2.5,1.5,2.5,1.5,2.5,0.5,0.5,0.5,0.5,1.5,2.5,0.5,0.5,0.5,0.5,0.5,0.5,1.5,2.5,0.5,0.5,0.5,0.5,0.5,0.5,1.5,2.5,0.5,0.5,1.5,2.5,0.5,0.5,0.5,0.5,0.5,0.5,1
40.38330895,43.84841554,-28.59128281,1.5,2.5,1.5,2.5,1.5,2.5,1.5,2.5,1.5,2.5,0.5,0.5,0.5,0.5,1.5,2.5,0.5,0.5,0.5,0.5,0.5,0.5,1.5,2.5,0.5,0.5,0.5,0.5,0.5,0.5,1.5,2.5,0.5,0.5,1.5,2.5,0.5,0.5,0.5,0.5,0.5,0.5,1
66.63244283,-79.14489206,88.47212023,1.5,2.5,1.5,2.5,1.5,2.5,1.5,2.5,2.5,1.5,2.5,1.5,2.5,1.5,0.5,0.5,0.5,0.5,0.5,0.5,0.5,0.5,0.5,0.5,0.5,0.5,0.5,0.5,0.5,0.5,0.5,0.5,0.5,0.5,0.5,0.5,0.5,0.5,0.5,0.5,0.5,0.5,1
20.99591393,79.92574707,-46.41864279,1.5,2.5,1.5,2.5,1.5,2.5,1.5,2.5,1.5,2.5,0.5,0.5,0.5,0.5,1.5,2.5,0.5,0.5,0.5,0.5,0.5,0.5,1.5,2.5,0.5,0.5,0.5,0.5,0.5,0.5,1.5,2.5,0.5,0.5,1.5,2.5,0.5,0.5,0.5,0.5,0.5,0.5,1
67.0242195,66.31303432,-73.57095432,1.5,2.5,1.5,2.5,1.5,2.5,1.5,2.5,1.5,2.5,0.5,0.5,0.5,0.5,1.5,2.5,0.5,0.5,0.5,0.5,0.5,0.5,1.5,2.5,0.5,0.5,0.5,0.5,0.5,0.5,1.5,2.5,0.5,0.5,1.5,2.5,0.5,0.5,0.5,0.5,0.5,0.5,1
-92.67868059,72.79280771,112.3890793,1.5,2.5,1.5,2.5,1.5,2.5,1.5,2.5,1.5,2.5,0.5,0.5,0.5,0.5,2.5,1.5,1.5,2.5,1.5,2.5,1.5,2.5,1.5,2.5,0.5,0.5,0.5,0.5,0.5,0.5,2.5,1.5,1.5,2.5,2.5,1.5,2.5,1.5,1.5,2.5,1.5,2.5,1
51.47220546,-67.90192637,-84.99005519,1.5,2.5,1.5,2.5,1.5,2.5,1.5,2.5,2.5,1.5,2.5,1.5,2.5,1.5,0.5,0.5,0.5,0.5,0.5,0.5,0.5,0.5,0.5,0.5,0.5,0.5,0.5,0.5,0.5,0.5,0.5,0.5,0.5,0.5,0.5,0.5,0.5,0.5,0.5,0.5,0.5,0.5,1
73.88330152,-13.56239804,188.8530353,1.5,2.5,1.5,2.5,1.5,2.5,1.5,2.5,2.5,1.5,2.5,1.5,2.5,1.5,0.5,0.5,0.5,0.5,0.5,0.5,0.5,0.5,0.5,0.5,0.5,0.5,0.5,0.5,0.5,0.5,0.5,0.5,0.5,0.5,0.5,0.5,0.5,0.5,0.5,0.5,0.5,0.5,1
74.76002803,36.06991204,126.6641106,1.5,2.5,1.5,2.5,1.5,2.5,1.5,2.5,1.5,2.5,0.5,0.5,0.5,0.5,2.5,1.5,1.5,2.5,1.5,2.5,1.5,2.5,1.5,2.5,0.5,0.5,0.5,0.5,0.5,0.5,1.5,2.5,0.5,0.5,1.5,2.5,0.5,0.5,0.5,0.5,0.5,0.5,1
-4.09750756,10.25914151,30.96294918,1.5,2.5,1.5,2.5,1.5,2.5,1.5,2.5,1.5,2.5,0.5,0.5,0.5,0.5,1.5,2.5,0.5,0.5,0.5,0.5,0.5,0.5,1.5,2.5,0.5,0.5,0.5,0.5,0.5,0.5,2.5,1.5,1.5,2.5,2.5,1.5,2.5,1.5,1.5,2.5,1.5,2.5,1
27.97677248,16.49369087,176.0364412,1.5,2.5,1.5,2.5,1.5,2.5,1.5,2.5,1.5,2.5,0.5,0.5,0.5,0.5,2.5,1.5,1.5,2.5,1.5,2.5,1.5,2.5,1.5,2.5,0.5,0.5,0.5,0.5,0.5,0.5,1.5,2.5,0.5,0.5,1.5,2.5,0.5,0.5,0.5,0.5,0.5,0.5,1
-30.36006224,11.5312857,101.3646335,1.5,2.5,1.5,2.5,1.5,2.5,1.5,2.5,1.5,2.5,0.5,0.5,0.5,0.5,2.5,1.5,1.5,2.5,1.5,2.5,1.5,2.5,1.5,2.5,0.5,0.5,0.5,0.5,0.5,0.5,2.5,1.5,1.5,2.5,2.5,1.5,2.5,1.5,1.5,2.5,1.5,2.5,1
33.62172851,-45.01276568,-9.887555257,1.5,2.5,1.5,2.5,1.5,2.5,1.5,2.5,2.5,1.5,2.5,1.5,2.5,1.5,0.5,0.5,0.5,0.5,0.5,0.5,0.5,0.5,0.5,0.5,0.5,0.5,0.5,0.5,0.5,0.5,0.5,0.5,0.5,0.5,0.5,0.5,0.5,0.5,0.5,0.5,0.5,0.5,1
44.08488203,-62.51712699,168.9034388,1.5,2.5,1.5,2.5,1.5,2.5,1.5,2.5,2.5,1.5,2.5,1.5,2.5,1.5,0.5,0.5,0.5,0.5,0.5,0.5,0.5,0.5,0.5,0.5,0.5,0.5,0.5,0.5,0.5,0.5,0.5,0.5,0.5,0.5,0.5,0.5,0.5,0.5,0.5,0.5,0.5,0.5,1
33.46627296,-13.38103227,-103.6278597,1.5,2.5,1.5,2.5,1.5,2.5,1.5,2.5,2.5,1.5,2.5,1.5,2.5,1.5,0.5,0.5,0.5,0.5,0.5,0.5,0.5,0.5,0.5,0.5,0.5,0.5,0.5,0.5,0.5,0.5,0.5,0.5,0.5,0.5,0.5,0.5,0.5,0.5,0.5,0.5,0.5,0.5,1
84.2738588,-33.77686857,182.794628,1.5,2.5,1.5,2.5,1.5,2.5,1.5,2.5,2.5,1.5,2.5,1.5,2.5,1.5,0.5,0.5,0.5,0.5,0.5,0.5,0.5,0.5,0.5,0.5,0.5,0.5,0.5,0.5,0.5,0.5,0.5,0.5,0.5,0.5,0.5,0.5,0.5,0.5,0.5,0.5,0.5,0.5,1
-42.60179996,76.56007059,67.32499648,1.5,2.5,1.5,2.5,1.5,2.5,1.5,2.5,1.5,2.5,0.5,0.5,0.5,0.5,1.5,2.5,0.5,0.5,0.5,0.5,0.5,0.5,1.5,2.5,0.5,0.5,0.5,0.5,0.5,0.5,2.5,1.5,1.5,2.5,2.5,1.5,2.5,1.5,1.5,2.5,1.5,2.5,1
1.00931987,84.38956765,144.5194285,1.5,2.5,1.5,2.5,1.5,2.5,1.5,2.5,1.5,2.5,0.5,0.5,0.5,0.5,2.5,1.5,1.5,2.5,2.5,1.5,1.5,2.5,1.5,2.5,0.5,0.5,0.5,0.5,0.5,0.5,1.5,2.5,0.5,0.5,1.5,2.5,0.5,0.5,0.5,0.5,0.5,0.5,1
-94.80738706,89.81805101,57.65984044,1.5,2.5,1.5,2.5,1.5,2.5,1.5,2.5,1.5,2.5,0.5,0.5,0.5,0.5,1.5,2.5,0.5,0.5,0.5,0.5,0.5,0.5,1.5,2.5,0.5,0.5,0.5,0.5,0.5,0.5,2.5,1.5,1.5,2.5,2.5,1.5,2.5,1.5,1.5,2.5,1.5,2.5,1
57.76753097,-38.27094854,-54.06835888,1.5,2.5,1.5,2.5,1.5,2.5,1.5,2.5,2.5,1.5,2.5,1.5,2.5,1.5,0.5,0.5,0.5,0.5,0.5,0.5,0.5,0.5,0.5,0.5,0.5,0.5,0.5,0.5,0.5,0.5,0.5,0.5,0.5,0.5,0.5,0.5,0.5,0.5,0.5,0.5,0.5,0.5,1
-45.85811809,53.66643746,115.828221,1.5,2.5,1.5,2.5,1.5,2.5,1.5,2.5,1.5,2.5,0.5,0.5,0.5,0.5,2.5,1.5,1.5,2.5,1.5,2.5,1.5,2.5,1.5,2.5,0.5,0.5,0.5,0.5,0.5,0.5,2.5,1.5,1.5,2.5,2.5,1.5,2.5,1.5,1.5,2.5,1.5,2.5,1
-78.7967999,75.12955787,190.8925079,1.5,2.5,1.5,2.5,1.5,2.5,1.5,2.5,1.5,2.5,0.5,0.5,0.5,0.5,2.5,1.5,1.5,2.5,1.5,2.5,1.5,2.5,1.5,2.5,0.5,0.5,0.5,0.5,0.5,0.5,2.5,1.5,1.5,2.5,2.5,1.5,2.5,1.5,1.5,2.5,1.5,2.5,1
80.92384706,-72.60120493,-33.93756201,1.5,2.5,1.5,2.5,1.5,2.5,1.5,2.5,2.5,1.5,2.5,1.5,2.5,1.5,0.5,0.5,0.5,0.5,0.5,0.5,0.5,0.5,0.5,0.5,0.5,0.5,0.5,0.5,0.5,0.5,0.5,0.5,0.5,0.5,0.5,0.5,0.5,0.5,0.5,0.5,0.5,0.5,1
22.71567984,-66.69224751,-126.7511408,1.5,2.5,1.5,2.5,1.5,2.5,1.5,2.5,2.5,1.5,2.5,1.5,2.5,1.5,0.5,0.5,0.5,0.5,0.5,0.5,0.5,0.5,0.5,0.5,0.5,0.5,0.5,0.5,0.5,0.5,0.5,0.5,0.5,0.5,0.5,0.5,0.5,0.5,0.5,0.5,0.5,0.5,1
47.58254313,-30.0390895,-96.50958897,1.5,2.5,1.5,2.5,1.5,2.5,1.5,2.5,2.5,1.5,2.5,1.5,2.5,1.5,0.5,0.5,0.5,0.5,0.5,0.5,0.5,0.5,0.5,0.5,0.5,0.5,0.5,0.5,0.5,0.5,0.5,0.5,0.5,0.5,0.5,0.5,0.5,0.5,0.5,0.5,0.5,0.5,1
52.73338667,-64.7771584,-45.92592444,1.5,2.5,1.5,2.5,1.5,2.5,1.5,2.5,2.5,1.5,2.5,1.5,2.5,1.5,0.5,0.5,0.5,0.5,0.5,0.5,0.5,0.5,0.5,0.5,0.5,0.5,0.5,0.5,0.5,0.5,0.5,0.5,0.5,0.5,0.5,0.5,0.5,0.5,0.5,0.5,0.5,0.5,1
37.95721562,-84.76239684,102.8808345,1.5,2.5,1.5,2.5,1.5,2.5,1.5,2.5,2.5,1.5,2.5,1.5,2.5,1.5,0.5,0.5,0.5,0.5,0.5,0.5,0.5,0.5,0.5,0.5,0.5,0.5,0.5,0.5,0.5,0.5,0.5,0.5,0.5,0.5,0.5,0.5,0.5,0.5,0.5,0.5,0.5,0.5,1
82.18664066,-11.3583438,83.30806714,1.5,2.5,1.5,2.5,1.5,2.5,1.5,2.5,2.5,1.5,2.5,1.5,2.5,1.5,0.5,0.5,0.5,0.5,0.5,0.5,0.5,0.5,0.5,0.5,0.5,0.5,0.5,0.5,0.5,0.5,0.5,0.5,0.5,0.5,0.5,0.5,0.5,0.5,0.5,0.5,0.5,0.5,1
-63.10369248,76.40261697,46.27127259,1.5,2.5,1.5,2.5,1.5,2.5,1.5,2.5,1.5,2.5,0.5,0.5,0.5,0.5,1.5,2.5,0.5,0.5,0.5,0.5,0.5,0.5,1.5,2.5,0.5,0.5,0.5,0.5,0.5,0.5,2.5,1.5,1.5,2.5,2.5,1.5,2.5,1.5,1.5,2.5,1.5,2.5,1
-79.93454328,85.19166346,-29.61510067,1.5,2.5,1.5,2.5,1.5,2.5,1.5,2.5,1.5,2.5,0.5,0.5,0.5,0.5,1.5,2.5,0.5,0.5,0.5,0.5,0.5,0.5,1.5,2.5,0.5,0.5,0.5,0.5,0.5,0.5,2.5,1.5,1.5,2.5,2.5,1.5,2.5,1.5,1.5,2.5,1.5,2.5,1
37.69616455,-91.26512969,178.1146882,1.5,2.5,1.5,2.5,1.5,2.5,1.5,2.5,2.5,1.5,2.5,1.5,2.5,1.5,0.5,0.5,0.5,0.5,0.5,0.5,0.5,0.5,0.5,0.5,0.5,0.5,0.5,0.5,0.5,0.5,0.5,0.5,0.5,0.5,0.5,0.5,0.5,0.5,0.5,0.5,0.5,0.5,1
53.98358656,-99.50296713,-63.28538378,1.5,2.5,1.5,2.5,1.5,2.5,1.5,2.5,2.5,1.5,2.5,1.5,2.5,1.5,0.5,0.5,0.5,0.5,0.5,0.5,0.5,0.5,0.5,0.5,0.5,0.5,0.5,0.5,0.5,0.5,0.5,0.5,0.5,0.5,0.5,0.5,0.5,0.5,0.5,0.5,0.5,0.5,1
24.99138781,-53.18122348,12.88912937,1.5,2.5,1.5,2.5,1.5,2.5,1.5,2.5,2.5,1.5,2.5,1.5,2.5,1.5,0.5,0.5,0.5,0.5,0.5,0.5,0.5,0.5,0.5,0.5,0.5,0.5,0.5,0.5,0.5,0.5,0.5,0.5,0.5,0.5,0.5,0.5,0.5,0.5,0.5,0.5,0.5,0.5,1
83.5952987,-69.38217113,-109.105677,1.5,2.5,1.5,2.5,1.5,2.5,1.5,2.5,2.5,1.5,2.5,1.5,2.5,1.5,0.5,0.5,0.5,0.5,0.5,0.5,0.5,0.5,0.5,0.5,0.5,0.5,0.5,0.5,0.5,0.5,0.5,0.5,0.5,0.5,0.5,0.5,0.5,0.5,0.5,0.5,0.5,0.5,1
-13.43796034,13.76365112,-86.34424693,1.5,2.5,1.5,2.5,1.5,2.5,1.5,2.5,1.5,2.5,0.5,0.5,0.5,0.5,1.5,2.5,0.5,0.5,0.5,0.5,0.5,0.5,1.5,2.5,0.5,0.5,0.5,0.5,0.5,0.5,2.5,1.5,1.5,2.5,2.5,1.5,2.5,1.5,1.5,2.5,1.5,2.5,1
-3.552987031,26.17340542,84.46103265,1.5,2.5,1.5,2.5,1.5,2.5,1.5,2.5,1.5,2.5,0.5,0.5,0.5,0.5,1.5,2.5,0.5,0.5,0.5,0.5,0.5,0.5,1.5,2.5,0.5,0.5,0.5,0.5,0.5,0.5,2.5,1.5,1.5,2.5,2.5,1.5,2.5,1.5,1.5,2.5,1.5,2.5,1
90.97091752,83.27725999,-33.91741606,1.5,2.5,1.5,2.5,1.5,2.5,1.5,2.5,1.5,2.5,0.5,0.5,0.5,0.5,1.5,2.5,0.5,0.5,0.5,0.5,0.5,0.5,1.5,2.5,0.5,0.5,0.5,0.5,0.5,0.5,1.5,2.5,0.5,0.5,1.5,2.5,0.5,0.5,0.5,0.5,0.5,0.5,1
18.05108766,-55.50221895,-39.57367325,1.5,2.5,1.5,2.5,1.5,2.5,1.5,2.5,2.5,1.5,2.5,1.5,2.5,1.5,0.5,0.5,0.5,0.5,0.5,0.5,0.5,0.5,0.5,0.5,0.5,0.5,0.5,0.5,0.5,0.5,0.5,0.5,0.5,0.5,0.5,0.5,0.5,0.5,0.5,0.5,0.5,0.5,1
-76.161029,69.58088948,28.12138783,1.5,2.5,1.5,2.5,1.5,2.5,1.5,2.5,1.5,2.5,0.5,0.5,0.5,0.5,1.5,2.5,0.5,0.5,0.5,0.5,0.5,0.5,1.5,2.5,0.5,0.5,0.5,0.5,0.5,0.5,2.5,1.5,1.5,2.5,2.5,1.5,2.5,1.5,1.5,2.5,1.5,2.5,1
41.86991023,-60.0374905,-38.79266056,1.5,2.5,1.5,2.5,1.5,2.5,1.5,2.5,2.5,1.5,2.5,1.5,2.5,1.5,0.5,0.5,0.5,0.5,0.5,0.5,0.5,0.5,0.5,0.5,0.5,0.5,0.5,0.5,0.5,0.5,0.5,0.5,0.5,0.5,0.5,0.5,0.5,0.5,0.5,0.5,0.5,0.5,1
7.863364904,95.77974162,-83.99407668,1.5,2.5,1.5,2.5,1.5,2.5,1.5,2.5,1.5,2.5,0.5,0.5,0.5,0.5,1.5,2.5,0.5,0.5,0.5,0.5,0.5,0.5,1.5,2.5,0.5,0.5,0.5,0.5,0.5,0.5,1.5,2.5,0.5,0.5,1.5,2.5,0.5,0.5,0.5,0.5,0.5,0.5,1
-20.94811821,0.860316167,-15.35028543,1.5,2.5,1.5,2.5,2.5,1.5,0.5,0.5,0.5,0.5,0.5,0.5,0.5,0.5,0.5,0.5,0.5,0.5,0.5,0.5,0.5,0.5,0.5,0.5,0.5,0.5,0.5,0.5,0.5,0.5,0.5,0.5,0.5,0.5,0.5,0.5,0.5,0.5,0.5,0.5,0.5,0.5,1
24.34233619,-69.04078898,-103.7498945,1.5,2.5,1.5,2.5,1.5,2.5,1.5,2.5,2.5,1.5,2.5,1.5,2.5,1.5,0.5,0.5,0.5,0.5,0.5,0.5,0.5,0.5,0.5,0.5,0.5,0.5,0.5,0.5,0.5,0.5,0.5,0.5,0.5,0.5,0.5,0.5,0.5,0.5,0.5,0.5,0.5,0.5,1
33.19234892,5.767896007,-99.64545845,1.5,2.5,1.5,2.5,1.5,2.5,1.5,2.5,1.5,2.5,0.5,0.5,0.5,0.5,1.5,2.5,0.5,0.5,0.5,0.5,0.5,0.5,1.5,2.5,0.5,0.5,0.5,0.5,0.5,0.5,1.5,2.5,0.5,0.5,1.5,2.5,0.5,0.5,0.5,0.5,0.5,0.5,1
4.337954605,-4.316275546,74.88562426,1.5,2.5,1.5,2.5,1.5,2.5,1.5,2.5,2.5,1.5,2.5,1.5,2.5,1.5,0.5,0.5,0.5,0.5,0.5,0.5,0.5,0.5,0.5,0.5,0.5,0.5,0.5,0.5,0.5,0.5,0.5,0.5,0.5,0.5,0.5,0.5,0.5,0.5,0.5,0.5,0.5,0.5,1
-48.56374884,82.95460092,143.5600929,1.5,2.5,1.5,2.5,1.5,2.5,1.5,2.5,1.5,2.5,0.5,0.5,0.5,0.5,2.5,1.5,1.5,2.5,1.5,2.5,1.5,2.5,1.5,2.5,0.5,0.5,0.5,0.5,0.5,0.5,2.5,1.5,1.5,2.5,2.5,1.5,2.5,1.5,1.5,2.5,1.5,2.5,1
-45.21371854,90.53270648,-14.6288152,1.5,2.5,1.5,2.5,1.5,2.5,1.5,2.5,1.5,2.5,0.5,0.5,0.5,0.5,1.5,2.5,0.5,0.5,0.5,0.5,0.5,0.5,1.5,2.5,0.5,0.5,0.5,0.5,0.5,0.5,2.5,1.5,1.5,2.5,2.5,1.5,2.5,1.5,1.5,2.5,1.5,2.5,1
-22.34951779,6.96961015,26.47724368,1.5,2.5,1.5,2.5,1.5,2.5,1.5,2.5,1.5,2.5,0.5,0.5,0.5,0.5,1.5,2.5,0.5,0.5,0.5,0.5,0.5,0.5,1.5,2.5,0.5,0.5,0.5,0.5,0.5,0.5,2.5,1.5,1.5,2.5,2.5,1.5,2.5,1.5,1.5,2.5,1.5,2.5,1
-17.9797704,14.5213536,-17.93564594,1.5,2.5,1.5,2.5,1.5,2.5,1.5,2.5,1.5,2.5,0.5,0.5,0.5,0.5,1.5,2.5,0.5,0.5,0.5,0.5,0.5,0.5,1.5,2.5,0.5,0.5,0.5,0.5,0.5,0.5,2.5,1.5,1.5,2.5,2.5,1.5,2.5,1.5,1.5,2.5,1.5,2.5,1
60.14074674,6.260145088,90.92695577,1.5,2.5,1.5,2.5,1.5,2.5,1.5,2.5,1.5,2.5,0.5,0.5,0.5,0.5,1.5,2.5,0.5,0.5,0.5,0.5,0.5,0.5,1.5,2.5,0.5,0.5,0.5,0.5,0.5,0.5,1.5,2.5,0.5,0.5,1.5,2.5,0.5,0.5,0.5,0.5,0.5,0.5,
43.85981208,15.71115665,-16.2154294,1.5,2.5,1.5,2.5,1.5,2.5,1.5,2.5,1.5,2.5,0.5,0.5,0.5,0.5,1.5,2.5,0.5,0.5,0.5,0.5,0.5,0.5,1.5,2.5,0.5,0.5,0.5,0.5,0.5,0.5,1.5,2.5,0.5,0.5,1.5,2.5,0.5,0.5,0.5,0.5,0.5,0.5,
74.90941316,-17.10990507,-115.2684326,1.5,2.5,1.5,2.5,1.5,2.5,1.5,2.5,2.5,1.5,2.5,1.5,2.5,1.5,0.5,0.5,0.5,0.5,0.5,0.5,0.5,0.5,0.5,0.5,0.5,0.5,0.5,0.5,0.5,0.5,0.5,0.5,0.5,0.5,0.5,0.5,0.5,0.5,0.5,0.5,0.5,0.5,
-54.12469727,3.635808467,198.2115032,1.5,2.5,1.5,2.5,1.5,2.5,1.5,2.5,1.5,2.5,0.5,0.5,0.5,0.5,2.5,1.5,1.5,2.5,1.5,2.5,1.5,2.5,1.5,2.5,0.5,0.5,0.5,0.5,0.5,0.5,2.5,1.5,1.5,2.5,2.5,1.5,2.5,1.5,1.5,2.5,1.5,2.5,
8.495486746,-78.64531802,-184.5072167,1.5,2.5,1.5,2.5,1.5,2.5,1.5,2.5,2.5,1.5,2.5,1.5,2.5,1.5,0.5,0.5,0.5,0.5,0.5,0.5,0.5,0.5,0.5,0.5,0.5,0.5,0.5,0.5,0.5,0.5,0.5,0.5,0.5,0.5,0.5,0.5,0.5,0.5,0.5,0.5,0.5,0.5,
38.83434659,-91.72132027,46.45520983,1.5,2.5,1.5,2.5,1.5,2.5,1.5,2.5,2.5,1.5,2.5,1.5,2.5,1.5,0.5,0.5,0.5,0.5,0.5,0.5,0.5,0.5,0.5,0.5,0.5,0.5,0.5,0.5,0.5,0.5,0.5,0.5,0.5,0.5,0.5,0.5,0.5,0.5,0.5,0.5,0.5,0.5,
12.69603326,10.40225578,-56.08082541,1.5,2.5,1.5,2.5,1.5,2.5,1.5,2.5,1.5,2.5,0.5,0.5,0.5,0.5,1.5,2.5,0.5,0.5,0.5,0.5,0.5,0.5,1.5,2.5,0.5,0.5,0.5,0.5,0.5,0.5,1.5,2.5,0.5,0.5,1.5,2.5,0.5,0.5,0.5,0.5,0.5,0.5,
36.53571916,-18.28110351,-29.68933145,1.5,2.5,1.5,2.5,1.5,2.5,1.5,2.5,2.5,1.5,2.5,1.5,2.5,1.5,0.5,0.5,0.5,0.5,0.5,0.5,0.5,0.5,0.5,0.5,0.5,0.5,0.5,0.5,0.5,0.5,0.5,0.5,0.5,0.5,0.5,0.5,0.5,0.5,0.5,0.5,0.5,0.5,
17.72777261,-12.37605672,-69.31559973,1.5,2.5,1.5,2.5,1.5,2.5,1.5,2.5,2.5,1.5,2.5,1.5,2.5,1.5,0.5,0.5,0.5,0.5,0.5,0.5,0.5,0.5,0.5,0.5,0.5,0.5,0.5,0.5,0.5,0.5,0.5,0.5,0.5,0.5,0.5,0.5,0.5,0.5,0.5,0.5,0.5,0.5,
54.75210957,-75.224647,124.1241304,1.5,2.5,1.5,2.5,1.5,2.5,1.5,2.5,2.5,1.5,2.5,1.5,2.5,1.5,0.5,0.5,0.5,0.5,0.5,0.5,0.5,0.5,0.5,0.5,0.5,0.5,0.5,0.5,0.5,0.5,0.5,0.5,0.5,0.5,0.5,0.5,0.5,0.5,0.5,0.5,0.5,0.5,
25.13259125,84.63504943,126.2323813,1.5,2.5,1.5,2.5,1.5,2.5,1.5,2.5,1.5,2.5,0.5,0.5,0.5,0.5,2.5,1.5,1.5,2.5,1.5,2.5,1.5,2.5,1.5,2.5,0.5,0.5,0.5,0.5,0.5,0.5,1.5,2.5,0.5,0.5,1.5,2.5,0.5,0.5,0.5,0.5,0.5,0.5,
-13.0449705,7.920406588,193.6909238,1.5,2.5,1.5,2.5,1.5,2.5,1.5,2.5,1.5,2.5,0.5,0.5,0.5,0.5,2.5,1.5,1.5,2.5,1.5,2.5,1.5,2.5,1.5,2.5,0.5,0.5,0.5,0.5,0.5,0.5,2.5,1.5,1.5,2.5,2.5,1.5,2.5,1.5,1.5,2.5,1.5,2.5,
-56.7376378,34.92899525,117.9012323,1.5,2.5,1.5,2.5,1.5,2.5,1.5,2.5,1.5,2.5,0.5,0.5,0.5,0.5,2.5,1.5,1.5,2.5,1.5,2.5,1.5,2.5,1.5,2.5,0.5,0.5,0.5,0.5,0.5,0.5,2.5,1.5,1.5,2.5,2.5,1.5,2.5,1.5,1.5,2.5,1.5,2.5,
88.37841191,48.60409213,-6.946160056,1.5,2.5,1.5,2.5,1.5,2.5,1.5,2.5,1.5,2.5,0.5,0.5,0.5,0.5,1.5,2.5,0.5,0.5,0.5,0.5,0.5,0.5,1.5,2.5,0.5,0.5,0.5,0.5,0.5,0.5,1.5,2.5,0.5,0.5,1.5,2.5,0.5,0.5,0.5,0.5,0.5,0.5,
72.43747496,-22.35079922,-159.9160922,1.5,2.5,1.5,2.5,1.5,2.5,1.5,2.5,2.5,1.5,2.5,1.5,2.5,1.5,0.5,0.5,0.5,0.5,0.5,0.5,0.5,0.5,0.5,0.5,0.5,0.5,0.5,0.5,0.5,0.5,0.5,0.5,0.5,0.5,0.5,0.5,0.5,0.5,0.5,0.5,0.5,0.5,
91.56022541,-0.673713513,-149.8202462,1.5,2.5,1.5,2.5,2.5,1.5,0.5,0.5,0.5,0.5,0.5,0.5,0.5,0.5,0.5,0.5,0.5,0.5,0.5,0.5,0.5,0.5,0.5,0.5,0.5,0.5,0.5,0.5,0.5,0.5,0.5,0.5,0.5,0.5,0.5,0.5,0.5,0.5,0.5,0.5,0.5,0.5,
-20.28459199,53.41100106,59.97341185,1.5,2.5,1.5,2.5,1.5,2.5,1.5,2.5,1.5,2.5,0.5,0.5,0.5,0.5,1.5,2.5,0.5,0.5,0.5,0.5,0.5,0.5,1.5,2.5,0.5,0.5,0.5,0.5,0.5,0.5,2.5,1.5,1.5,2.5,2.5,1.5,2.5,1.5,1.5,2.5,1.5,2.5,
32.64380406,-5.092976365,-77.69934354,1.5,2.5,1.5,2.5,1.5,2.5,1.5,2.5,2.5,1.5,2.5,1.5,2.5,1.5,0.5,0.5,0.5,0.5,0.5,0.5,0.5,0.5,0.5,0.5,0.5,0.5,0.5,0.5,0.5,0.5,0.5,0.5,0.5,0.5,0.5,0.5,0.5,0.5,0.5,0.5,0.5,0.5,
1.336217357,48.1406222,173.4429586,1.5,2.5,1.5,2.5,1.5,2.5,1.5,2.5,1.5,2.5,0.5,0.5,0.5,0.5,2.5,1.5,1.5,2.5,2.5,1.5,2.5,1.5,0.5,0.5,0.5,0.5,0.5,0.5,0.5,0.5,0.5,0.5,0.5,0.5,0.5,0.5,0.5,0.5,0.5,0.5,0.5,0.5,
79.15375649,-58.9579851,98.97449292,1.5,2.5,1.5,2.5,1.5,2.5,1.5,2.5,2.5,1.5,2.5,1.5,2.5,1.5,0.5,0.5,0.5,0.5,0.5,0.5,0.5,0.5,0.5,0.5,0.5,0.5,0.5,0.5,0.5,0.5,0.5,0.5,0.5,0.5,0.5,0.5,0.5,0.5,0.5,0.5,0.5,0.5,
65.7117486,4.247714404,196.4981556,1.5,2.5,1.5,2.5,1.5,2.5,1.5,2.5,1.5,2.5,0.5,0.5,0.5,0.5,2.5,1.5,1.5,2.5,1.5,2.5,1.5,2.5,1.5,2.5,0.5,0.5,0.5,0.5,0.5,0.5,1.5,2.5,0.5,0.5,1.5,2.5,0.5,0.5,0.5,0.5,0.5,0.5,
18.3665255,-54.86371433,-173.2327486,1.5,2.5,1.5,2.5,1.5,2.5,1.5,2.5,2.5,1.5,2.5,1.5,2.5,1.5,0.5,0.5,0.5,0.5,0.5,0.5,0.5,0.5,0.5,0.5,0.5,0.5,0.5,0.5,0.5,0.5,0.5,0.5,0.5,0.5,0.5,0.5,0.5,0.5,0.5,0.5,0.5,0.5,
39.68269063,26.14194407,131.4274965,1.5,2.5,1.5,2.5,1.5,2.5,1.5,2.5,1.5,2.5,0.5,0.5,0.5,0.5,2.5,1.5,1.5,2.5,1.5,2.5,1.5,2.5,1.5,2.5,0.5,0.5,0.5,0.5,0.5,0.5,1.5,2.5,0.5,0.5,1.5,2.5,0.5,0.5,0.5,0.5,0.5,0.5,
80.28531907,-92.44768397,-135.4632494,1.5,2.5,1.5,2.5,1.5,2.5,1.5,2.5,2.5,1.5,2.5,1.5,2.5,1.5,0.5,0.5,0.5,0.5,0.5,0.5,0.5,0.5,0.5,0.5,0.5,0.5,0.5,0.5,0.5,0.5,0.5,0.5,0.5,0.5,0.5,0.5,0.5,0.5,0.5,0.5,0.5,0.5,
17.32508804,-44.74284588,33.44906463,1.5,2.5,1.5,2.5,1.5,2.5,1.5,2.5,2.5,1.5,2.5,1.5,2.5,1.5,0.5,0.5,0.5,0.5,0.5,0.5,0.5,0.5,0.5,0.5,0.5,0.5,0.5,0.5,0.5,0.5,0.5,0.5,0.5,0.5,0.5,0.5,0.5,0.5,0.5,0.5,0.5,0.5,
44.91280444,-72.30562168,-2.190703313,1.5,2.5,1.5,2.5,1.5,2.5,1.5,2.5,2.5,1.5,2.5,1.5,2.5,1.5,0.5,0.5,0.5,0.5,0.5,0.5,0.5,0.5,0.5,0.5,0.5,0.5,0.5,0.5,0.5,0.5,0.5,0.5,0.5,0.5,0.5,0.5,0.5,0.5,0.5,0.5,0.5,0.5,
21.21754116,58.39483381,-77.08552725,1.5,2.5,1.5,2.5,1.5,2.5,1.5,2.5,1.5,2.5,0.5,0.5,0.5,0.5,1.5,2.5,0.5,0.5,0.5,0.5,0.5,0.5,1.5,2.5,0.5,0.5,0.5,0.5,0.5,0.5,1.5,2.5,0.5,0.5,1.5,2.5,0.5,0.5,0.5,0.5,0.5,0.5,
-39.46079645,34.76738097,-23.47117207,1.5,2.5,1.5,2.5,1.5,2.5,1.5,2.5,1.5,2.5,0.5,0.5,0.5,0.5,1.5,2.5,0.5,0.5,0.5,0.5,0.5,0.5,1.5,2.5,0.5,0.5,0.5,0.5,0.5,0.5,2.5,1.5,1.5,2.5,2.5,1.5,2.5,1.5,1.5,2.5,1.5,2.5,
66.61353308,12.05650308,117.1422074,1.5,2.5,1.5,2.5,1.5,2.5,1.5,2.5,1.5,2.5,0.5,0.5,0.5,0.5,2.5,1.5,1.5,2.5,1.5,2.5,1.5,2.5,1.5,2.5,0.5,0.5,0.5,0.5,0.5,0.5,1.5,2.5,0.5,0.5,1.5,2.5,0.5,0.5,0.5,0.5,0.5,0.5,
-30.38878054,56.93933596,90.10719374,1.5,2.5,1.5,2.5,1.5,2.5,1.5,2.5,1.5,2.5,0.5,0.5,0.5,0.5,1.5,2.5,0.5,0.5,0.5,0.5,0.5,0.5,1.5,2.5,0.5,0.5,0.5,0.5,0.5,0.5,2.5,1.5,1.5,2.5,2.5,1.5,2.5,1.5,1.5,2.5,1.5,2.5,
-92.53229479,0.345316009,-134.9496354,1.5,2.5,1.5,2.5,2.5,1.5,0.5,0.5,0.5,0.5,0.5,0.5,0.5,0.5,0.5,0.5,0.5,0.5,0.5,0.5,0.5,0.5,0.5,0.5,0.5,0.5,0.5,0.5,0.5,0.5,0.5,0.5,0.5,0.5,0.5,0.5,0.5,0.5,0.5,0.5,0.5,0.5,
-71.56487678,16.59875725,-24.75304655,1.5,2.5,1.5,2.5,1.5,2.5,1.5,2.5,1.5,2.5,0.5,0.5,0.5,0.5,1.5,2.5,0.5,0.5,0.5,0.5,0.5,0.5,1.5,2.5,0.5,0.5,0.5,0.5,0.5,0.5,2.5,1.5,1.5,2.5,2.5,1.5,2.5,1.5,1.5,2.5,1.5,2.5,
66.56007182,-77.75697389,11.56818529,1.5,2.5,1.5,2.5,1.5,2.5,1.5,2.5,2.5,1.5,2.5,1.5,2.5,1.5,0.5,0.5,0.5,0.5,0.5,0.5,0.5,0.5,0.5,0.5,0.5,0.5,0.5,0.5,0.5,0.5,0.5,0.5,0.5,0.5,0.5,0.5,0.5,0.5,0.5,0.5,0.5,0.5,
74.31054596,70.29164841,70.90782837,1.5,2.5,1.5,2.5,1.5,2.5,1.5,2.5,1.5,2.5,0.5,0.5,0.5,0.5,1.5,2.5,0.5,0.5,0.5,0.5,0.5,0.5,1.5,2.5,0.5,0.5,0.5,0.5,0.5,0.5,1.5,2.5,0.5,0.5,1.5,2.5,0.5,0.5,0.5,0.5,0.5,0.5,
-29.88315587,17.67908888,-75.89576065,1.5,2.5,1.5,2.5,1.5,2.5,1.5,2.5,1.5,2.5,0.5,0.5,0.5,0.5,1.5,2.5,0.5,0.5,0.5,0.5,0.5,0.5,1.5,2.5,0.5,0.5,0.5,0.5,0.5,0.5,2.5,1.5,1.5,2.5,2.5,1.5,2.5,1.5,1.5,2.5,1.5,2.5,
7.360476395,-85.49478162,13.95091196,1.5,2.5,1.5,2.5,1.5,2.5,1.5,2.5,2.5,1.5,2.5,1.5,2.5,1.5,0.5,0.5,0.5,0.5,0.5,0.5,0.5,0.5,0.5,0.5,0.5,0.5,0.5,0.5,0.5,0.5,0.5,0.5,0.5,0.5,0.5,0.5,0.5,0.5,0.5,0.5,0.5,0.5,
-1.673429222,28.42615402,-67.2319065,1.5,2.5,1.5,2.5,1.5,2.5,1.5,2.5,1.5,2.5,0.5,0.5,0.5,0.5,1.5,2.5,0.5,0.5,0.5,0.5,0.5,0.5,1.5,2.5,0.5,0.5,0.5,0.5,0.5,0.5,2.5,1.5,1.5,2.5,2.5,1.5,2.5,1.5,1.5,2.5,1.5,2.5,
37.36786329,52.15331873,162.8898897,1.5,2.5,1.5,2.5,1.5,2.5,1.5,2.5,1.5,2.5,0.5,0.5,0.5,0.5,2.5,1.5,1.5,2.5,1.5,2.5,1.5,2.5,1.5,2.5,0.5,0.5,0.5,0.5,0.5,0.5,1.5,2.5,0.5,0.5,1.5,2.5,0.5,0.5,0.5,0.5,0.5,0.5,
60.17899868,-96.65126267,97.97889501,1.5,2.5,1.5,2.5,1.5,2.5,1.5,2.5,2.5,1.5,2.5,1.5,2.5,1.5,0.5,0.5,0.5,0.5,0.5,0.5,0.5,0.5,0.5,0.5,0.5,0.5,0.5,0.5,0.5,0.5,0.5,0.5,0.5,0.5,0.5,0.5,0.5,0.5,0.5,0.5,0.5,0.5,
-48.32580435,63.9283522,-99.8029234,1.5,2.5,1.5,2.5,1.5,2.5,1.5,2.5,1.5,2.5,0.5,0.5,0.5,0.5,1.5,2.5,0.5,0.5,0.5,0.5,0.5,0.5,1.5,2.5,0.5,0.5,0.5,0.5,0.5,0.5,2.5,1.5,1.5,2.5,2.5,1.5,2.5,1.5,1.5,2.5,1.5,2.5,
-13.41230022,89.69188284,42.01534185,1.5,2.5,1.5,2.5,1.5,2.5,1.5,2.5,1.5,2.5,0.5,0.5,0.5,0.5,1.5,2.5,0.5,0.5,0.5,0.5,0.5,0.5,1.5,2.5,0.5,0.5,0.5,0.5,0.5,0.5,2.5,1.5,1.5,2.5,2.5,1.5,2.5,1.5,1.5,2.5,1.5,2.5,
-98.42345232,12.88584144,114.7235224,1.5,2.5,1.5,2.5,1.5,2.5,1.5,2.5,1.5,2.5,0.5,0.5,0.5,0.5,2.5,1.5,1.5,2.5,1.5,2.5,1.5,2.5,1.5,2.5,0.5,0.5,0.5,0.5,0.5,0.5,2.5,1.5,1.5,2.5,2.5,1.5,2.5,1.5,1.5,2.5,1.5,2.5,
-44.78292363,47.160896,76.1952517,1.5,2.5,1.5,2.5,1.5,2.5,1.5,2.5,1.5,2.5,0.5,0.5,0.5,0.5,1.5,2.5,0.5,0.5,0.5,0.5,0.5,0.5,1.5,2.5,0.5,0.5,0.5,0.5,0.5,0.5,2.5,1.5,1.5,2.5,2.5,1.5,2.5,1.5,1.5,2.5,1.5,2.5,
24.37265266,46.99387439,-59.99641694,1.5,2.5,1.5,2.5,1.5,2.5,1.5,2.5,1.5,2.5,0.5,0.5,0.5,0.5,1.5,2.5,0.5,0.5,0.5,0.5,0.5,0.5,1.5,2.5,0.5,0.5,0.5,0.5,0.5,0.5,1.5,2.5,0.5,0.5,1.5,2.5,0.5,0.5,0.5,0.5,0.5,0.5,
-82.99398865,23.83492615,-89.80281149,1.5,2.5,1.5,2.5,1.5,2.5,1.5,2.5,1.5,2.5,0.5,0.5,0.5,0.5,1.5,2.5,0.5,0.5,0.5,0.5,0.5,0.5,1.5,2.5,0.5,0.5,0.5,0.5,0.5,0.5,2.5,1.5,1.5,2.5,2.5,1.5,2.5,1.5,1.5,2.5,1.5,2.5,
-70.7573253,26.58538344,86.12881713,1.5,2.5,1.5,2.5,1.5,2.5,1.5,2.5,1.5,2.5,0.5,0.5,0.5,0.5,1.5,2.5,0.5,0.5,0.5,0.5,0.5,0.5,1.5,2.5,0.5,0.5,0.5,0.5,0.5,0.5,2.5,1.5,1.5,2.5,2.5,1.5,2.5,1.5,1.5,2.5,1.5,2.5,
48.17279571,-69.4999572,44.81716407,1.5,2.5,1.5,2.5,1.5,2.5,1.5,2.5,2.5,1.5,2.5,1.5,2.5,1.5,0.5,0.5,0.5,0.5,0.5,0.5,0.5,0.5,0.5,0.5,0.5,0.5,0.5,0.5,0.5,0.5,0.5,0.5,0.5,0.5,0.5,0.5,0.5,0.5,0.5,0.5,0.5,0.5,
61.73294086,-53.46208355,-7.035904215,1.5,2.5,1.5,2.5,1.5,2.5,1.5,2.5,2.5,1.5,2.5,1.5,2.5,1.5,0.5,0.5,0.5,0.5,0.5,0.5,0.5,0.5,0.5,0.5,0.5,0.5,0.5,0.5,0.5,0.5,0.5,0.5,0.5,0.5,0.5,0.5,0.5,0.5,0.5,0.5,0.5,0.5,
-86.91726936,32.40435922,76.3228105,1.5,2.5,1.5,2.5,1.5,2.5,1.5,2.5,1.5,2.5,0.5,0.5,0.5,0.5,1.5,2.5,0.5,0.5,0.5,0.5,0.5,0.5,1.5,2.5,0.5,0.5,0.5,0.5,0.5,0.5,2.5,1.5,1.5,2.5,2.5,1.5,2.5,1.5,1.5,2.5,1.5,2.5,
95.01507568,-25.96537781,-0.808792114,1.5,2.5,1.5,2.5,1.5,2.5,1.5,2.5,2.5,1.5,2.5,1.5,2.5,1.5,0.5,0.5,0.5,0.5,0.5,0.5,0.5,0.5,0.5,0.5,0.5,0.5,0.5,0.5,0.5,0.5,0.5,0.5,0.5,0.5,0.5,0.5,0.5,0.5,0.5,0.5,0.5,0.5,
72.9800415,-19.51709747,63.47149658,1.5,2.5,1.5,2.5,1.5,2.5,1.5,2.5,2.5,1.5,2.5,1.5,2.5,1.5,0.5,0.5,0.5,0.5,0.5,0.5,0.5,0.5,0.5,0.5,0.5,0.5,0.5,0.5,0.5,0.5,0.5,0.5,0.5,0.5,0.5,0.5,0.5,0.5,0.5,0.5,0.5,0.5,
-85.470047,9.211753845,113.5159912,1.5,2.5,1.5,2.5,1.5,2.5,1.5,2.5,1.5,2.5,0.5,0.5,0.5,0.5,2.5,1.5,1.5,2.5,1.5,2.5,1.5,2.5,1.5,2.5,0.5,0.5,0.5,0.5,0.5,0.5,2.5,1.5,1.5,2.5,2.5,1.5,2.5,1.5,1.5,2.5,1.5,2.5,
83.12310791,-86.70639801,-15.96133423,1.5,2.5,1.5,2.5,1.5,2.5,1.5,2.5,2.5,1.5,2.5,1.5,2.5,1.5,0.5,0.5,0.5,0.5,0.5,0.5,0.5,0.5,0.5,0.5,0.5,0.5,0.5,0.5,0.5,0.5,0.5,0.5,0.5,0.5,0.5,0.5,0.5,0.5,0.5,0.5,0.5,0.5,
54.53712463,-70.90016937,-51.31549072,1.5,2.5,1.5,2.5,1.5,2.5,1.5,2.5,2.5,1.5,2.5,1.5,2.5,1.5,0.5,0.5,0.5,0.5,0.5,0.5,0.5,0.5,0.5,0.5,0.5,0.5,0.5,0.5,0.5,0.5,0.5,0.5,0.5,0.5,0.5,0.5,0.5,0.5,0.5,0.5,0.5,0.5,
89.44604492,-66.44410706,105.4423218,1.5,2.5,1.5,2.5,1.5,2.5,1.5,2.5,2.5,1.5,2.5,1.5,2.5,1.5,0.5,0.5,0.5,0.5,0.5,0.5,0.5,0.5,0.5,0.5,0.5,0.5,0.5,0.5,0.5,0.5,0.5,0.5,0.5,0.5,0.5,0.5,0.5,0.5,0.5,0.5,0.5,0.5,
48.51722717,75.60688782,67.22384644,1.5,2.5,1.5,2.5,1.5,2.5,1.5,2.5,1.5,2.5,0.5,0.5,0.5,0.5,1.5,2.5,0.5,0.5,0.5,0.5,0.5,0.5,1.5,2.5,0.5,0.5,0.5,0.5,0.5,0.5,1.5,2.5,0.5,0.5,1.5,2.5,0.5,0.5,0.5,0.5,0.5,0.5,
47.63049316,-70.43584442,-34.89317322,1.5,2.5,1.5,2.5,1.5,2.5,1.5,2.5,2.5,1.5,2.5,1.5,2.5,1.5,0.5,0.5,0.5,0.5,0.5,0.5,0.5,0.5,0.5,0.5,0.5,0.5,0.5,0.5,0.5,0.5,0.5,0.5,0.5,0.5,0.5,0.5,0.5,0.5,0.5,0.5,0.5,0.5,
-31.0696106,29.93095398,8.241607666,1.5,2.5,1.5,2.5,1.5,2.5,1.5,2.5,1.5,2.5,0.5,0.5,0.5,0.5,1.5,2.5,0.5,0.5,0.5,0.5,0.5,0.5,1.5,2.5,0.5,0.5,0.5,0.5,0.5,0.5,2.5,1.5,1.5,2.5,2.5,1.5,2.5,1.5,1.5,2.5,1.5,2.5,
93.32876587,-77.91426849,63.55252075,1.5,2.5,1.5,2.5,1.5,2.5,1.5,2.5,2.5,1.5,2.5,1.5,2.5,1.5,0.5,0.5,0.5,0.5,0.5,0.5,0.5,0.5,0.5,0.5,0.5,0.5,0.5,0.5,0.5,0.5,0.5,0.5,0.5,0.5,0.5,0.5,0.5,0.5,0.5,0.5,0.5,0.5,
-80.68798828,-3.624710083,149.7028198,1.5,2.5,1.5,2.5,1.5,2.5,1.5,2.5,2.5,1.5,1.5,2.5,0.5,0.5,0.5,0.5,0.5,0.5,0.5,0.5,0.5,0.5,0.5,0.5,0.5,0.5,0.5,0.5,0.5,0.5,0.5,0.5,0.5,0.5,0.5,0.5,0.5,0.5,0.5,0.5,0.5,0.5,
62.79438782,-72.11753082,-51.18057251,1.5,2.5,1.5,2.5,1.5,2.5,1.5,2.5,2.5,1.5,2.5,1.5,2.5,1.5,0.5,0.5,0.5,0.5,0.5,0.5,0.5,0.5,0.5,0.5,0.5,0.5,0.5,0.5,0.5,0.5,0.5,0.5,0.5,0.5,0.5,0.5,0.5,0.5,0.5,0.5,0.5,0.5,
-46.85293579,23.16758728,91.04672241,1.5,2.5,1.5,2.5,1.5,2.5,1.5,2.5,1.5,2.5,0.5,0.5,0.5,0.5,1.5,2.5,0.5,0.5,0.5,0.5,0.5,0.5,1.5,2.5,0.5,0.5,0.5,0.5,0.5,0.5,2.5,1.5,1.5,2.5,2.5,1.5,2.5,1.5,1.5,2.5,1.5,2.5,
-64.05086517,82.22625732,198.0846558,1.5,2.5,1.5,2.5,1.5,2.5,1.5,2.5,1.5,2.5,0.5,0.5,0.5,0.5,2.5,1.5,1.5,2.5,1.5,2.5,1.5,2.5,1.5,2.5,0.5,0.5,0.5,0.5,0.5,0.5,2.5,1.5,1.5,2.5,2.5,1.5,2.5,1.5,1.5,2.5,1.5,2.5,
-77.53697968,90.83229065,-20.06852722,1.5,2.5,1.5,2.5,1.5,2.5,1.5,2.5,1.5,2.5,0.5,0.5,0.5,0.5,1.5,2.5,0.5,0.5,0.5,0.5,0.5,0.5,1.5,2.5,0.5,0.5,0.5,0.5,0.5,0.5,2.5,1.5,1.5,2.5,2.5,1.5,2.5,1.5,1.5,2.5,1.5,2.5,
93.27032471,5.262504578,164.025116,1.5,2.5,1.5,2.5,1.5,2.5,1.5,2.5,1.5,2.5,0.5,0.5,0.5,0.5,2.5,1.5,1.5,2.5,1.5,2.5,1.5,2.5,1.5,2.5,0.5,0.5,0.5,0.5,0.5,0.5,1.5,2.5,0.5,0.5,1.5,2.5,0.5,0.5,0.5,0.5,0.5,0.5,
-40.97955322,17.7447052,138.2720032,1.5,2.5,1.5,2.5,1.5,2.5,1.5,2.5,1.5,2.5,0.5,0.5,0.5,0.5,2.5,1.5,1.5,2.5,1.5,2.5,1.5,2.5,1.5,2.5,0.5,0.5,0.5,0.5,0.5,0.5,2.5,1.5,1.5,2.5,2.5,1.5,2.5,1.5,1.5,2.5,1.5,2.5,
-87.74350739,78.27619934,-186.7229156,1.5,2.5,1.5,2.5,1.5,2.5,1.5,2.5,1.5,2.5,0.5,0.5,0.5,0.5,1.5,2.5,0.5,0.5,0.5,0.5,0.5,0.5,2.5,1.5,1.5,2.5,1.5,2.5,1.5,2.5,2.5,1.5,1.5,2.5,2.5,1.5,2.5,1.5,1.5,2.5,1.5,2.5,
98.74662781,-39.6608696,-123.0861816,1.5,2.5,1.5,2.5,1.5,2.5,1.5,2.5,2.5,1.5,2.5,1.5,2.5,1.5,0.5,0.5,0.5,0.5,0.5,0.5,0.5,0.5,0.5,0.5,0.5,0.5,0.5,0.5,0.5,0.5,0.5,0.5,0.5,0.5,0.5,0.5,0.5,0.5,0.5,0.5,0.5,0.5,
0.503051758,-88.31919861,191.1378784,1.5,2.5,1.5,2.5,1.5,2.5,2.5,1.5,0.5,0.5,0.5,0.5,0.5,0.5,0.5,0.5,0.5,0.5,0.5,0.5,0.5,0.5,0.5,0.5,0.5,0.5,0.5,0.5,0.5,0.5,0.5,0.5,0.5,0.5,0.5,0.5,0.5,0.5,0.5,0.5,0.5,0.5,
57.15426636,99.04847717,-40.81642151,1.5,2.5,1.5,2.5,1.5,2.5,1.5,2.5,1.5,2.5,0.5,0.5,0.5,0.5,1.5,2.5,0.5,0.5,0.5,0.5,0.5,0.5,1.5,2.5,0.5,0.5,0.5,0.5,0.5,0.5,1.5,2.5,0.5,0.5,1.5,2.5,0.5,0.5,0.5,0.5,0.5,0.5,
-23.54061127,42.97041321,-128.2503052,1.5,2.5,1.5,2.5,1.5,2.5,1.5,2.5,1.5,2.5,0.5,0.5,0.5,0.5,1.5,2.5,0.5,0.5,0.5,0.5,0.5,0.5,2.5,1.5,1.5,2.5,1.5,2.5,1.5,2.5,2.5,1.5,1.5,2.5,2.5,1.5,2.5,1.5,1.5,2.5,1.5,2.5,
4.556335449,-2.411094666,185.216156,1.5,2.5,1.5,2.5,1.5,2.5,1.5,2.5,2.5,1.5,2.5,1.5,2.5,1.5,0.5,0.5,0.5,0.5,0.5,0.5,0.5,0.5,0.5,0.5,0.5,0.5,0.5,0.5,0.5,0.5,0.5,0.5,0.5,0.5,0.5,0.5,0.5,0.5,0.5,0.5,0.5,0.5,
-99.26503754,-7.480323792,178.7298584,1.5,2.5,1.5,2.5,1.5,2.5,1.5,2.5,2.5,1.5,1.5,2.5,0.5,0.5,0.5,0.5,0.5,0.5,0.5,0.5,0.5,0.5,0.5,0.5,0.5,0.5,0.5,0.5,0.5,0.5,0.5,0.5,0.5,0.5,0.5,0.5,0.5,0.5,0.5,0.5,0.5,0.5,
93.56536865,92.53253174,180.5934448,1.5,2.5,1.5,2.5,1.5,2.5,1.5,2.5,1.5,2.5,0.5,0.5,0.5,0.5,2.5,1.5,1.5,2.5,1.5,2.5,1.5,2.5,1.5,2.5,0.5,0.5,0.5,0.5,0.5,0.5,1.5,2.5,0.5,0.5,1.5,2.5,0.5,0.5,0.5,0.5,0.5,0.5,
54.86495972,-99.68463898,-67.89668274,1.5,2.5,1.5,2.5,1.5,2.5,1.5,2.5,2.5,1.5,2.5,1.5,2.5,1.5,0.5,0.5,0.5,0.5,0.5,0.5,0.5,0.5,0.5,0.5,0.5,0.5,0.5,0.5,0.5,0.5,0.5,0.5,0.5,0.5,0.5,0.5,0.5,0.5,0.5,0.5,0.5,0.5,
-74.48633575,91.13269043,120.9360657,1.5,2.5,1.5,2.5,1.5,2.5,1.5,2.5,1.5,2.5,0.5,0.5,0.5,0.5,2.5,1.5,1.5,2.5,1.5,2.5,1.5,2.5,1.5,2.5,0.5,0.5,0.5,0.5,0.5,0.5,2.5,1.5,1.5,2.5,2.5,1.5,2.5,1.5,1.5,2.5,1.5,2.5,
86.29667664,-9.718162537,-187.4565735,1.5,2.5,1.5,2.5,1.5,2.5,1.5,2.5,2.5,1.5,2.5,1.5,2.5,1.5,0.5,0.5,0.5,0.5,0.5,0.5,0.5,0.5,0.5,0.5,0.5,0.5,0.5,0.5,0.5,0.5,0.5,0.5,0.5,0.5,0.5,0.5,0.5,0.5,0.5,0.5,0.5,0.5,
-83.23144531,-31.39230347,-51.60704041,1.5,2.5,1.5,2.5,1.5,2.5,1.5,2.5,2.5,1.5,1.5,2.5,0.5,0.5,0.5,0.5,0.5,0.5,0.5,0.5,0.5,0.5,0.5,0.5,0.5,0.5,0.5,0.5,0.5,0.5,0.5,0.5,0.5,0.5,0.5,0.5,0.5,0.5,0.5,0.5,0.5,0.5,
-94.77030945,95.11341858,-129.5045013,1.5,2.5,1.5,2.5,1.5,2.5,1.5,2.5,1.5,2.5,0.5,0.5,0.5,0.5,1.5,2.5,0.5,0.5,0.5,0.5,0.5,0.5,2.5,1.5,1.5,2.5,1.5,2.5,1.5,2.5,2.5,1.5,1.5,2.5,2.5,1.5,2.5,1.5,1.5,2.5,1.5,2.5,
-95.48976135,-83.3414917,61.92800903,1.5,2.5,1.5,2.5,1.5,2.5,1.5,2.5,2.5,1.5,1.5,2.5,0.5,0.5,0.5,0.5,0.5,0.5,0.5,0.5,0.5,0.5,0.5,0.5,0.5,0.5,0.5,0.5,0.5,0.5,0.5,0.5,0.5,0.5,0.5,0.5,0.5,0.5,0.5,0.5,0.5,0.5,
-69.32665253,3.423606873,129.0298462,1.5,2.5,1.5,2.5,1.5,2.5,1.5,2.5,1.5,2.5,0.5,0.5,0.5,0.5,2.5,1.5,1.5,2.5,1.5,2.5,1.5,2.5,1.5,2.5,0.5,0.5,0.5,0.5,0.5,0.5,2.5,1.5,1.5,2.5,2.5,1.5,2.5,1.5,1.5,2.5,1.5,2.5,
-62.47639465,27.13892365,127.8253174,1.5,2.5,1.5,2.5,1.5,2.5,1.5,2.5,1.5,2.5,0.5,0.5,0.5,0.5,2.5,1.5,1.5,2.5,1.5,2.5,1.5,2.5,1.5,2.5,0.5,0.5,0.5,0.5,0.5,0.5,2.5,1.5,1.5,2.5,2.5,1.5,2.5,1.5,1.5,2.5,1.5,2.5,
-26.99899292,-7.962654114,-169.9559021,1.5,2.5,1.5,2.5,1.5,2.5,1.5,2.5,2.5,1.5,1.5,2.5,0.5,0.5,0.5,0.5,0.5,0.5,0.5,0.5,0.5,0.5,0.5,0.5,0.5,0.5,0.5,0.5,0.5,0.5,0.5,0.5,0.5,0.5,0.5,0.5,0.5,0.5,0.5,0.5,0.5,0.5,
3.327514648,-30.85250854,122.6508484,1.5,2.5,1.5,2.5,1.5,2.5,1.5,2.5,2.5,1.5,2.5,1.5,2.5,1.5,0.5,0.5,0.5,0.5,0.5,0.5,0.5,0.5,0.5,0.5,0.5,0.5,0.5,0.5,0.5,0.5,0.5,0.5,0.5,0.5,0.5,0.5,0.5,0.5,0.5,0.5,0.5,0.5,
43.40092468,-89.74526215,-166.9052429,1.5,2.5,1.5,2.5,1.5,2.5,1.5,2.5,2.5,1.5,2.5,1.5,2.5,1.5,0.5,0.5,0.5,0.5,0.5,0.5,0.5,0.5,0.5,0.5,0.5,0.5,0.5,0.5,0.5,0.5,0.5,0.5,0.5,0.5,0.5,0.5,0.5,0.5,0.5,0.5,0.5,0.5,
83.01477051,90.98171997,71.61138916,1.5,2.5,1.5,2.5,1.5,2.5,1.5,2.5,1.5,2.5,0.5,0.5,0.5,0.5,1.5,2.5,0.5,0.5,0.5,0.5,0.5,0.5,1.5,2.5,0.5,0.5,0.5,0.5,0.5,0.5,1.5,2.5,0.5,0.5,1.5,2.5,0.5,0.5,0.5,0.5,0.5,0.5,
-11.77121735,3.822883606,140.8846436,1.5,2.5,1.5,2.5,1.5,2.5,1.5,2.5,1.5,2.5,0.5,0.5,0.5,0.5,2.5,1.5,1.5,2.5,1.5,2.5,1.5,2.5,1.5,2.5,0.5,0.5,0.5,0.5,0.5,0.5,2.5,1.5,1.5,2.5,2.5,1.5,2.5,1.5,1.5,2.5,1.5,2.5,
42.99191284,-96.87016296,149.3334045,1.5,2.5,1.5,2.5,1.5,2.5,1.5,2.5,2.5,1.5,2.5,1.5,2.5,1.5,0.5,0.5,0.5,0.5,0.5,0.5,0.5,0.5,0.5,0.5,0.5,0.5,0.5,0.5,0.5,0.5,0.5,0.5,0.5,0.5,0.5,0.5,0.5,0.5,0.5,0.5,0.5,0.5,
-51.94721222,-12.32132721,-80.57723236,1.5,2.5,1.5,2.5,1.5,2.5,1.5,2.5,2.5,1.5,1.5,2.5,0.5,0.5,0.5,0.5,0.5,0.5,0.5,0.5,0.5,0.5,0.5,0.5,0.5,0.5,0.5,0.5,0.5,0.5,0.5,0.5,0.5,0.5,0.5,0.5,0.5,0.5,0.5,0.5,0.5,0.5,
-88.89619446,91.93348694,194.4453735,1.5,2.5,1.5,2.5,1.5,2.5,1.5,2.5,1.5,2.5,0.5,0.5,0.5,0.5,2.5,1.5,1.5,2.5,1.5,2.5,1.5,2.5,1.5,2.5,0.5,0.5,0.5,0.5,0.5,0.5,2.5,1.5,1.5,2.5,2.5,1.5,2.5,1.5,1.5,2.5,1.5,2.5,
-87.62747955,63.40501404,146.6021118,1.5,2.5,1.5,2.5,1.5,2.5,1.5,2.5,1.5,2.5,0.5,0.5,0.5,0.5,2.5,1.5,1.5,2.5,1.5,2.5,1.5,2.5,1.5,2.5,0.5,0.5,0.5,0.5,0.5,0.5,2.5,1.5,1.5,2.5,2.5,1.5,2.5,1.5,1.5,2.5,1.5,2.5,
-42.7320137,52.15591431,176.7033081,1.5,2.5,1.5,2.5,1.5,2.5,1.5,2.5,1.5,2.5,0.5,0.5,0.5,0.5,2.5,1.5,1.5,2.5,1.5,2.5,1.5,2.5,1.5,2.5,0.5,0.5,0.5,0.5,0.5,0.5,2.5,1.5,1.5,2.5,2.5,1.5,2.5,1.5,1.5,2.5,1.5,2.5,
38.27256775,-85.71688843,-23.64259338,1.5,2.5,1.5,2.5,1.5,2.5,1.5,2.5,2.5,1.5,2.5,1.5,2.5,1.5,0.5,0.5,0.5,0.5,0.5,0.5,0.5,0.5,0.5,0.5,0.5,0.5,0.5,0.5,0.5,0.5,0.5,0.5,0.5,0.5,0.5,0.5,0.5,0.5,0.5,0.5,0.5,0.5,
78.89086914,77.46963501,-195.4930725,1.5,2.5,1.5,2.5,1.5,2.5,1.5,2.5,1.5,2.5,0.5,0.5,0.5,0.5,1.5,2.5,0.5,0.5,0.5,0.5,0.5,0.5,2.5,1.5,1.5,2.5,1.5,2.5,1.5,2.5,1.5,2.5,0.5,0.5,1.5,2.5,0.5,0.5,0.5,0.5,0.5,0.5,
27.46056366,-34.32673645,-106.4811859,1.5,2.5,1.5,2.5,1.5,2.5,1.5,2.5,2.5,1.5,2.5,1.5,2.5,1.5,0.5,0.5,0.5,0.5,0.5,0.5,0.5,0.5,0.5,0.5,0.5,0.5,0.5,0.5,0.5,0.5,0.5,0.5,0.5,0.5,0.5,0.5,0.5,0.5,0.5,0.5,0.5,0.5,
-64.97911835,77.95510864,-52.46813965,1.5,2.5,1.5,2.5,1.5,2.5,1.5,2.5,1.5,2.5,0.5,0.5,0.5,0.5,1.5,2.5,0.5,0.5,0.5,0.5,0.5,0.5,1.5,2.5,0.5,0.5,0.5,0.5,0.5,0.5,2.5,1.5,1.5,2.5,2.5,1.5,2.5,1.5,1.5,2.5,1.5,2.5,
34.29797363,-65.24133301,-195.1992035,1.5,2.5,1.5,2.5,1.5,2.5,1.5,2.5,2.5,1.5,2.5,1.5,2.5,1.5,0.5,0.5,0.5,0.5,0.5,0.5,0.5,0.5,0.5,0.5,0.5,0.5,0.5,0.5,0.5,0.5,0.5,0.5,0.5,0.5,0.5,0.5,0.5,0.5,0.5,0.5,0.5,0.5,
-90.31035614,-87.52725983,-139.2070465,1.5,2.5,1.5,2.5,1.5,2.5,1.5,2.5,2.5,1.5,1.5,2.5,0.5,0.5,0.5,0.5,0.5,0.5,0.5,0.5,0.5,0.5,0.5,0.5,0.5,0.5,0.5,0.5,0.5,0.5,0.5,0.5,0.5,0.5,0.5,0.5,0.5,0.5,0.5,0.5,0.5,0.5,
46.31622314,-77.08023834,-125.1265182,1.5,2.5,1.5,2.5,1.5,2.5,1.5,2.5,2.5,1.5,2.5,1.5,2.5,1.5,0.5,0.5,0.5,0.5,0.5,0.5,0.5,0.5,0.5,0.5,0.5,0.5,0.5,0.5,0.5,0.5,0.5,0.5,0.5,0.5,0.5,0.5,0.5,0.5,0.5,0.5,0.5,0.5,
-25.31143188,80.26278687,-191.611084,1.5,2.5,1.5,2.5,1.5,2.5,1.5,2.5,1.5,2.5,0.5,0.5,0.5,0.5,1.5,2.5,0.5,0.5,0.5,0.5,0.5,0.5,2.5,1.5,1.5,2.5,1.5,2.5,1.5,2.5,2.5,1.5,1.5,2.5,2.5,1.5,2.5,1.5,1.5,2.5,1.5,2.5,
97.59898376,75.8999176,-177.8917847,1.5,2.5,1.5,2.5,1.5,2.5,1.5,2.5,1.5,2.5,0.5,0.5,0.5,0.5,1.5,2.5,0.5,0.5,0.5,0.5,0.5,0.5,2.5,1.5,1.5,2.5,1.5,2.5,1.5,2.5,1.5,2.5,0.5,0.5,1.5,2.5,0.5,0.5,0.5,0.5,0.5,0.5,
-71.52017975,18.48399353,-153.8875885,1.5,2.5,1.5,2.5,1.5,2.5,1.5,2.5,1.5,2.5,0.5,0.5,0.5,0.5,1.5,2.5,0.5,0.5,0.5,0.5,0.5,0.5,2.5,1.5,1.5,2.5,1.5,2.5,1.5,2.5,2.5,1.5,1.5,2.5,2.5,1.5,2.5,1.5,1.5,2.5,1.5,2.5,
68.17402649,-42.72502136,-136.8713074,1.5,2.5,1.5,2.5,1.5,2.5,1.5,2.5,2.5,1.5,2.5,1.5,2.5,1.5,0.5,0.5,0.5,0.5,0.5,0.5,0.5,0.5,0.5,0.5,0.5,0.5,0.5,0.5,0.5,0.5,0.5,0.5,0.5,0.5,0.5,0.5,0.5,0.5,0.5,0.5,0.5,0.5,
36.89625549,84.51475525,-49.84388733,1.5,2.5,1.5,2.5,1.5,2.5,1.5,2.5,1.5,2.5,0.5,0.5,0.5,0.5,1.5,2.5,0.5,0.5,0.5,0.5,0.5,0.5,1.5,2.5,0.5,0.5,0.5,0.5,0.5,0.5,1.5,2.5,0.5,0.5,1.5,2.5,0.5,0.5,0.5,0.5,0.5,0.5,
-12.19976807,57.121521,170.8442078,1.5,2.5,1.5,2.5,1.5,2.5,1.5,2.5,1.5,2.5,0.5,0.5,0.5,0.5,2.5,1.5,1.5,2.5,1.5,2.5,1.5,2.5,1.5,2.5,0.5,0.5,0.5,0.5,0.5,0.5,2.5,1.5,1.5,2.5,2.5,1.5,2.5,1.5,1.5,2.5,1.5,2.5,
60.50480652,-40.0719986,42.5635376,1.5,2.5,1.5,2.5,1.5,2.5,1.5,2.5,2.5,1.5,2.5,1.5,2.5,1.5,0.5,0.5,0.5,0.5,0.5,0.5,0.5,0.5,0.5,0.5,0.5,0.5,0.5,0.5,0.5,0.5,0.5,0.5,0.5,0.5,0.5,0.5,0.5,0.5,0.5,0.5,0.5,0.5,
-58.30988312,10.42145538,-19.89900208,1.5,2.5,1.5,2.5,1.5,2.5,1.5,2.5,1.5,2.5,0.5,0.5,0.5,0.5,1.5,2.5,0.5,0.5,0.5,0.5,0.5,0.5,1.5,2.5,0.5,0.5,0.5,0.5,0.5,0.5,2.5,1.5,1.5,2.5,2.5,1.5,2.5,1.5,1.5,2.5,1.5,2.5,
65.77658081,-41.19937897,25.82051086,1.5,2.5,1.5,2.5,1.5,2.5,1.5,2.5,2.5,1.5,2.5,1.5,2.5,1.5,0.5,0.5,0.5,0.5,0.5,0.5,0.5,0.5,0.5,0.5,0.5,0.5,0.5,0.5,0.5,0.5,0.5,0.5,0.5,0.5,0.5,0.5,0.5,0.5,0.5,0.5,0.5,0.5,
9.973617554,-91.44029236,194.265625,1.5,2.5,1.5,2.5,1.5,2.5,1.5,2.5,2.5,1.5,2.5,1.5,2.5,1.5,0.5,0.5,0.5,0.5,0.5,0.5,0.5,0.5,0.5,0.5,0.5,0.5,0.5,0.5,0.5,0.5,0.5,0.5,0.5,0.5,0.5,0.5,0.5,0.5,0.5,0.5,0.5,0.5,
-76.55813599,73.03849792,54.92808533,1.5,2.5,1.5,2.5,1.5,2.5,1.5,2.5,1.5,2.5,0.5,0.5,0.5,0.5,1.5,2.5,0.5,0.5,0.5,0.5,0.5,0.5,1.5,2.5,0.5,0.5,0.5,0.5,0.5,0.5,2.5,1.5,1.5,2.5,2.5,1.5,2.5,1.5,1.5,2.5,1.5,2.5,
-27.69493866,86.56286621,90.08868408,1.5,2.5,1.5,2.5,1.5,2.5,1.5,2.5,1.5,2.5,0.5,0.5,0.5,0.5,1.5,2.5,0.5,0.5,0.5,0.5,0.5,0.5,1.5,2.5,0.5,0.5,0.5,0.5,0.5,0.5,2.5,1.5,1.5,2.5,2.5,1.5,2.5,1.5,1.5,2.5,1.5,2.5,
-95.99616241,91.86851501,57.83392334,1.5,2.5,1.5,2.5,1.5,2.5,1.5,2.5,1.5,2.5,0.5,0.5,0.5,0.5,1.5,2.5,0.5,0.5,0.5,0.5,0.5,0.5,1.5,2.5,0.5,0.5,0.5,0.5,0.5,0.5,2.5,1.5,1.5,2.5,2.5,1.5,2.5,1.5,1.5,2.5,1.5,2.5,
-71.311409,24.95990753,-127.1188278,1.5,2.5,1.5,2.5,1.5,2.5,1.5,2.5,1.5,2.5,0.5,0.5,0.5,0.5,1.5,2.5,0.5,0.5,0.5,0.5,0.5,0.5,2.5,1.5,1.5,2.5,1.5,2.5,1.5,2.5,2.5,1.5,1.5,2.5,2.5,1.5,2.5,1.5,1.5,2.5,1.5,2.5,
-44.61965561,27.94060516,116.9266663,1.5,2.5,1.5,2.5,1.5,2.5,1.5,2.5,1.5,2.5,0.5,0.5,0.5,0.5,2.5,1.5,1.5,2.5,1.5,2.5,1.5,2.5,1.5,2.5,0.5,0.5,0.5,0.5,0.5,0.5,2.5,1.5,1.5,2.5,2.5,1.5,2.5,1.5,1.5,2.5,1.5,2.5,
20.01488495,13.87337494,190.5211792,1.5,2.5,1.5,2.5,1.5,2.5,1.5,2.5,1.5,2.5,0.5,0.5,0.5,0.5,2.5,1.5,1.5,2.5,1.5,2.5,1.5,2.5,1.5,2.5,0.5,0.5,0.5,0.5,0.5,0.5,1.5,2.5,0.5,0.5,1.5,2.5,0.5,0.5,0.5,0.5,0.5,0.5,
-93.45825195,74.67817688,173.9096375,1.5,2.5,1.5,2.5,1.5,2.5,1.5,2.5,1.5,2.5,0.5,0.5,0.5,0.5,2.5,1.5,1.5,2.5,1.5,2.5,1.5,2.5,1.5,2.5,0.5,0.5,0.5,0.5,0.5,0.5,2.5,1.5,1.5,2.5,2.5,1.5,2.5,1.5,1.5,2.5,1.5,2.5,
-9.993423462,8.902908325,-129.694809,1.5,2.5,1.5,2.5,1.5,2.5,1.5,2.5,1.5,2.5,0.5,0.5,0.5,0.5,1.5,2.5,0.5,0.5,0.5,0.5,0.5,0.5,2.5,1.5,1.5,2.5,1.5,2.5,1.5,2.5,2.5,1.5,1.5,2.5,2.5,1.5,2.5,1.5,1.5,2.5,1.5,2.5,
36.34916687,8.417526245,-189.049118,1.5,2.5,1.5,2.5,1.5,2.5,1.5,2.5,1.5,2.5,0.5,0.5,0.5,0.5,1.5,2.5,0.5,0.5,0.5,0.5,0.5,0.5,2.5,1.5,1.5,2.5,1.5,2.5,1.5,2.5,1.5,2.5,0.5,0.5,1.5,2.5,0.5,0.5,0.5,0.5,0.5,0.5,
-44.51396561,68.97883606,-183.7731171,1.5,2.5,1.5,2.5,1.5,2.5,1.5,2.5,1.5,2.5,0.5,0.5,0.5,0.5,1.5,2.5,0.5,0.5,0.5,0.5,0.5,0.5,2.5,1.5,1.5,2.5,1.5,2.5,1.5,2.5,2.5,1.5,1.5,2.5,2.5,1.5,2.5,1.5,1.5,2.5,1.5,2.5,
77.83117676,-78.33371735,141.1750183,1.5,2.5,1.5,2.5,1.5,2.5,1.5,2.5,2.5,1.5,2.5,1.5,2.5,1.5,0.5,0.5,0.5,0.5,0.5,0.5,0.5,0.5,0.5,0.5,0.5,0.5,0.5,0.5,0.5,0.5,0.5,0.5,0.5,0.5,0.5,0.5,0.5,0.5,0.5,0.5,0.5,0.5,
79.70120239,-30.82476807,163.6916199,1.5,2.5,1.5,2.5,1.5,2.5,1.5,2.5,2.5,1.5,2.5,1.5,2.5,1.5,0.5,0.5,0.5,0.5,0.5,0.5,0.5,0.5,0.5,0.5,0.5,0.5,0.5,0.5,0.5,0.5,0.5,0.5,0.5,0.5,0.5,0.5,0.5,0.5,0.5,0.5,0.5,0.5,
48.7507019,23.16913605,-81.47331238,1.5,2.5,1.5,2.5,1.5,2.5,1.5,2.5,1.5,2.5,0.5,0.5,0.5,0.5,1.5,2.5,0.5,0.5,0.5,0.5,0.5,0.5,1.5,2.5,0.5,0.5,0.5,0.5,0.5,0.5,1.5,2.5,0.5,0.5,1.5,2.5,0.5,0.5,0.5,0.5,0.5,0.5,
85.32696533,-94.79666901,199.0314941,1.5,2.5,1.5,2.5,1.5,2.5,1.5,2.5,2.5,1.5,2.5,1.5,2.5,1.5,0.5,0.5,0.5,0.5,0.5,0.5,0.5,0.5,0.5,0.5,0.5,0.5,0.5,0.5,0.5,0.5,0.5,0.5,0.5,0.5,0.5,0.5,0.5,0.5,0.5,0.5,0.5,0.5,
49.88604736,-83.80607605,171.8832397,1.5,2.5,1.5,2.5,1.5,2.5,1.5,2.5,2.5,1.5,2.5,1.5,2.5,1.5,0.5,0.5,0.5,0.5,0.5,0.5,0.5,0.5,0.5,0.5,0.5,0.5,0.5,0.5,0.5,0.5,0.5,0.5,0.5,0.5,0.5,0.5,0.5,0.5,0.5,0.5,0.5,0.5,
30.25778198,-46.04675674,185.0690613,1.5,2.5,1.5,2.5,1.5,2.5,1.5,2.5,2.5,1.5,2.5,1.5,2.5,1.5,0.5,0.5,0.5,0.5,0.5,0.5,0.5,0.5,0.5,0.5,0.5,0.5,0.5,0.5,0.5,0.5,0.5,0.5,0.5,0.5,0.5,0.5,0.5,0.5,0.5,0.5,0.5,0.5,
-78.05587006,98.12799072,166.6973572,1.5,2.5,1.5,2.5,1.5,2.5,1.5,2.5,1.5,2.5,0.5,0.5,0.5,0.5,2.5,1.5,1.5,2.5,1.5,2.5,1.5,2.5,1.5,2.5,0.5,0.5,0.5,0.5,0.5,0.5,2.5,1.5,1.5,2.5,2.5,1.5,2.5,1.5,1.5,2.5,1.5,2.5,
70.93556213,-60.22817993,-5.102905273,1.5,2.5,1.5,2.5,1.5,2.5,1.5,2.5,2.5,1.5,2.5,1.5,2.5,1.5,0.5,0.5,0.5,0.5,0.5,0.5,0.5,0.5,0.5,0.5,0.5,0.5,0.5,0.5,0.5,0.5,0.5,0.5,0.5,0.5,0.5,0.5,0.5,0.5,0.5,0.5,0.5,0.5,
-3.054161072,19.74319458,155.6809998,1.5,2.5,1.5,2.5,1.5,2.5,1.5,2.5,1.5,2.5,0.5,0.5,0.5,0.5,2.5,1.5,1.5,2.5,1.5,2.5,1.5,2.5,1.5,2.5,0.5,0.5,0.5,0.5,0.5,0.5,2.5,1.5,1.5,2.5,2.5,1.5,2.5,1.5,1.5,2.5,1.5,2.5,
94.78544617,47.46705627,141.0993042,1.5,2.5,1.5,2.5,1.5,2.5,1.5,2.5,1.5,2.5,0.5,0.5,0.5,0.5,2.5,1.5,1.5,2.5,1.5,2.5,1.5,2.5,1.5,2.5,0.5,0.5,0.5,0.5,0.5,0.5,1.5,2.5,0.5,0.5,1.5,2.5,0.5,0.5,0.5,0.5,0.5,0.5,
-15.67209625,88.1292572,-193.7954407,1.5,2.5,1.5,2.5,1.5,2.5,1.5,2.5,1.5,2.5,0.5,0.5,0.5,0.5,1.5,2.5,0.5,0.5,0.5,0.5,0.5,0.5,2.5,1.5,1.5,2.5,1.5,2.5,1.5,2.5,2.5,1.5,1.5,2.5,2.5,1.5,2.5,1.5,1.5,2.5,1.5,2.5,
-97.26425171,35.43360901,7.907989502,1.5,2.5,1.5,2.5,1.5,2.5,1.5,2.5,1.5,2.5,0.5,0.5,0.5,0.5,1.5,2.5,0.5,0.5,0.5,0.5,0.5,0.5,1.5,2.5,0.5,0.5,0.5,0.5,0.5,0.5,2.5,1.5,1.5,2.5,2.5,1.5,2.5,1.5,1.5,2.5,1.5,2.5,
64.61174011,-97.60661316,-171.9234619,1.5,2.5,1.5,2.5,1.5,2.5,1.5,2.5,2.5,1.5,2.5,1.5,2.5,1.5,0.5,0.5,0.5,0.5,0.5,0.5,0.5,0.5,0.5,0.5,0.5,0.5,0.5,0.5,0.5,0.5,0.5,0.5,0.5,0.5,0.5,0.5,0.5,0.5,0.5,0.5,0.5,0.5,
70.44483948,63.37193298,9.884506226,1.5,2.5,1.5,2.5,1.5,2.5,1.5,2.5,1.5,2.5,0.5,0.5,0.5,0.5,1.5,2.5,0.5,0.5,0.5,0.5,0.5,0.5,1.5,2.5,0.5,0.5,0.5,0.5,0.5,0.5,1.5,2.5,0.5,0.5,1.5,2.5,0.5,0.5,0.5,0.5,0.5,0.5,
10.99922943,-79.55775452,-186.8768768,1.5,2.5,1.5,2.5,1.5,2.5,1.5,2.5,2.5,1.5,2.5,1.5,2.5,1.5,0.5,0.5,0.5,0.5,0.5,0.5,0.5,0.5,0.5,0.5,0.5,0.5,0.5,0.5,0.5,0.5,0.5,0.5,0.5,0.5,0.5,0.5,0.5,0.5,0.5,0.5,0.5,0.5,
71.65603638,-45.1979866,133.676239,1.5,2.5,1.5,2.5,1.5,2.5,1.5,2.5,2.5,1.5,2.5,1.5,2.5,1.5,0.5,0.5,0.5,0.5,0.5,0.5,0.5,0.5,0.5,0.5,0.5,0.5,0.5,0.5,0.5,0.5,0.5,0.5,0.5,0.5,0.5,0.5,0.5,0.5,0.5,0.5,0.5,0.5,
-37.90545654,77.48616028,-141.213028,1.5,2.5,1.5,2.5,1.5,2.5,1.5,2.5,1.5,2.5,0.5,0.5,0.5,0.5,1.5,2.5,0.5,0.5,0.5,0.5,0.5,0.5,2.5,1.5,1.5,2.5,1.5,2.5,1.5,2.5,2.5,1.5,1.5,2.5,2.5,1.5,2.5,1.5,1.5,2.5,1.5,2.5,
-55.33156586,-82.80779266,75.20742798,1.5,2.5,1.5,2.5,1.5,2.5,1.5,2.5,2.5,1.5,2.5,1.5,1.5,2.5,1.5,2.5,0.5,0.5,0.5,0.5,0.5,0.5,1.5,2.5,0.5,0.5,0.5,0.5,0.5,0.5,2.5,1.5,2.5,1.5,0.5,0.5,0.5,0.5,0.5,0.5,0.5,0.5,
57.43977356,-53.41781235,-40.05776978,1.5,2.5,1.5,2.5,1.5,2.5,1.5,2.5,2.5,1.5,2.5,1.5,2.5,1.5,0.5,0.5,0.5,0.5,0.5,0.5,0.5,0.5,0.5,0.5,0.5,0.5,0.5,0.5,0.5,0.5,0.5,0.5,0.5,0.5,0.5,0.5,0.5,0.5,0.5,0.5,0.5,0.5,
-10.06556702,-88.78404999,158.9716492,1.5,2.5,1.5,2.5,1.5,2.5,1.5,2.5,2.5,1.5,2.5,1.5,1.5,2.5,2.5,1.5,1.5,2.5,1.5,2.5,1.5,2.5,1.5,2.5,0.5,0.5,0.5,0.5,0.5,0.5,2.5,1.5,2.5,1.5,0.5,0.5,0.5,0.5,0.5,0.5,0.5,0.5,
-80.73670959,-36.1627655,135.0401917,1.5,2.5,1.5,2.5,1.5,2.5,1.5,2.5,2.5,1.5,1.5,2.5,0.5,0.5,0.5,0.5,0.5,0.5,0.5,0.5,0.5,0.5,0.5,0.5,0.5,0.5,0.5,0.5,0.5,0.5,0.5,0.5,0.5,0.5,0.5,0.5,0.5,0.5,0.5,0.5,0.5,0.5,
-29.40154266,-31.62570953,-36.5634613,1.5,2.5,1.5,2.5,1.5,2.5,1.5,2.5,2.5,1.5,2.5,1.5,1.5,2.5,1.5,2.5,0.5,0.5,0.5,0.5,0.5,0.5,1.5,2.5,0.5,0.5,0.5,0.5,0.5,0.5,2.5,1.5,2.5,1.5,0.5,0.5,0.5,0.5,0.5,0.5,0.5,0.5,
-36.43940735,-59.02758408,187.6442566,1.5,2.5,1.5,2.5,1.5,2.5,1.5,2.5,2.5,1.5,2.5,1.5,1.5,2.5,2.5,1.5,1.5,2.5,1.5,2.5,1.5,2.5,1.5,2.5,0.5,0.5,0.5,0.5,0.5,0.5,2.5,1.5,2.5,1.5,0.5,0.5,0.5,0.5,0.5,0.5,0.5,0.5,
-88.44687653,-96.27533722,-194.7314453,1.5,2.5,1.5,2.5,1.5,2.5,1.5,2.5,2.5,1.5,2.5,1.5,1.5,2.5,1.5,2.5,0.5,0.5,0.5,0.5,0.5,0.5,2.5,1.5,1.5,2.5,1.5,2.5,1.5,2.5,2.5,1.5,2.5,1.5,0.5,0.5,0.5,0.5,0.5,0.5,0.5,0.5,
-93.39233398,-75.86107635,-160.5893402,1.5,2.5,1.5,2.5,1.5,2.5,1.5,2.5,2.5,1.5,1.5,2.5,0.5,0.5,0.5,0.5,0.5,0.5,0.5,0.5,0.5,0.5,0.5,0.5,0.5,0.5,0.5,0.5,0.5,0.5,0.5,0.5,0.5,0.5,0.5,0.5,0.5,0.5,0.5,0.5,0.5,0.5,
-66.25297546,87.51168823,196.989563,1.5,2.5,1.5,2.5,1.5,2.5,1.5,2.5,1.5,2.5,0.5,0.5,0.5,0.5,2.5,1.5,1.5,2.5,1.5,2.5,1.5,2.5,1.5,2.5,0.5,0.5,0.5,0.5,0.5,0.5,2.5,1.5,1.5,2.5,2.5,1.5,2.5,1.5,1.5,2.5,1.5,2.5,
39.53735352,-96.81085205,193.8208008,1.5,2.5,1.5,2.5,1.5,2.5,1.5,2.5,2.5,1.5,2.5,1.5,2.5,1.5,0.5,0.5,0.5,0.5,0.5,0.5,0.5,0.5,0.5,0.5,0.5,0.5,0.5,0.5,0.5,0.5,0.5,0.5,0.5,0.5,0.5,0.5,0.5,0.5,0.5,0.5,0.5,0.5,
-95.53961945,22.74824524,118.966095,1.5,2.5,1.5,2.5,1.5,2.5,1.5,2.5,1.5,2.5,0.5,0.5,0.5,0.5,2.5,1.5,1.5,2.5,1.5,2.5,1.5,2.5,1.5,2.5,0.5,0.5,0.5,0.5,0.5,0.5,2.5,1.5,1.5,2.5,2.5,1.5,2.5,1.5,1.5,2.5,1.5,2.5,
-65.57962799,-10.06389618,199.8734436,1.5,2.5,1.5,2.5,1.5,2.5,1.5,2.5,2.5,1.5,1.5,2.5,0.5,0.5,0.5,0.5,0.5,0.5,0.5,0.5,0.5,0.5,0.5,0.5,0.5,0.5,0.5,0.5,0.5,0.5,0.5,0.5,0.5,0.5,0.5,0.5,0.5,0.5,0.5,0.5,0.5,0.5,
8.475708008,-94.63924408,-120.2364426,1.5,2.5,1.5,2.5,1.5,2.5,1.5,2.5,2.5,1.5,2.5,1.5,2.5,1.5,0.5,0.5,0.5,0.5,0.5,0.5,0.5,0.5,0.5,0.5,0.5,0.5,0.5,0.5,0.5,0.5,0.5,0.5,0.5,0.5,0.5,0.5,0.5,0.5,0.5,0.5,0.5,0.5,
-89.00276947,38.2618866,75.40023804,1.5,2.5,1.5,2.5,1.5,2.5,1.5,2.5,1.5,2.5,0.5,0.5,0.5,0.5,1.5,2.5,0.5,0.5,0.5,0.5,0.5,0.5,1.5,2.5,0.5,0.5,0.5,0.5,0.5,0.5,2.5,1.5,1.5,2.5,2.5,1.5,2.5,1.5,1.5,2.5,1.5,2.5,
30.47157288,66.87069702,197.6629639,1.5,2.5,1.5,2.5,1.5,2.5,1.5,2.5,1.5,2.5,0.5,0.5,0.5,0.5,2.5,1.5,1.5,2.5,1.5,2.5,1.5,2.5,1.5,2.5,0.5,0.5,0.5,0.5,0.5,0.5,1.5,2.5,0.5,0.5,1.5,2.5,0.5,0.5,0.5,0.5,0.5,0.5,
-6.650718689,-7.113754272,-20.76956177,1.5,2.5,1.5,2.5,1.5,2.5,1.5,2.5,2.5,1.5,2.5,1.5,1.5,2.5,1.5,2.5,0.5,0.5,0.5,0.5,0.5,0.5,1.5,2.5,0.5,0.5,0.5,0.5,0.5,0.5,2.5,1.5,2.5,1.5,0.5,0.5,0.5,0.5,0.5,0.5,0.5,0.5,
47.76431274,62.9705658,143.3451538,1.5,2.5,1.5,2.5,1.5,2.5,1.5,2.5,1.5,2.5,0.5,0.5,0.5,0.5,2.5,1.5,1.5,2.5,1.5,2.5,1.5,2.5,1.5,2.5,0.5,0.5,0.5,0.5,0.5,0.5,1.5,2.5,0.5,0.5,1.5,2.5,0.5,0.5,0.5,0.5,0.5,0.5,