a,b,x2,b295,b296,b297,b298,b299,b300,b301,b302,b303,b304,b305,b306,b307,b308,b309,b310,b311,b312,b313,b314,b315,b316,b317,b318,b319,b320,b321,b322,b323,b324,b325,b326,b327,b328,b329,b330,b331,b332,b333,b334,b335,b336,b337,b338,b339,b340,b341,b342,b343,b344,b345,b346,b347,b348,b349,b350,b351,b352,b353,b354,b355,b356,b357,b358,b359,b360,b361,b362,b363,b364,b365,b366,b367,b368,b369,b370,b371,b372,b373,b374,b375,b376,b377,b378,b379,b380,b381,b382,b383,b384,b385,b386,b387,b388,b389,b390,label
-9.291086344,-66.3062233,159.9166328,1.5,2.5,0.5,0.5,1.5,2.5,0.5,0.5,2.5,1.5,2.5,1.5,0.5,0.5,1.5,2.5,0.5,0.5,0.5,0.5,1.5,2.5,2.5,1.5,2.5,1.5,2.5,1.5,1.5,2.5,2.5,1.5,1.5,2.5,0.5,0.5,0.5,0.5,0.5,0.5,2.5,1.5,2.5,1.5,1.5,2.5,0.5,0.5,0.5,0.5,0.5,0.5,2.5,1.5,1.5,2.5,0.5,0.5,0.5,0.5,0.5,0.5,0.5,0.5,8.5,2.5,2.5,8.5,1.5,2.5,1.5,2.5,0.5,0.5,0.5,0.5,0.5,0.5,0.5,0.5,0.5,0.5,0.5,0.5,0.5,0.5,0.5,0.5,0.5,0.5,0.5,0.5,0.5,0.5,0.5,0.5,1
-74.0836823,-41.79642882,162.7268353,1.5,2.5,0.5,0.5,0.5,0.5,0.5,0.5,2.5,1.5,1.5,2.5,1.5,2.5,2.5,1.5,2.5,1.5,2.5,1.5,0.5,0.5,1.5,2.5,0.5,0.5,0.5,0.5,1.5,2.5,1.5,2.5,0.5,0.5,0.5,0.5,0.5,0.5,0.5,0.5,1.5,2.5,0.5,0.5,0.5,0.5,0.5,0.5,0.5,0.5,0.5,0.5,1.5,2.5,0.5,0.5,0.5,0.5,0.5,0.5,0.5,0.5,0.5,0.5,0.5,0.5,0.5,0.5,0.5,0.5,0.5,0.5,1.5,2.5,0.5,0.5,7.5,2.5,7.5,6.5,1.5,2.5,1.5,2.5,0.5,0.5,0.5,0.5,0.5,0.5,0.5,0.5,0.5,0.5,0.5,0.5,1
45.35116434,51.13247773,197.7232578,1.5,2.5,0.5,0.5,1.5,2.5,0.5,0.5,2.5,1.5,2.5,1.5,0.5,0.5,1.5,2.5,0.5,0.5,0.5,0.5,1.5,2.5,2.5,1.5,2.5,1.5,2.5,1.5,1.5,2.5,2.5,1.5,1.5,2.5,0.5,0.5,0.5,0.5,0.5,0.5,2.5,1.5,2.5,1.5,1.5,2.5,0.5,0.5,0.5,0.5,0.5,0.5,2.5,1.5,1.5,2.5,0.5,0.5,0.5,0.5,0.5,0.5,0.5,0.5,8.5,2.5,2.5,8.5,1.5,2.5,1.5,2.5,0.5,0.5,0.5,0.5,0.5,0.5,0.5,0.5,0.5,0.5,0.5,0.5,0.5,0.5,0.5,0.5,0.5,0.5,0.5,0.5,0.5,0.5,0.5,0.5,1
42.31629845,65.5093348,171.7661828,1.5,2.5,0.5,0.5,1.5,2.5,0.5,0.5,2.5,1.5,2.5,1.5,0.5,0.5,1.5,2.5,0.5,0.5,0.5,0.5,1.5,2.5,2.5,1.5,2.5,1.5,2.5,1.5,1.5,2.5,2.5,1.5,1.5,2.5,0.5,0.5,0.5,0.5,0.5,0.5,2.5,1.5,2.5,1.5,1.5,2.5,0.5,0.5,0.5,0.5,0.5,0.5,2.5,1.5,1.5,2.5,0.5,0.5,0.5,0.5,0.5,0.5,0.5,0.5,8.5,2.5,2.5,8.5,1.5,2.5,1.5,2.5,0.5,0.5,0.5,0.5,0.5,0.5,0.5,0.5,0.5,0.5,0.5,0.5,0.5,0.5,0.5,0.5,0.5,0.5,0.5,0.5,0.5,0.5,0.5,0.5,1
-35.89146771,56.53328296,-57.85629346,1.5,2.5,0.5,0.5,0.5,0.5,0.5,0.5,2.5,1.5,1.5,2.5,0.5,0.5,1.5,2.5,0.5,0.5,0.5,0.5,0.5,0.5,1.5,2.5,0.5,0.5,0.5,0.5,1.5,2.5,1.5,2.5,0.5,0.5,0.5,0.5,0.5,0.5,0.5,0.5,1.5,2.5,0.5,0.5,0.5,0.5,0.5,0.5,0.5,0.5,0.5,0.5,2.5,1.5,2.5,1.5,8.5,2.5,2.5,8.5,1.5,2.5,1.5,2.5,0.5,0.5,0.5,0.5,0.5,0.5,0.5,0.5,0.5,0.5,0.5,0.5,0.5,0.5,0.5,0.5,0.5,0.5,0.5,0.5,0.5,0.5,0.5,0.5,0.5,0.5,0.5,0.5,0.5,0.5,0.5,0.5,1
88.56525191,51.22721019,88.66754764,1.5,2.5,0.5,0.5,0.5,0.5,0.5,0.5,2.5,1.5,1.5,2.5,0.5,0.5,1.5,2.5,0.5,0.5,0.5,0.5,0.5,0.5,1.5,2.5,0.5,0.5,0.5,0.5,1.5,2.5,1.5,2.5,0.5,0.5,0.5,0.5,0.5,0.5,0.5,0.5,1.5,2.5,0.5,0.5,0.5,0.5,0.5,0.5,0.5,0.5,0.5,0.5,2.5,1.5,2.5,1.5,8.5,2.5,2.5,8.5,1.5,2.5,1.5,2.5,0.5,0.5,0.5,0.5,0.5,0.5,0.5,0.5,0.5,0.5,0.5,0.5,0.5,0.5,0.5,0.5,0.5,0.5,0.5,0.5,0.5,0.5,0.5,0.5,0.5,0.5,0.5,0.5,0.5,0.5,0.5,0.5,1
80.85009109,41.52848119,-75.12472705,1.5,2.5,0.5,0.5,0.5,0.5,0.5,0.5,2.5,1.5,1.5,2.5,0.5,0.5,1.5,2.5,0.5,0.5,0.5,0.5,0.5,0.5,1.5,2.5,0.5,0.5,0.5,0.5,1.5,2.5,1.5,2.5,0.5,0.5,0.5,0.5,0.5,0.5,0.5,0.5,1.5,2.5,0.5,0.5,0.5,0.5,0.5,0.5,0.5,0.5,0.5,0.5,1.5,2.5,0.5,0.5,0.5,0.5,0.5,0.5,0.5,0.5,0.5,0.5,0.5,0.5,0.5,0.5,0.5,0.5,0.5,0.5,2.5,1.5,2.5,1.5,8.5,2.5,7.5,6.5,1.5,2.5,1.5,2.5,0.5,0.5,0.5,0.5,0.5,0.5,0.5,0.5,0.5,0.5,0.5,0.5,1
65.78046474,49.22321234,172.1518224,1.5,2.5,0.5,0.5,0.5,0.5,0.5,0.5,2.5,1.5,1.5,2.5,0.5,0.5,1.5,2.5,0.5,0.5,0.5,0.5,1.5,2.5,2.5,1.5,2.5,1.5,2.5,1.5,1.5,2.5,1.5,2.5,0.5,0.5,0.5,0.5,0.5,0.5,0.5,0.5,1.5,2.5,0.5,0.5,0.5,0.5,0.5,0.5,0.5,0.5,0.5,0.5,2.5,1.5,2.5,1.5,7.5,2.5,2.5,6.5,1.5,2.5,1.5,2.5,0.5,0.5,0.5,0.5,0.5,0.5,0.5,0.5,0.5,0.5,0.5,0.5,0.5,0.5,0.5,0.5,0.5,0.5,0.5,0.5,0.5,0.5,0.5,0.5,0.5,0.5,0.5,0.5,0.5,0.5,0.5,0.5,1
-49.12887194,19.91657615,-175.2339626,1.5,2.5,0.5,0.5,0.5,0.5,0.5,0.5,2.5,1.5,1.5,2.5,0.5,0.5,1.5,2.5,0.5,0.5,0.5,0.5,1.5,2.5,2.5,1.5,2.5,1.5,2.5,1.5,1.5,2.5,1.5,2.5,0.5,0.5,0.5,0.5,0.5,0.5,0.5,0.5,1.5,2.5,0.5,0.5,0.5,0.5,0.5,0.5,0.5,0.5,0.5,0.5,2.5,1.5,2.5,1.5,8.5,2.5,2.5,8.5,1.5,2.5,1.5,2.5,0.5,0.5,0.5,0.5,0.5,0.5,0.5,0.5,0.5,0.5,0.5,0.5,0.5,0.5,0.5,0.5,0.5,0.5,0.5,0.5,0.5,0.5,0.5,0.5,0.5,0.5,0.5,0.5,0.5,0.5,0.5,0.5,1
-26.92015051,52.1707705,85.74352869,1.5,2.5,0.5,0.5,0.5,0.5,0.5,0.5,2.5,1.5,1.5,2.5,0.5,0.5,1.5,2.5,0.5,0.5,0.5,0.5,0.5,0.5,1.5,2.5,0.5,0.5,0.5,0.5,1.5,2.5,1.5,2.5,0.5,0.5,0.5,0.5,0.5,0.5,0.5,0.5,1.5,2.5,0.5,0.5,0.5,0.5,0.5,0.5,0.5,0.5,0.5,0.5,1.5,2.5,0.5,0.5,0.5,0.5,0.5,0.5,0.5,0.5,0.5,0.5,0.5,0.5,0.5,0.5,0.5,0.5,0.5,0.5,2.5,1.5,1.5,2.5,0.5,0.5,0.5,0.5,0.5,0.5,0.5,0.5,6.5,2.5,1.5,2.5,1.5,2.5,1.5,2.5,1.5,2.5,6.5,2.5,1
33.01095967,-41.72699234,-113.1780717,1.5,2.5,0.5,0.5,0.5,0.5,0.5,0.5,2.5,1.5,1.5,2.5,1.5,2.5,2.5,1.5,2.5,1.5,2.5,1.5,0.5,0.5,1.5,2.5,0.5,0.5,0.5,0.5,1.5,2.5,1.5,2.5,0.5,0.5,0.5,0.5,0.5,0.5,0.5,0.5,1.5,2.5,0.5,0.5,0.5,0.5,0.5,0.5,0.5,0.5,0.5,0.5,1.5,2.5,0.5,0.5,0.5,0.5,0.5,0.5,0.5,0.5,0.5,0.5,0.5,0.5,0.5,0.5,0.5,0.5,0.5,0.5,1.5,2.5,0.5,0.5,8.5,2.5,7.5,7.5,1.5,2.5,1.5,2.5,0.5,0.5,0.5,0.5,0.5,0.5,0.5,0.5,0.5,0.5,0.5,0.5,1
10.20192004,33.79763432,75.03397046,1.5,2.5,0.5,0.5,1.5,2.5,0.5,0.5,2.5,1.5,2.5,1.5,0.5,0.5,1.5,2.5,0.5,0.5,0.5,0.5,0.5,0.5,1.5,2.5,0.5,0.5,0.5,0.5,1.5,2.5,2.5,1.5,1.5,2.5,0.5,0.5,0.5,0.5,0.5,0.5,2.5,1.5,2.5,1.5,1.5,2.5,0.5,0.5,0.5,0.5,0.5,0.5,2.5,1.5,1.5,2.5,0.5,0.5,0.5,0.5,0.5,0.5,0.5,0.5,6.5,2.5,2.5,6.5,1.5,2.5,1.5,2.5,0.5,0.5,0.5,0.5,0.5,0.5,0.5,0.5,0.5,0.5,0.5,0.5,0.5,0.5,0.5,0.5,0.5,0.5,0.5,0.5,0.5,0.5,0.5,0.5,1
1.074445854,99.39334026,121.5007862,1.5,2.5,0.5,0.5,1.5,2.5,0.5,0.5,2.5,1.5,2.5,1.5,0.5,0.5,1.5,2.5,0.5,0.5,0.5,0.5,1.5,2.5,2.5,1.5,2.5,1.5,1.5,2.5,1.5,2.5,2.5,1.5,1.5,2.5,0.5,0.5,0.5,0.5,0.5,0.5,2.5,1.5,2.5,1.5,1.5,2.5,0.5,0.5,0.5,0.5,0.5,0.5,2.5,1.5,1.5,2.5,0.5,0.5,0.5,0.5,0.5,0.5,0.5,0.5,1.5,2.5,0.5,0.5,1.5,2.5,1.5,2.5,0.5,0.5,0.5,0.5,0.5,0.5,0.5,0.5,0.5,0.5,0.5,0.5,0.5,0.5,0.5,0.5,0.5,0.5,0.5,0.5,0.5,0.5,0.5,0.5,1
12.50282921,60.57255375,182.8265972,1.5,2.5,0.5,0.5,1.5,2.5,0.5,0.5,2.5,1.5,2.5,1.5,0.5,0.5,1.5,2.5,0.5,0.5,0.5,0.5,1.5,2.5,2.5,1.5,2.5,1.5,2.5,1.5,1.5,2.5,2.5,1.5,1.5,2.5,0.5,0.5,0.5,0.5,0.5,0.5,2.5,1.5,2.5,1.5,1.5,2.5,0.5,0.5,0.5,0.5,0.5,0.5,2.5,1.5,1.5,2.5,0.5,0.5,0.5,0.5,0.5,0.5,0.5,0.5,6.5,2.5,2.5,6.5,1.5,2.5,1.5,2.5,0.5,0.5,0.5,0.5,0.5,0.5,0.5,0.5,0.5,0.5,0.5,0.5,0.5,0.5,0.5,0.5,0.5,0.5,0.5,0.5,0.5,0.5,0.5,0.5,1
-14.9111996,65.14433759,-134.0539321,1.5,2.5,0.5,0.5,0.5,0.5,0.5,0.5,2.5,1.5,1.5,2.5,0.5,0.5,1.5,2.5,0.5,0.5,0.5,0.5,1.5,2.5,2.5,1.5,2.5,1.5,2.5,1.5,1.5,2.5,1.5,2.5,0.5,0.5,0.5,0.5,0.5,0.5,0.5,0.5,1.5,2.5,0.5,0.5,0.5,0.5,0.5,0.5,0.5,0.5,0.5,0.5,2.5,1.5,2.5,1.5,6.5,2.5,2.5,6.5,1.5,2.5,1.5,2.5,0.5,0.5,0.5,0.5,0.5,0.5,0.5,0.5,0.5,0.5,0.5,0.5,0.5,0.5,0.5,0.5,0.5,0.5,0.5,0.5,0.5,0.5,0.5,0.5,0.5,0.5,0.5,0.5,0.5,0.5,0.5,0.5,1
-35.35688192,89.15528001,44.53143915,1.5,2.5,0.5,0.5,0.5,0.5,0.5,0.5,2.5,1.5,1.5,2.5,0.5,0.5,1.5,2.5,0.5,0.5,0.5,0.5,0.5,0.5,1.5,2.5,0.5,0.5,0.5,0.5,1.5,2.5,1.5,2.5,0.5,0.5,0.5,0.5,0.5,0.5,0.5,0.5,1.5,2.5,0.5,0.5,0.5,0.5,0.5,0.5,0.5,0.5,0.5,0.5,1.5,2.5,0.5,0.5,0.5,0.5,0.5,0.5,0.5,0.5,0.5,0.5,0.5,0.5,0.5,0.5,0.5,0.5,0.5,0.5,2.5,1.5,2.5,1.5,8.5,2.5,8.5,1.5,1.5,2.5,1.5,2.5,0.5,0.5,0.5,0.5,0.5,0.5,0.5,0.5,0.5,0.5,0.5,0.5,1
-47.43619674,86.27040748,152.5088535,1.5,2.5,0.5,0.5,0.5,0.5,0.5,0.5,2.5,1.5,1.5,2.5,1.5,2.5,2.5,1.5,2.5,1.5,2.5,1.5,0.5,0.5,1.5,2.5,0.5,0.5,0.5,0.5,1.5,2.5,1.5,2.5,0.5,0.5,0.5,0.5,0.5,0.5,0.5,0.5,1.5,2.5,0.5,0.5,0.5,0.5,0.5,0.5,0.5,0.5,0.5,0.5,1.5,2.5,0.5,0.5,0.5,0.5,0.5,0.5,0.5,0.5,0.5,0.5,0.5,0.5,0.5,0.5,0.5,0.5,0.5,0.5,2.5,1.5,1.5,2.5,0.5,0.5,0.5,0.5,0.5,0.5,0.5,0.5,8.5,2.5,1.5,2.5,1.5,2.5,1.5,2.5,1.5,2.5,6.5,2.5,1
-92.41094238,10.93229674,-139.6198321,1.5,2.5,0.5,0.5,0.5,0.5,0.5,0.5,2.5,1.5,1.5,2.5,0.5,0.5,1.5,2.5,0.5,0.5,0.5,0.5,1.5,2.5,2.5,1.5,2.5,1.5,2.5,1.5,1.5,2.5,1.5,2.5,0.5,0.5,0.5,0.5,0.5,0.5,0.5,0.5,1.5,2.5,0.5,0.5,0.5,0.5,0.5,0.5,0.5,0.5,0.5,0.5,2.5,1.5,2.5,1.5,8.5,2.5,2.5,8.5,1.5,2.5,1.5,2.5,0.5,0.5,0.5,0.5,0.5,0.5,0.5,0.5,0.5,0.5,0.5,0.5,0.5,0.5,0.5,0.5,0.5,0.5,0.5,0.5,0.5,0.5,0.5,0.5,0.5,0.5,0.5,0.5,0.5,0.5,0.5,0.5,1
-11.35736108,97.35629826,63.2738742,1.5,2.5,0.5,0.5,0.5,0.5,0.5,0.5,2.5,1.5,1.5,2.5,0.5,0.5,1.5,2.5,0.5,0.5,0.5,0.5,0.5,0.5,1.5,2.5,0.5,0.5,0.5,0.5,1.5,2.5,1.5,2.5,0.5,0.5,0.5,0.5,0.5,0.5,0.5,0.5,1.5,2.5,0.5,0.5,0.5,0.5,0.5,0.5,0.5,0.5,0.5,0.5,1.5,2.5,0.5,0.5,0.5,0.5,0.5,0.5,0.5,0.5,0.5,0.5,0.5,0.5,0.5,0.5,0.5,0.5,0.5,0.5,2.5,1.5,2.5,1.5,6.5,2.5,6.5,1.5,1.5,2.5,1.5,2.5,0.5,0.5,0.5,0.5,0.5,0.5,0.5,0.5,0.5,0.5,0.5,0.5,1
-85.91531185,13.74666694,141.2092167,1.5,2.5,0.5,0.5,0.5,0.5,0.5,0.5,2.5,1.5,1.5,2.5,1.5,2.5,2.5,1.5,2.5,1.5,2.5,1.5,0.5,0.5,1.5,2.5,0.5,0.5,0.5,0.5,1.5,2.5,1.5,2.5,0.5,0.5,0.5,0.5,0.5,0.5,0.5,0.5,1.5,2.5,0.5,0.5,0.5,0.5,0.5,0.5,0.5,0.5,0.5,0.5,1.5,2.5,0.5,0.5,0.5,0.5,0.5,0.5,0.5,0.5,0.5,0.5,0.5,0.5,0.5,0.5,0.5,0.5,0.5,0.5,2.5,1.5,1.5,2.5,0.5,0.5,0.5,0.5,0.5,0.5,0.5,0.5,8.5,2.5,1.5,2.5,1.5,2.5,1.5,2.5,1.5,2.5,7.5,2.5,
26.92369542,62.54824777,-40.61728471,1.5,2.5,0.5,0.5,1.5,2.5,0.5,0.5,2.5,1.5,2.5,1.5,0.5,0.5,1.5,2.5,0.5,0.5,0.5,0.5,0.5,0.5,1.5,2.5,0.5,0.5,0.5,0.5,1.5,2.5,2.5,1.5,2.5,1.5,7.5,2.5,1.5,2.5,1.5,2.5,0.5,0.5,0.5,0.5,0.5,0.5,0.5,0.5,0.5,0.5,0.5,0.5,0.5,0.5,0.5,0.5,0.5,0.5,0.5,0.5,0.5,0.5,0.5,0.5,0.5,0.5,0.5,0.5,0.5,0.5,0.5,0.5,0.5,0.5,0.5,0.5,0.5,0.5,0.5,0.5,0.5,0.5,0.5,0.5,0.5,0.5,0.5,0.5,0.5,0.5,0.5,0.5,0.5,0.5,0.5,0.5,
49.38367101,-59.67344101,-113.4682976,1.5,2.5,0.5,0.5,0.5,0.5,0.5,0.5,2.5,1.5,1.5,2.5,1.5,2.5,2.5,1.5,2.5,1.5,2.5,1.5,0.5,0.5,1.5,2.5,0.5,0.5,0.5,0.5,1.5,2.5,1.5,2.5,0.5,0.5,0.5,0.5,0.5,0.5,0.5,0.5,1.5,2.5,0.5,0.5,0.5,0.5,0.5,0.5,0.5,0.5,0.5,0.5,1.5,2.5,0.5,0.5,0.5,0.5,0.5,0.5,0.5,0.5,0.5,0.5,0.5,0.5,0.5,0.5,0.5,0.5,0.5,0.5,2.5,1.5,1.5,2.5,0.5,0.5,0.5,0.5,0.5,0.5,0.5,0.5,7.5,2.5,1.5,2.5,1.5,2.5,1.5,2.5,1.5,2.5,7.5,2.5,
-28.65012567,80.84463826,86.43816844,1.5,2.5,0.5,0.5,0.5,0.5,0.5,0.5,2.5,1.5,1.5,2.5,0.5,0.5,1.5,2.5,0.5,0.5,0.5,0.5,0.5,0.5,1.5,2.5,0.5,0.5,0.5,0.5,1.5,2.5,1.5,2.5,0.5,0.5,0.5,0.5,0.5,0.5,0.5,0.5,1.5,2.5,0.5,0.5,0.5,0.5,0.5,0.5,0.5,0.5,0.5,0.5,1.5,2.5,0.5,0.5,0.5,0.5,0.5,0.5,0.5,0.5,0.5,0.5,0.5,0.5,0.5,0.5,0.5,0.5,0.5,0.5,2.5,1.5,2.5,1.5,7.5,2.5,7.5,2.5,1.5,2.5,1.5,2.5,0.5,0.5,0.5,0.5,0.5,0.5,0.5,0.5,0.5,0.5,0.5,0.5,
85.35830303,18.59120163,-104.6367808,1.5,2.5,0.5,0.5,0.5,0.5,0.5,0.5,2.5,1.5,1.5,2.5,1.5,2.5,2.5,1.5,2.5,1.5,2.5,1.5,0.5,0.5,1.5,2.5,0.5,0.5,0.5,0.5,1.5,2.5,1.5,2.5,0.5,0.5,0.5,0.5,0.5,0.5,0.5,0.5,1.5,2.5,0.5,0.5,0.5,0.5,0.5,0.5,0.5,0.5,0.5,0.5,1.5,2.5,0.5,0.5,0.5,0.5,0.5,0.5,0.5,0.5,0.5,0.5,0.5,0.5,0.5,0.5,0.5,0.5,0.5,0.5,2.5,1.5,1.5,2.5,0.5,0.5,0.5,0.5,0.5,0.5,0.5,0.5,8.5,2.5,1.5,2.5,1.5,2.5,1.5,2.5,1.5,2.5,7.5,2.5,
18.88052975,96.28967657,76.03625259,1.5,2.5,0.5,0.5,1.5,2.5,0.5,0.5,2.5,1.5,2.5,1.5,0.5,0.5,1.5,2.5,0.5,0.5,0.5,0.5,0.5,0.5,1.5,2.5,0.5,0.5,0.5,0.5,1.5,2.5,2.5,1.5,1.5,2.5,0.5,0.5,0.5,0.5,0.5,0.5,2.5,1.5,2.5,1.5,2.5,1.5,8.5,2.5,1.5,2.5,1.5,2.5,0.5,0.5,0.5,0.5,0.5,0.5,0.5,0.5,0.5,0.5,0.5,0.5,0.5,0.5,0.5,0.5,0.5,0.5,0.5,0.5,0.5,0.5,0.5,0.5,0.5,0.5,0.5,0.5,0.5,0.5,0.5,0.5,0.5,0.5,0.5,0.5,0.5,0.5,0.5,0.5,0.5,0.5,0.5,0.5,
44.51164464,11.27935238,-26.04823288,1.5,2.5,0.5,0.5,0.5,0.5,0.5,0.5,2.5,1.5,1.5,2.5,0.5,0.5,1.5,2.5,0.5,0.5,0.5,0.5,0.5,0.5,1.5,2.5,0.5,0.5,0.5,0.5,1.5,2.5,1.5,2.5,0.5,0.5,0.5,0.5,0.5,0.5,0.5,0.5,1.5,2.5,0.5,0.5,0.5,0.5,0.5,0.5,0.5,0.5,0.5,0.5,1.5,2.5,0.5,0.5,0.5,0.5,0.5,0.5,0.5,0.5,0.5,0.5,0.5,0.5,0.5,0.5,0.5,0.5,0.5,0.5,2.5,1.5,2.5,1.5,8.5,2.5,7.5,6.5,1.5,2.5,1.5,2.5,0.5,0.5,0.5,0.5,0.5,0.5,0.5,0.5,0.5,0.5,0.5,0.5,
-85.53464578,12.97228779,3.526803528,1.5,2.5,0.5,0.5,0.5,0.5,0.5,0.5,2.5,1.5,1.5,2.5,0.5,0.5,1.5,2.5,0.5,0.5,0.5,0.5,0.5,0.5,1.5,2.5,0.5,0.5,0.5,0.5,1.5,2.5,1.5,2.5,0.5,0.5,0.5,0.5,0.5,0.5,0.5,0.5,1.5,2.5,0.5,0.5,0.5,0.5,0.5,0.5,0.5,0.5,0.5,0.5,1.5,2.5,0.5,0.5,0.5,0.5,0.5,0.5,0.5,0.5,0.5,0.5,0.5,0.5,0.5,0.5,0.5,0.5,0.5,0.5,2.5,1.5,2.5,1.5,8.5,2.5,8.5,6.5,1.5,2.5,1.5,2.5,0.5,0.5,0.5,0.5,0.5,0.5,0.5,0.5,0.5,0.5,0.5,0.5,
97.82629678,48.47795997,-125.3990383,1.5,2.5,0.5,0.5,0.5,0.5,0.5,0.5,2.5,1.5,1.5,2.5,1.5,2.5,2.5,1.5,2.5,1.5,2.5,1.5,0.5,0.5,1.5,2.5,0.5,0.5,0.5,0.5,1.5,2.5,1.5,2.5,0.5,0.5,0.5,0.5,0.5,0.5,0.5,0.5,1.5,2.5,0.5,0.5,0.5,0.5,0.5,0.5,0.5,0.5,0.5,0.5,1.5,2.5,0.5,0.5,0.5,0.5,0.5,0.5,0.5,0.5,0.5,0.5,0.5,0.5,0.5,0.5,0.5,0.5,0.5,0.5,2.5,1.5,1.5,2.5,0.5,0.5,0.5,0.5,0.5,0.5,0.5,0.5,8.5,2.5,1.5,2.5,1.5,2.5,1.5,2.5,1.5,2.5,6.5,2.5,
-45.20587339,84.55956409,78.35462925,1.5,2.5,0.5,0.5,0.5,0.5,0.5,0.5,2.5,1.5,1.5,2.5,0.5,0.5,1.5,2.5,0.5,0.5,0.5,0.5,0.5,0.5,1.5,2.5,0.5,0.5,0.5,0.5,1.5,2.5,1.5,2.5,0.5,0.5,0.5,0.5,0.5,0.5,0.5,0.5,1.5,2.5,0.5,0.5,0.5,0.5,0.5,0.5,0.5,0.5,0.5,0.5,1.5,2.5,0.5,0.5,0.5,0.5,0.5,0.5,0.5,0.5,0.5,0.5,0.5,0.5,0.5,0.5,0.5,0.5,0.5,0.5,2.5,1.5,2.5,1.5,8.5,2.5,8.5,3.5,1.5,2.5,1.5,2.5,0.5,0.5,0.5,0.5,0.5,0.5,0.5,0.5,0.5,0.5,0.5,0.5,
96.68811941,69.835403,-117.3451774,1.5,2.5,0.5,0.5,0.5,0.5,0.5,0.5,2.5,1.5,1.5,2.5,1.5,2.5,2.5,1.5,2.5,1.5,2.5,1.5,0.5,0.5,1.5,2.5,0.5,0.5,0.5,0.5,1.5,2.5,1.5,2.5,0.5,0.5,0.5,0.5,0.5,0.5,0.5,0.5,1.5,2.5,0.5,0.5,0.5,0.5,0.5,0.5,0.5,0.5,0.5,0.5,1.5,2.5,0.5,0.5,0.5,0.5,0.5,0.5,0.5,0.5,0.5,0.5,0.5,0.5,0.5,0.5,0.5,0.5,0.5,0.5,2.5,1.5,1.5,2.5,0.5,0.5,0.5,0.5,0.5,0.5,0.5,0.5,7.5,2.5,1.5,2.5,1.5,2.5,1.5,2.5,1.5,2.5,3.5,2.5,
32.7475943,11.10875289,-80.55604713,1.5,2.5,0.5,0.5,0.5,0.5,0.5,0.5,2.5,1.5,1.5,2.5,0.5,0.5,1.5,2.5,0.5,0.5,0.5,0.5,0.5,0.5,1.5,2.5,0.5,0.5,0.5,0.5,1.5,2.5,1.5,2.5,0.5,0.5,0.5,0.5,0.5,0.5,0.5,0.5,1.5,2.5,0.5,0.5,0.5,0.5,0.5,0.5,0.5,0.5,0.5,0.5,1.5,2.5,0.5,0.5,0.5,0.5,0.5,0.5,0.5,0.5,0.5,0.5,0.5,0.5,0.5,0.5,0.5,0.5,0.5,0.5,1.5,2.5,0.5,0.5,7.5,2.5,6.5,6.5,1.5,2.5,1.5,2.5,0.5,0.5,0.5,0.5,0.5,0.5,0.5,0.5,0.5,0.5,0.5,0.5,
16.50307937,47.00125249,128.6253993,1.5,2.5,0.5,0.5,1.5,2.5,0.5,0.5,2.5,1.5,2.5,1.5,0.5,0.5,1.5,2.5,0.5,0.5,0.5,0.5,1.5,2.5,2.5,1.5,2.5,1.5,2.5,1.5,1.5,2.5,2.5,1.5,1.5,2.5,0.5,0.5,0.5,0.5,0.5,0.5,2.5,1.5,2.5,1.5,1.5,2.5,0.5,0.5,0.5,0.5,0.5,0.5,2.5,1.5,1.5,2.5,0.5,0.5,0.5,0.5,0.5,0.5,0.5,0.5,6.5,2.5,2.5,6.5,1.5,2.5,1.5,2.5,0.5,0.5,0.5,0.5,0.5,0.5,0.5,0.5,0.5,0.5,0.5,0.5,0.5,0.5,0.5,0.5,0.5,0.5,0.5,0.5,0.5,0.5,0.5,0.5,
-8.998475512,-59.49190738,30.79397943,1.5,2.5,0.5,0.5,1.5,2.5,0.5,0.5,2.5,1.5,2.5,1.5,0.5,0.5,1.5,2.5,0.5,0.5,0.5,0.5,0.5,0.5,1.5,2.5,0.5,0.5,0.5,0.5,1.5,2.5,2.5,1.5,1.5,2.5,0.5,0.5,0.5,0.5,0.5,0.5,2.5,1.5,2.5,1.5,2.5,1.5,6.5,2.5,1.5,2.5,1.5,2.5,0.5,0.5,0.5,0.5,0.5,0.5,0.5,0.5,0.5,0.5,0.5,0.5,0.5,0.5,0.5,0.5,0.5,0.5,0.5,0.5,0.5,0.5,0.5,0.5,0.5,0.5,0.5,0.5,0.5,0.5,0.5,0.5,0.5,0.5,0.5,0.5,0.5,0.5,0.5,0.5,0.5,0.5,0.5,0.5,
6.113471801,46.57657248,-118.9606545,1.5,2.5,0.5,0.5,1.5,2.5,0.5,0.5,2.5,1.5,2.5,1.5,1.5,2.5,2.5,1.5,2.5,1.5,2.5,1.5,0.5,0.5,1.5,2.5,0.5,0.5,0.5,0.5,1.5,2.5,2.5,1.5,2.5,1.5,5.5,2.5,1.5,2.5,1.5,2.5,0.5,0.5,0.5,0.5,0.5,0.5,0.5,0.5,0.5,0.5,0.5,0.5,0.5,0.5,0.5,0.5,0.5,0.5,0.5,0.5,0.5,0.5,0.5,0.5,0.5,0.5,0.5,0.5,0.5,0.5,0.5,0.5,0.5,0.5,0.5,0.5,0.5,0.5,0.5,0.5,0.5,0.5,0.5,0.5,0.5,0.5,0.5,0.5,0.5,0.5,0.5,0.5,0.5,0.5,0.5,0.5,
-5.092798921,-33.44604811,50.6285658,1.5,2.5,0.5,0.5,1.5,2.5,0.5,0.5,2.5,1.5,2.5,1.5,0.5,0.5,1.5,2.5,0.5,0.5,0.5,0.5,0.5,0.5,1.5,2.5,0.5,0.5,0.5,0.5,1.5,2.5,2.5,1.5,1.5,2.5,0.5,0.5,0.5,0.5,0.5,0.5,2.5,1.5,2.5,1.5,1.5,2.5,0.5,0.5,0.5,0.5,0.5,0.5,2.5,1.5,1.5,2.5,0.5,0.5,0.5,0.5,0.5,0.5,0.5,0.5,7.5,2.5,2.5,7.5,1.5,2.5,1.5,2.5,0.5,0.5,0.5,0.5,0.5,0.5,0.5,0.5,0.5,0.5,0.5,0.5,0.5,0.5,0.5,0.5,0.5,0.5,0.5,0.5,0.5,0.5,0.5,0.5,
28.83268562,94.7092147,60.7885024,1.5,2.5,0.5,0.5,1.5,2.5,0.5,0.5,2.5,1.5,2.5,1.5,0.5,0.5,1.5,2.5,0.5,0.5,0.5,0.5,0.5,0.5,1.5,2.5,0.5,0.5,0.5,0.5,1.5,2.5,2.5,1.5,1.5,2.5,0.5,0.5,0.5,0.5,0.5,0.5,2.5,1.5,2.5,1.5,2.5,1.5,8.5,2.5,1.5,2.5,1.5,2.5,0.5,0.5,0.5,0.5,0.5,0.5,0.5,0.5,0.5,0.5,0.5,0.5,0.5,0.5,0.5,0.5,0.5,0.5,0.5,0.5,0.5,0.5,0.5,0.5,0.5,0.5,0.5,0.5,0.5,0.5,0.5,0.5,0.5,0.5,0.5,0.5,0.5,0.5,0.5,0.5,0.5,0.5,0.5,0.5,
22.13376265,-61.60170952,-13.93991583,1.5,2.5,0.5,0.5,0.5,0.5,0.5,0.5,2.5,1.5,1.5,2.5,0.5,0.5,1.5,2.5,0.5,0.5,0.5,0.5,0.5,0.5,1.5,2.5,0.5,0.5,0.5,0.5,1.5,2.5,1.5,2.5,0.5,0.5,0.5,0.5,0.5,0.5,0.5,0.5,1.5,2.5,0.5,0.5,0.5,0.5,0.5,0.5,0.5,0.5,0.5,0.5,1.5,2.5,0.5,0.5,0.5,0.5,0.5,0.5,0.5,0.5,0.5,0.5,0.5,0.5,0.5,0.5,0.5,0.5,0.5,0.5,2.5,1.5,2.5,1.5,7.5,2.5,7.5,1.5,1.5,2.5,1.5,2.5,0.5,0.5,0.5,0.5,0.5,0.5,0.5,0.5,0.5,0.5,0.5,0.5,
14.22679941,52.29542962,-31.01641142,1.5,2.5,0.5,0.5,1.5,2.5,0.5,0.5,2.5,1.5,2.5,1.5,0.5,0.5,1.5,2.5,0.5,0.5,0.5,0.5,0.5,0.5,1.5,2.5,0.5,0.5,0.5,0.5,1.5,2.5,2.5,1.5,2.5,1.5,6.5,2.5,1.5,2.5,1.5,2.5,0.5,0.5,0.5,0.5,0.5,0.5,0.5,0.5,0.5,0.5,0.5,0.5,0.5,0.5,0.5,0.5,0.5,0.5,0.5,0.5,0.5,0.5,0.5,0.5,0.5,0.5,0.5,0.5,0.5,0.5,0.5,0.5,0.5,0.5,0.5,0.5,0.5,0.5,0.5,0.5,0.5,0.5,0.5,0.5,0.5,0.5,0.5,0.5,0.5,0.5,0.5,0.5,0.5,0.5,0.5,0.5,
-25.94206777,81.11583715,141.9093061,1.5,2.5,0.5,0.5,0.5,0.5,0.5,0.5,2.5,1.5,1.5,2.5,1.5,2.5,2.5,1.5,2.5,1.5,2.5,1.5,0.5,0.5,1.5,2.5,0.5,0.5,0.5,0.5,1.5,2.5,1.5,2.5,0.5,0.5,0.5,0.5,0.5,0.5,0.5,0.5,1.5,2.5,0.5,0.5,0.5,0.5,0.5,0.5,0.5,0.5,0.5,0.5,1.5,2.5,0.5,0.5,0.5,0.5,0.5,0.5,0.5,0.5,0.5,0.5,0.5,0.5,0.5,0.5,0.5,0.5,0.5,0.5,1.5,2.5,0.5,0.5,7.5,2.5,7.5,4.5,1.5,2.5,1.5,2.5,0.5,0.5,0.5,0.5,0.5,0.5,0.5,0.5,0.5,0.5,0.5,0.5,
93.97460924,63.42972243,105.1457458,1.5,2.5,0.5,0.5,0.5,0.5,0.5,0.5,2.5,1.5,1.5,2.5,0.5,0.5,1.5,2.5,0.5,0.5,0.5,0.5,1.5,2.5,2.5,1.5,2.5,1.5,2.5,1.5,1.5,2.5,1.5,2.5,0.5,0.5,0.5,0.5,0.5,0.5,0.5,0.5,1.5,2.5,0.5,0.5,0.5,0.5,0.5,0.5,0.5,0.5,0.5,0.5,2.5,1.5,2.5,1.5,7.5,2.5,2.5,7.5,1.5,2.5,1.5,2.5,0.5,0.5,0.5,0.5,0.5,0.5,0.5,0.5,0.5,0.5,0.5,0.5,0.5,0.5,0.5,0.5,0.5,0.5,0.5,0.5,0.5,0.5,0.5,0.5,0.5,0.5,0.5,0.5,0.5,0.5,0.5,0.5,
71.22008543,25.38892607,130.282801,1.5,2.5,0.5,0.5,0.5,0.5,0.5,0.5,2.5,1.5,1.5,2.5,0.5,0.5,1.5,2.5,0.5,0.5,0.5,0.5,1.5,2.5,2.5,1.5,2.5,1.5,2.5,1.5,1.5,2.5,1.5,2.5,0.5,0.5,0.5,0.5,0.5,0.5,0.5,0.5,1.5,2.5,0.5,0.5,0.5,0.5,0.5,0.5,0.5,0.5,0.5,0.5,2.5,1.5,2.5,1.5,8.5,2.5,2.5,8.5,1.5,2.5,1.5,2.5,0.5,0.5,0.5,0.5,0.5,0.5,0.5,0.5,0.5,0.5,0.5,0.5,0.5,0.5,0.5,0.5,0.5,0.5,0.5,0.5,0.5,0.5,0.5,0.5,0.5,0.5,0.5,0.5,0.5,0.5,0.5,0.5,
-26.12222127,50.02101562,-149.9643356,1.5,2.5,0.5,0.5,0.5,0.5,0.5,0.5,2.5,1.5,1.5,2.5,0.5,0.5,1.5,2.5,0.5,0.5,0.5,0.5,1.5,2.5,2.5,1.5,2.5,1.5,2.5,1.5,1.5,2.5,1.5,2.5,0.5,0.5,0.5,0.5,0.5,0.5,0.5,0.5,1.5,2.5,0.5,0.5,0.5,0.5,0.5,0.5,0.5,0.5,0.5,0.5,2.5,1.5,2.5,1.5,7.5,2.5,2.5,7.5,1.5,2.5,1.5,2.5,0.5,0.5,0.5,0.5,0.5,0.5,0.5,0.5,0.5,0.5,0.5,0.5,0.5,0.5,0.5,0.5,0.5,0.5,0.5,0.5,0.5,0.5,0.5,0.5,0.5,0.5,0.5,0.5,0.5,0.5,0.5,0.5,
-77.72999068,-82.02229468,131.3521837,1.5,2.5,0.5,0.5,1.5,2.5,0.5,0.5,2.5,1.5,2.5,1.5,0.5,0.5,1.5,2.5,0.5,0.5,0.5,0.5,1.5,2.5,2.5,1.5,2.5,1.5,2.5,1.5,1.5,2.5,2.5,1.5,1.5,2.5,0.5,0.5,0.5,0.5,0.5,0.5,2.5,1.5,2.5,1.5,1.5,2.5,0.5,0.5,0.5,0.5,0.5,0.5,2.5,1.5,1.5,2.5,0.5,0.5,0.5,0.5,0.5,0.5,0.5,0.5,5.5,2.5,2.5,4.5,1.5,2.5,1.5,2.5,0.5,0.5,0.5,0.5,0.5,0.5,0.5,0.5,0.5,0.5,0.5,0.5,0.5,0.5,0.5,0.5,0.5,0.5,0.5,0.5,0.5,0.5,0.5,0.5,
-5.077032051,38.54515955,-80.51884181,1.5,2.5,0.5,0.5,0.5,0.5,0.5,0.5,2.5,1.5,1.5,2.5,0.5,0.5,1.5,2.5,0.5,0.5,0.5,0.5,0.5,0.5,1.5,2.5,0.5,0.5,0.5,0.5,1.5,2.5,1.5,2.5,0.5,0.5,0.5,0.5,0.5,0.5,0.5,0.5,1.5,2.5,0.5,0.5,0.5,0.5,0.5,0.5,0.5,0.5,0.5,0.5,2.5,1.5,2.5,1.5,5.5,2.5,2.5,5.5,1.5,2.5,1.5,2.5,0.5,0.5,0.5,0.5,0.5,0.5,0.5,0.5,0.5,0.5,0.5,0.5,0.5,0.5,0.5,0.5,0.5,0.5,0.5,0.5,0.5,0.5,0.5,0.5,0.5,0.5,0.5,0.5,0.5,0.5,0.5,0.5,
82.13172956,-31.0501431,-126.4934748,1.5,2.5,0.5,0.5,0.5,0.5,0.5,0.5,2.5,1.5,1.5,2.5,1.5,2.5,2.5,1.5,2.5,1.5,2.5,1.5,0.5,0.5,1.5,2.5,0.5,0.5,0.5,0.5,1.5,2.5,1.5,2.5,0.5,0.5,0.5,0.5,0.5,0.5,0.5,0.5,1.5,2.5,0.5,0.5,0.5,0.5,0.5,0.5,0.5,0.5,0.5,0.5,1.5,2.5,0.5,0.5,0.5,0.5,0.5,0.5,0.5,0.5,0.5,0.5,0.5,0.5,0.5,0.5,0.5,0.5,0.5,0.5,2.5,1.5,1.5,2.5,0.5,0.5,0.5,0.5,0.5,0.5,0.5,0.5,8.5,2.5,1.5,2.5,1.5,2.5,1.5,2.5,1.5,2.5,8.5,2.5,
-39.86724866,67.98785027,53.40999484,1.5,2.5,0.5,0.5,0.5,0.5,0.5,0.5,2.5,1.5,1.5,2.5,0.5,0.5,1.5,2.5,0.5,0.5,0.5,0.5,0.5,0.5,1.5,2.5,0.5,0.5,0.5,0.5,1.5,2.5,1.5,2.5,0.5,0.5,0.5,0.5,0.5,0.5,0.5,0.5,1.5,2.5,0.5,0.5,0.5,0.5,0.5,0.5,0.5,0.5,0.5,0.5,1.5,2.5,0.5,0.5,0.5,0.5,0.5,0.5,0.5,0.5,0.5,0.5,0.5,0.5,0.5,0.5,0.5,0.5,0.5,0.5,2.5,1.5,2.5,1.5,8.5,2.5,8.5,4.5,1.5,2.5,1.5,2.5,0.5,0.5,0.5,0.5,0.5,0.5,0.5,0.5,0.5,0.5,0.5,0.5,
-4.181794712,53.43996645,94.81697653,1.5,2.5,0.5,0.5,0.5,0.5,0.5,0.5,2.5,1.5,1.5,2.5,0.5,0.5,1.5,2.5,0.5,0.5,0.5,0.5,0.5,0.5,1.5,2.5,0.5,0.5,0.5,0.5,1.5,2.5,1.5,2.5,0.5,0.5,0.5,0.5,0.5,0.5,0.5,0.5,1.5,2.5,0.5,0.5,0.5,0.5,0.5,0.5,0.5,0.5,0.5,0.5,1.5,2.5,0.5,0.5,0.5,0.5,0.5,0.5,0.5,0.5,0.5,0.5,0.5,0.5,0.5,0.5,0.5,0.5,0.5,0.5,1.5,2.5,0.5,0.5,5.5,2.5,5.5,1.5,1.5,2.5,1.5,2.5,0.5,0.5,0.5,0.5,0.5,0.5,0.5,0.5,0.5,0.5,0.5,0.5,
-37.35867891,80.67132296,145.8139958,1.5,2.5,0.5,0.5,0.5,0.5,0.5,0.5,2.5,1.5,1.5,2.5,1.5,2.5,2.5,1.5,2.5,1.5,2.5,1.5,0.5,0.5,1.5,2.5,0.5,0.5,0.5,0.5,1.5,2.5,1.5,2.5,0.5,0.5,0.5,0.5,0.5,0.5,0.5,0.5,1.5,2.5,0.5,0.5,0.5,0.5,0.5,0.5,0.5,0.5,0.5,0.5,1.5,2.5,0.5,0.5,0.5,0.5,0.5,0.5,0.5,0.5,0.5,0.5,0.5,0.5,0.5,0.5,0.5,0.5,0.5,0.5,2.5,1.5,1.5,2.5,0.5,0.5,0.5,0.5,0.5,0.5,0.5,0.5,8.5,2.5,1.5,2.5,1.5,2.5,1.5,2.5,1.5,2.5,5.5,2.5,
-83.65843297,23.56718484,-15.24399609,1.5,2.5,0.5,0.5,0.5,0.5,0.5,0.5,2.5,1.5,1.5,2.5,0.5,0.5,1.5,2.5,0.5,0.5,0.5,0.5,0.5,0.5,1.5,2.5,0.5,0.5,0.5,0.5,1.5,2.5,1.5,2.5,0.5,0.5,0.5,0.5,0.5,0.5,0.5,0.5,1.5,2.5,0.5,0.5,0.5,0.5,0.5,0.5,0.5,0.5,0.5,0.5,2.5,1.5,2.5,1.5,8.5,2.5,2.5,8.5,1.5,2.5,1.5,2.5,0.5,0.5,0.5,0.5,0.5,0.5,0.5,0.5,0.5,0.5,0.5,0.5,0.5,0.5,0.5,0.5,0.5,0.5,0.5,0.5,0.5,0.5,0.5,0.5,0.5,0.5,0.5,0.5,0.5,0.5,0.5,0.5,
64.51470173,69.61690966,-19.80929172,1.5,2.5,0.5,0.5,1.5,2.5,0.5,0.5,2.5,1.5,2.5,1.5,0.5,0.5,1.5,2.5,0.5,0.5,0.5,0.5,0.5,0.5,1.5,2.5,0.5,0.5,0.5,0.5,1.5,2.5,2.5,1.5,1.5,2.5,0.5,0.5,0.5,0.5,0.5,0.5,2.5,1.5,2.5,1.5,2.5,1.5,5.5,2.5,1.5,2.5,1.5,2.5,0.5,0.5,0.5,0.5,0.5,0.5,0.5,0.5,0.5,0.5,0.5,0.5,0.5,0.5,0.5,0.5,0.5,0.5,0.5,0.5,0.5,0.5,0.5,0.5,0.5,0.5,0.5,0.5,0.5,0.5,0.5,0.5,0.5,0.5,0.5,0.5,0.5,0.5,0.5,0.5,0.5,0.5,0.5,0.5,
-19.73705169,25.45055546,-7.669267046,1.5,2.5,0.5,0.5,0.5,0.5,0.5,0.5,2.5,1.5,1.5,2.5,0.5,0.5,1.5,2.5,0.5,0.5,0.5,0.5,0.5,0.5,1.5,2.5,0.5,0.5,0.5,0.5,1.5,2.5,1.5,2.5,0.5,0.5,0.5,0.5,0.5,0.5,0.5,0.5,1.5,2.5,0.5,0.5,0.5,0.5,0.5,0.5,0.5,0.5,0.5,0.5,2.5,1.5,2.5,1.5,7.5,2.5,2.5,7.5,1.5,2.5,1.5,2.5,0.5,0.5,0.5,0.5,0.5,0.5,0.5,0.5,0.5,0.5,0.5,0.5,0.5,0.5,0.5,0.5,0.5,0.5,0.5,0.5,0.5,0.5,0.5,0.5,0.5,0.5,0.5,0.5,0.5,0.5,0.5,0.5,
76.03714155,-76.05183644,-107.0668022,1.5,2.5,0.5,0.5,0.5,0.5,0.5,0.5,2.5,1.5,1.5,2.5,1.5,2.5,2.5,1.5,2.5,1.5,2.5,1.5,0.5,0.5,1.5,2.5,0.5,0.5,0.5,0.5,1.5,2.5,1.5,2.5,0.5,0.5,0.5,0.5,0.5,0.5,0.5,0.5,1.5,2.5,0.5,0.5,0.5,0.5,0.5,0.5,0.5,0.5,0.5,0.5,1.5,2.5,0.5,0.5,0.5,0.5,0.5,0.5,0.5,0.5,0.5,0.5,0.5,0.5,0.5,0.5,0.5,0.5,0.5,0.5,2.5,1.5,2.5,1.5,8.5,2.5,8.5,6.5,1.5,2.5,1.5,2.5,0.5,0.5,0.5,0.5,0.5,0.5,0.5,0.5,0.5,0.5,0.5,0.5,
88.98965791,63.65878497,127.7748202,1.5,2.5,0.5,0.5,0.5,0.5,0.5,0.5,2.5,1.5,1.5,2.5,0.5,0.5,1.5,2.5,0.5,0.5,0.5,0.5,1.5,2.5,2.5,1.5,2.5,1.5,2.5,1.5,1.5,2.5,1.5,2.5,0.5,0.5,0.5,0.5,0.5,0.5,0.5,0.5,1.5,2.5,0.5,0.5,0.5,0.5,0.5,0.5,0.5,0.5,0.5,0.5,2.5,1.5,2.5,1.5,7.5,2.5,2.5,7.5,1.5,2.5,1.5,2.5,0.5,0.5,0.5,0.5,0.5,0.5,0.5,0.5,0.5,0.5,0.5,0.5,0.5,0.5,0.5,0.5,0.5,0.5,0.5,0.5,0.5,0.5,0.5,0.5,0.5,0.5,0.5,0.5,0.5,0.5,0.5,0.5,
13.67422273,98.54132254,37.04177961,1.5,2.5,0.5,0.5,1.5,2.5,0.5,0.5,2.5,1.5,2.5,1.5,0.5,0.5,1.5,2.5,0.5,0.5,0.5,0.5,0.5,0.5,1.5,2.5,0.5,0.5,0.5,0.5,1.5,2.5,2.5,1.5,2.5,1.5,6.5,2.5,1.5,2.5,1.5,2.5,0.5,0.5,0.5,0.5,0.5,0.5,0.5,0.5,0.5,0.5,0.5,0.5,0.5,0.5,0.5,0.5,0.5,0.5,0.5,0.5,0.5,0.5,0.5,0.5,0.5,0.5,0.5,0.5,0.5,0.5,0.5,0.5,0.5,0.5,0.5,0.5,0.5,0.5,0.5,0.5,0.5,0.5,0.5,0.5,0.5,0.5,0.5,0.5,0.5,0.5,0.5,0.5,0.5,0.5,0.5,0.5,
-22.02154406,75.34112522,-115.5616571,1.5,2.5,0.5,0.5,0.5,0.5,0.5,0.5,2.5,1.5,1.5,2.5,0.5,0.5,1.5,2.5,0.5,0.5,0.5,0.5,1.5,2.5,2.5,1.5,2.5,1.5,2.5,1.5,1.5,2.5,1.5,2.5,0.5,0.5,0.5,0.5,0.5,0.5,0.5,0.5,1.5,2.5,0.5,0.5,0.5,0.5,0.5,0.5,0.5,0.5,0.5,0.5,2.5,1.5,2.5,1.5,7.5,2.5,2.5,7.5,1.5,2.5,1.5,2.5,0.5,0.5,0.5,0.5,0.5,0.5,0.5,0.5,0.5,0.5,0.5,0.5,0.5,0.5,0.5,0.5,0.5,0.5,0.5,0.5,0.5,0.5,0.5,0.5,0.5,0.5,0.5,0.5,0.5,0.5,0.5,0.5,
-11.28317068,-59.01912057,13.84575914,1.5,2.5,0.5,0.5,1.5,2.5,0.5,0.5,2.5,1.5,2.5,1.5,0.5,0.5,1.5,2.5,0.5,0.5,0.5,0.5,0.5,0.5,1.5,2.5,0.5,0.5,0.5,0.5,1.5,2.5,2.5,1.5,1.5,2.5,0.5,0.5,0.5,0.5,0.5,0.5,2.5,1.5,2.5,1.5,2.5,1.5,6.5,2.5,1.5,2.5,1.5,2.5,0.5,0.5,0.5,0.5,0.5,0.5,0.5,0.5,0.5,0.5,0.5,0.5,0.5,0.5,0.5,0.5,0.5,0.5,0.5,0.5,0.5,0.5,0.5,0.5,0.5,0.5,0.5,0.5,0.5,0.5,0.5,0.5,0.5,0.5,0.5,0.5,0.5,0.5,0.5,0.5,0.5,0.5,0.5,0.5,
34.49289154,20.39379705,113.2538878,1.5,2.5,0.5,0.5,0.5,0.5,0.5,0.5,2.5,1.5,1.5,2.5,0.5,0.5,1.5,2.5,0.5,0.5,0.5,0.5,1.5,2.5,2.5,1.5,2.5,1.5,2.5,1.5,1.5,2.5,1.5,2.5,0.5,0.5,0.5,0.5,0.5,0.5,0.5,0.5,1.5,2.5,0.5,0.5,0.5,0.5,0.5,0.5,0.5,0.5,0.5,0.5,2.5,1.5,2.5,1.5,6.5,2.5,2.5,6.5,1.5,2.5,1.5,2.5,0.5,0.5,0.5,0.5,0.5,0.5,0.5,0.5,0.5,0.5,0.5,0.5,0.5,0.5,0.5,0.5,0.5,0.5,0.5,0.5,0.5,0.5,0.5,0.5,0.5,0.5,0.5,0.5,0.5,0.5,0.5,0.5,
-32.00044448,96.25559157,21.29459439,1.5,2.5,0.5,0.5,0.5,0.5,0.5,0.5,2.5,1.5,1.5,2.5,0.5,0.5,1.5,2.5,0.5,0.5,0.5,0.5,0.5,0.5,1.5,2.5,0.5,0.5,0.5,0.5,1.5,2.5,1.5,2.5,0.5,0.5,0.5,0.5,0.5,0.5,0.5,0.5,1.5,2.5,0.5,0.5,0.5,0.5,0.5,0.5,0.5,0.5,0.5,0.5,1.5,2.5,0.5,0.5,0.5,0.5,0.5,0.5,0.5,0.5,0.5,0.5,0.5,0.5,0.5,0.5,0.5,0.5,0.5,0.5,2.5,1.5,2.5,1.5,8.5,2.5,8.5,1.5,1.5,2.5,1.5,2.5,0.5,0.5,0.5,0.5,0.5,0.5,0.5,0.5,0.5,0.5,0.5,0.5,
-44.40784723,-63.90015161,132.7203692,1.5,2.5,0.5,0.5,1.5,2.5,0.5,0.5,2.5,1.5,2.5,1.5,0.5,0.5,1.5,2.5,0.5,0.5,0.5,0.5,1.5,2.5,2.5,1.5,2.5,1.5,2.5,1.5,1.5,2.5,2.5,1.5,1.5,2.5,0.5,0.5,0.5,0.5,0.5,0.5,2.5,1.5,2.5,1.5,1.5,2.5,0.5,0.5,0.5,0.5,0.5,0.5,2.5,1.5,1.5,2.5,0.5,0.5,0.5,0.5,0.5,0.5,0.5,0.5,7.5,2.5,2.5,7.5,1.5,2.5,1.5,2.5,0.5,0.5,0.5,0.5,0.5,0.5,0.5,0.5,0.5,0.5,0.5,0.5,0.5,0.5,0.5,0.5,0.5,0.5,0.5,0.5,0.5,0.5,0.5,0.5,
81.69434366,12.31292875,45.0334529,1.5,2.5,0.5,0.5,0.5,0.5,0.5,0.5,2.5,1.5,1.5,2.5,0.5,0.5,1.5,2.5,0.5,0.5,0.5,0.5,0.5,0.5,1.5,2.5,0.5,0.5,0.5,0.5,1.5,2.5,1.5,2.5,0.5,0.5,0.5,0.5,0.5,0.5,0.5,0.5,1.5,2.5,0.5,0.5,0.5,0.5,0.5,0.5,0.5,0.5,0.5,0.5,2.5,1.5,2.5,1.5,8.5,2.5,2.5,8.5,1.5,2.5,1.5,2.5,0.5,0.5,0.5,0.5,0.5,0.5,0.5,0.5,0.5,0.5,0.5,0.5,0.5,0.5,0.5,0.5,0.5,0.5,0.5,0.5,0.5,0.5,0.5,0.5,0.5,0.5,0.5,0.5,0.5,0.5,0.5,0.5,
13.37534645,81.90925032,196.8333448,1.5,2.5,0.5,0.5,1.5,2.5,0.5,0.5,2.5,1.5,2.5,1.5,0.5,0.5,1.5,2.5,0.5,0.5,0.5,0.5,1.5,2.5,2.5,1.5,2.5,1.5,2.5,1.5,1.5,2.5,2.5,1.5,1.5,2.5,0.5,0.5,0.5,0.5,0.5,0.5,2.5,1.5,2.5,1.5,1.5,2.5,0.5,0.5,0.5,0.5,0.5,0.5,2.5,1.5,1.5,2.5,0.5,0.5,0.5,0.5,0.5,0.5,0.5,0.5,6.5,2.5,2.5,6.5,1.5,2.5,1.5,2.5,0.5,0.5,0.5,0.5,0.5,0.5,0.5,0.5,0.5,0.5,0.5,0.5,0.5,0.5,0.5,0.5,0.5,0.5,0.5,0.5,0.5,0.5,0.5,0.5,
-43.74911716,85.72973167,186.6782844,1.5,2.5,0.5,0.5,0.5,0.5,0.5,0.5,2.5,1.5,1.5,2.5,1.5,2.5,2.5,1.5,2.5,1.5,2.5,1.5,0.5,0.5,1.5,2.5,0.5,0.5,0.5,0.5,1.5,2.5,1.5,2.5,0.5,0.5,0.5,0.5,0.5,0.5,0.5,0.5,1.5,2.5,0.5,0.5,0.5,0.5,0.5,0.5,0.5,0.5,0.5,0.5,1.5,2.5,0.5,0.5,0.5,0.5,0.5,0.5,0.5,0.5,0.5,0.5,0.5,0.5,0.5,0.5,0.5,0.5,0.5,0.5,1.5,2.5,0.5,0.5,8.5,2.5,7.5,6.5,1.5,2.5,1.5,2.5,0.5,0.5,0.5,0.5,0.5,0.5,0.5,0.5,0.5,0.5,0.5,0.5,
3.410435698,79.7297007,104.8492188,1.5,2.5,0.5,0.5,1.5,2.5,0.5,0.5,2.5,1.5,2.5,1.5,0.5,0.5,1.5,2.5,0.5,0.5,0.5,0.5,1.5,2.5,2.5,1.5,2.5,1.5,2.5,1.5,1.5,2.5,2.5,1.5,1.5,2.5,0.5,0.5,0.5,0.5,0.5,0.5,2.5,1.5,2.5,1.5,1.5,2.5,0.5,0.5,0.5,0.5,0.5,0.5,2.5,1.5,1.5,2.5,0.5,0.5,0.5,0.5,0.5,0.5,0.5,0.5,3.5,2.5,2.5,2.5,1.5,2.5,1.5,2.5,0.5,0.5,0.5,0.5,0.5,0.5,0.5,0.5,0.5,0.5,0.5,0.5,0.5,0.5,0.5,0.5,0.5,0.5,0.5,0.5,0.5,0.5,0.5,0.5,
-16.02997068,55.05174191,-34.59520112,1.5,2.5,0.5,0.5,0.5,0.5,0.5,0.5,2.5,1.5,1.5,2.5,0.5,0.5,1.5,2.5,0.5,0.5,0.5,0.5,0.5,0.5,1.5,2.5,0.5,0.5,0.5,0.5,1.5,2.5,1.5,2.5,0.5,0.5,0.5,0.5,0.5,0.5,0.5,0.5,1.5,2.5,0.5,0.5,0.5,0.5,0.5,0.5,0.5,0.5,0.5,0.5,2.5,1.5,2.5,1.5,7.5,2.5,2.5,6.5,1.5,2.5,1.5,2.5,0.5,0.5,0.5,0.5,0.5,0.5,0.5,0.5,0.5,0.5,0.5,0.5,0.5,0.5,0.5,0.5,0.5,0.5,0.5,0.5,0.5,0.5,0.5,0.5,0.5,0.5,0.5,0.5,0.5,0.5,0.5,0.5,
60.23357784,35.46343122,83.78563888,1.5,2.5,0.5,0.5,0.5,0.5,0.5,0.5,2.5,1.5,1.5,2.5,0.5,0.5,1.5,2.5,0.5,0.5,0.5,0.5,0.5,0.5,1.5,2.5,0.5,0.5,0.5,0.5,1.5,2.5,1.5,2.5,0.5,0.5,0.5,0.5,0.5,0.5,0.5,0.5,1.5,2.5,0.5,0.5,0.5,0.5,0.5,0.5,0.5,0.5,0.5,0.5,2.5,1.5,2.5,1.5,7.5,2.5,2.5,7.5,1.5,2.5,1.5,2.5,0.5,0.5,0.5,0.5,0.5,0.5,0.5,0.5,0.5,0.5,0.5,0.5,0.5,0.5,0.5,0.5,0.5,0.5,0.5,0.5,0.5,0.5,0.5,0.5,0.5,0.5,0.5,0.5,0.5,0.5,0.5,0.5,
14.17082741,35.88774543,-146.6634168,1.5,2.5,0.5,0.5,1.5,2.5,0.5,0.5,2.5,1.5,2.5,1.5,1.5,2.5,2.5,1.5,2.5,1.5,2.5,1.5,0.5,0.5,1.5,2.5,0.5,0.5,0.5,0.5,1.5,2.5,2.5,1.5,2.5,1.5,6.5,2.5,1.5,2.5,1.5,2.5,0.5,0.5,0.5,0.5,0.5,0.5,0.5,0.5,0.5,0.5,0.5,0.5,0.5,0.5,0.5,0.5,0.5,0.5,0.5,0.5,0.5,0.5,0.5,0.5,0.5,0.5,0.5,0.5,0.5,0.5,0.5,0.5,0.5,0.5,0.5,0.5,0.5,0.5,0.5,0.5,0.5,0.5,0.5,0.5,0.5,0.5,0.5,0.5,0.5,0.5,0.5,0.5,0.5,0.5,0.5,0.5,
-44.09674821,13.08794116,-44.73968342,1.5,2.5,0.5,0.5,0.5,0.5,0.5,0.5,2.5,1.5,1.5,2.5,0.5,0.5,1.5,2.5,0.5,0.5,0.5,0.5,0.5,0.5,1.5,2.5,0.5,0.5,0.5,0.5,1.5,2.5,1.5,2.5,0.5,0.5,0.5,0.5,0.5,0.5,0.5,0.5,1.5,2.5,0.5,0.5,0.5,0.5,0.5,0.5,0.5,0.5,0.5,0.5,2.5,1.5,2.5,1.5,8.5,2.5,2.5,8.5,1.5,2.5,1.5,2.5,0.5,0.5,0.5,0.5,0.5,0.5,0.5,0.5,0.5,0.5,0.5,0.5,0.5,0.5,0.5,0.5,0.5,0.5,0.5,0.5,0.5,0.5,0.5,0.5,0.5,0.5,0.5,0.5,0.5,0.5,0.5,0.5,
61.32035651,-74.54533518,-157.7500834,1.5,2.5,0.5,0.5,0.5,0.5,0.5,0.5,2.5,1.5,1.5,2.5,1.5,2.5,2.5,1.5,2.5,1.5,2.5,1.5,0.5,0.5,1.5,2.5,0.5,0.5,0.5,0.5,1.5,2.5,1.5,2.5,0.5,0.5,0.5,0.5,0.5,0.5,0.5,0.5,1.5,2.5,0.5,0.5,0.5,0.5,0.5,0.5,0.5,0.5,0.5,0.5,1.5,2.5,0.5,0.5,0.5,0.5,0.5,0.5,0.5,0.5,0.5,0.5,0.5,0.5,0.5,0.5,0.5,0.5,0.5,0.5,2.5,1.5,1.5,2.5,0.5,0.5,0.5,0.5,0.5,0.5,0.5,0.5,8.5,2.5,1.5,2.5,1.5,2.5,1.5,2.5,1.5,2.5,7.5,2.5,
14.38728768,-22.98026105,-108.4698208,1.5,2.5,0.5,0.5,0.5,0.5,0.5,0.5,2.5,1.5,1.5,2.5,1.5,2.5,2.5,1.5,2.5,1.5,2.5,1.5,0.5,0.5,1.5,2.5,0.5,0.5,0.5,0.5,1.5,2.5,1.5,2.5,0.5,0.5,0.5,0.5,0.5,0.5,0.5,0.5,1.5,2.5,0.5,0.5,0.5,0.5,0.5,0.5,0.5,0.5,0.5,0.5,1.5,2.5,0.5,0.5,0.5,0.5,0.5,0.5,0.5,0.5,0.5,0.5,0.5,0.5,0.5,0.5,0.5,0.5,0.5,0.5,1.5,2.5,0.5,0.5,6.5,2.5,6.5,1.5,1.5,2.5,1.5,2.5,0.5,0.5,0.5,0.5,0.5,0.5,0.5,0.5,0.5,0.5,0.5,0.5,
-39.1375153,88.6244501,143.2982858,1.5,2.5,0.5,0.5,0.5,0.5,0.5,0.5,2.5,1.5,1.5,2.5,1.5,2.5,2.5,1.5,2.5,1.5,2.5,1.5,0.5,0.5,1.5,2.5,0.5,0.5,0.5,0.5,1.5,2.5,1.5,2.5,0.5,0.5,0.5,0.5,0.5,0.5,0.5,0.5,1.5,2.5,0.5,0.5,0.5,0.5,0.5,0.5,0.5,0.5,0.5,0.5,1.5,2.5,0.5,0.5,0.5,0.5,0.5,0.5,0.5,0.5,0.5,0.5,0.5,0.5,0.5,0.5,0.5,0.5,0.5,0.5,2.5,1.5,1.5,2.5,0.5,0.5,0.5,0.5,0.5,0.5,0.5,0.5,7.5,2.5,1.5,2.5,1.5,2.5,1.5,2.5,1.5,2.5,6.5,2.5,
-97.87873092,42.73111473,160.2359117,1.5,2.5,0.5,0.5,0.5,0.5,0.5,0.5,2.5,1.5,1.5,2.5,1.5,2.5,2.5,1.5,2.5,1.5,2.5,1.5,0.5,0.5,1.5,2.5,0.5,0.5,0.5,0.5,1.5,2.5,1.5,2.5,0.5,0.5,0.5,0.5,0.5,0.5,0.5,0.5,1.5,2.5,0.5,0.5,0.5,0.5,0.5,0.5,0.5,0.5,0.5,0.5,1.5,2.5,0.5,0.5,0.5,0.5,0.5,0.5,0.5,0.5,0.5,0.5,0.5,0.5,0.5,0.5,0.5,0.5,0.5,0.5,2.5,1.5,1.5,2.5,0.5,0.5,0.5,0.5,0.5,0.5,0.5,0.5,8.5,2.5,1.5,2.5,1.5,2.5,1.5,2.5,1.5,2.5,8.5,2.5,
15.93003973,76.03125281,-11.19093411,1.5,2.5,0.5,0.5,1.5,2.5,0.5,0.5,2.5,1.5,2.5,1.5,0.5,0.5,1.5,2.5,0.5,0.5,0.5,0.5,0.5,0.5,1.5,2.5,0.5,0.5,0.5,0.5,1.5,2.5,2.5,1.5,2.5,1.5,7.5,2.5,1.5,2.5,1.5,2.5,0.5,0.5,0.5,0.5,0.5,0.5,0.5,0.5,0.5,0.5,0.5,0.5,0.5,0.5,0.5,0.5,0.5,0.5,0.5,0.5,0.5,0.5,0.5,0.5,0.5,0.5,0.5,0.5,0.5,0.5,0.5,0.5,0.5,0.5,0.5,0.5,0.5,0.5,0.5,0.5,0.5,0.5,0.5,0.5,0.5,0.5,0.5,0.5,0.5,0.5,0.5,0.5,0.5,0.5,0.5,0.5,
2.654633053,32.72720029,-100.9511733,1.5,2.5,0.5,0.5,1.5,2.5,0.5,0.5,2.5,1.5,2.5,1.5,1.5,2.5,2.5,1.5,2.5,1.5,2.5,1.5,0.5,0.5,1.5,2.5,0.5,0.5,0.5,0.5,1.5,2.5,2.5,1.5,2.5,1.5,4.5,2.5,1.5,2.5,1.5,2.5,0.5,0.5,0.5,0.5,0.5,0.5,0.5,0.5,0.5,0.5,0.5,0.5,0.5,0.5,0.5,0.5,0.5,0.5,0.5,0.5,0.5,0.5,0.5,0.5,0.5,0.5,0.5,0.5,0.5,0.5,0.5,0.5,0.5,0.5,0.5,0.5,0.5,0.5,0.5,0.5,0.5,0.5,0.5,0.5,0.5,0.5,0.5,0.5,0.5,0.5,0.5,0.5,0.5,0.5,0.5,0.5,
56.30357374,60.54698231,165.1182452,1.5,2.5,0.5,0.5,1.5,2.5,0.5,0.5,2.5,1.5,2.5,1.5,0.5,0.5,1.5,2.5,0.5,0.5,0.5,0.5,1.5,2.5,2.5,1.5,2.5,1.5,2.5,1.5,1.5,2.5,2.5,1.5,1.5,2.5,0.5,0.5,0.5,0.5,0.5,0.5,2.5,1.5,2.5,1.5,1.5,2.5,0.5,0.5,0.5,0.5,0.5,0.5,2.5,1.5,1.5,2.5,0.5,0.5,0.5,0.5,0.5,0.5,0.5,0.5,8.5,2.5,2.5,8.5,1.5,2.5,1.5,2.5,0.5,0.5,0.5,0.5,0.5,0.5,0.5,0.5,0.5,0.5,0.5,0.5,0.5,0.5,0.5,0.5,0.5,0.5,0.5,0.5,0.5,0.5,0.5,0.5,
36.27849309,69.3993492,-149.9369409,1.5,2.5,0.5,0.5,1.5,2.5,0.5,0.5,2.5,1.5,2.5,1.5,1.5,2.5,2.5,1.5,2.5,1.5,2.5,1.5,0.5,0.5,1.5,2.5,0.5,0.5,0.5,0.5,1.5,2.5,2.5,1.5,2.5,1.5,8.5,2.5,1.5,2.5,1.5,2.5,0.5,0.5,0.5,0.5,0.5,0.5,0.5,0.5,0.5,0.5,0.5,0.5,0.5,0.5,0.5,0.5,0.5,0.5,0.5,0.5,0.5,0.5,0.5,0.5,0.5,0.5,0.5,0.5,0.5,0.5,0.5,0.5,0.5,0.5,0.5,0.5,0.5,0.5,0.5,0.5,0.5,0.5,0.5,0.5,0.5,0.5,0.5,0.5,0.5,0.5,0.5,0.5,0.5,0.5,0.5,0.5,
-20.63945697,47.92427571,-85.69551164,1.5,2.5,0.5,0.5,0.5,0.5,0.5,0.5,2.5,1.5,1.5,2.5,0.5,0.5,1.5,2.5,0.5,0.5,0.5,0.5,0.5,0.5,1.5,2.5,0.5,0.5,0.5,0.5,1.5,2.5,1.5,2.5,0.5,0.5,0.5,0.5,0.5,0.5,0.5,0.5,1.5,2.5,0.5,0.5,0.5,0.5,0.5,0.5,0.5,0.5,0.5,0.5,2.5,1.5,2.5,1.5,7.5,2.5,2.5,7.5,1.5,2.5,1.5,2.5,0.5,0.5,0.5,0.5,0.5,0.5,0.5,0.5,0.5,0.5,0.5,0.5,0.5,0.5,0.5,0.5,0.5,0.5,0.5,0.5,0.5,0.5,0.5,0.5,0.5,0.5,0.5,0.5,0.5,0.5,0.5,0.5,
70.81385072,97.37596304,-169.7475034,1.5,2.5,0.5,0.5,1.5,2.5,0.5,0.5,2.5,1.5,2.5,1.5,1.5,2.5,2.5,1.5,2.5,1.5,2.5,1.5,0.5,0.5,1.5,2.5,0.5,0.5,0.5,0.5,1.5,2.5,2.5,1.5,2.5,1.5,8.5,2.5,1.5,2.5,1.5,2.5,0.5,0.5,0.5,0.5,0.5,0.5,0.5,0.5,0.5,0.5,0.5,0.5,0.5,0.5,0.5,0.5,0.5,0.5,0.5,0.5,0.5,0.5,0.5,0.5,0.5,0.5,0.5,0.5,0.5,0.5,0.5,0.5,0.5,0.5,0.5,0.5,0.5,0.5,0.5,0.5,0.5,0.5,0.5,0.5,0.5,0.5,0.5,0.5,0.5,0.5,0.5,0.5,0.5,0.5,0.5,0.5,
-46.05940367,-79.73867821,42.12503801,1.5,2.5,0.5,0.5,1.5,2.5,0.5,0.5,2.5,1.5,2.5,1.5,0.5,0.5,1.5,2.5,0.5,0.5,0.5,0.5,0.5,0.5,1.5,2.5,0.5,0.5,0.5,0.5,1.5,2.5,2.5,1.5,1.5,2.5,0.5,0.5,0.5,0.5,0.5,0.5,2.5,1.5,2.5,1.5,2.5,1.5,8.5,2.5,1.5,2.5,1.5,2.5,0.5,0.5,0.5,0.5,0.5,0.5,0.5,0.5,0.5,0.5,0.5,0.5,0.5,0.5,0.5,0.5,0.5,0.5,0.5,0.5,0.5,0.5,0.5,0.5,0.5,0.5,0.5,0.5,0.5,0.5,0.5,0.5,0.5,0.5,0.5,0.5,0.5,0.5,0.5,0.5,0.5,0.5,0.5,0.5,
54.94174286,12.63004749,129.2711257,1.5,2.5,0.5,0.5,0.5,0.5,0.5,0.5,2.5,1.5,1.5,2.5,0.5,0.5,1.5,2.5,0.5,0.5,0.5,0.5,1.5,2.5,2.5,1.5,2.5,1.5,2.5,1.5,1.5,2.5,1.5,2.5,0.5,0.5,0.5,0.5,0.5,0.5,0.5,0.5,1.5,2.5,0.5,0.5,0.5,0.5,0.5,0.5,0.5,0.5,0.5,0.5,2.5,1.5,2.5,1.5,8.5,2.5,2.5,8.5,1.5,2.5,1.5,2.5,0.5,0.5,0.5,0.5,0.5,0.5,0.5,0.5,0.5,0.5,0.5,0.5,0.5,0.5,0.5,0.5,0.5,0.5,0.5,0.5,0.5,0.5,0.5,0.5,0.5,0.5,0.5,0.5,0.5,0.5,0.5,0.5,
82.98654667,34.95524033,-92.8507159,1.5,2.5,0.5,0.5,0.5,0.5,0.5,0.5,2.5,1.5,1.5,2.5,0.5,0.5,1.5,2.5,0.5,0.5,0.5,0.5,0.5,0.5,1.5,2.5,0.5,0.5,0.5,0.5,1.5,2.5,1.5,2.5,0.5,0.5,0.5,0.5,0.5,0.5,0.5,0.5,1.5,2.5,0.5,0.5,0.5,0.5,0.5,0.5,0.5,0.5,0.5,0.5,1.5,2.5,0.5,0.5,0.5,0.5,0.5,0.5,0.5,0.5,0.5,0.5,0.5,0.5,0.5,0.5,0.5,0.5,0.5,0.5,2.5,1.5,1.5,2.5,0.5,0.5,0.5,0.5,0.5,0.5,0.5,0.5,7.5,2.5,1.5,2.5,1.5,2.5,1.5,2.5,1.5,2.5,7.5,2.5,
-16.04684313,71.58487616,147.6955459,1.5,2.5,0.5,0.5,0.5,0.5,0.5,0.5,2.5,1.5,1.5,2.5,1.5,2.5,2.5,1.5,2.5,1.5,2.5,1.5,0.5,0.5,1.5,2.5,0.5,0.5,0.5,0.5,1.5,2.5,1.5,2.5,0.5,0.5,0.5,0.5,0.5,0.5,0.5,0.5,1.5,2.5,0.5,0.5,0.5,0.5,0.5,0.5,0.5,0.5,0.5,0.5,1.5,2.5,0.5,0.5,0.5,0.5,0.5,0.5,0.5,0.5,0.5,0.5,0.5,0.5,0.5,0.5,0.5,0.5,0.5,0.5,1.5,2.5,0.5,0.5,7.5,2.5,6.5,4.5,1.5,2.5,1.5,2.5,0.5,0.5,0.5,0.5,0.5,0.5,0.5,0.5,0.5,0.5,0.5,0.5,
-56.37428264,69.55399871,100.2175978,1.5,2.5,0.5,0.5,0.5,0.5,0.5,0.5,2.5,1.5,1.5,2.5,1.5,2.5,2.5,1.5,2.5,1.5,2.5,1.5,0.5,0.5,1.5,2.5,0.5,0.5,0.5,0.5,1.5,2.5,1.5,2.5,0.5,0.5,0.5,0.5,0.5,0.5,0.5,0.5,1.5,2.5,0.5,0.5,0.5,0.5,0.5,0.5,0.5,0.5,0.5,0.5,1.5,2.5,0.5,0.5,0.5,0.5,0.5,0.5,0.5,0.5,0.5,0.5,0.5,0.5,0.5,0.5,0.5,0.5,0.5,0.5,2.5,1.5,2.5,1.5,8.5,2.5,8.5,6.5,1.5,2.5,1.5,2.5,0.5,0.5,0.5,0.5,0.5,0.5,0.5,0.5,0.5,0.5,0.5,0.5,
-31.15379625,-97.20053924,166.6558997,1.5,2.5,0.5,0.5,1.5,2.5,0.5,0.5,2.5,1.5,2.5,1.5,0.5,0.5,1.5,2.5,0.5,0.5,0.5,0.5,1.5,2.5,2.5,1.5,2.5,1.5,2.5,1.5,1.5,2.5,2.5,1.5,1.5,2.5,0.5,0.5,0.5,0.5,0.5,0.5,2.5,1.5,2.5,1.5,1.5,2.5,0.5,0.5,0.5,0.5,0.5,0.5,2.5,1.5,1.5,2.5,0.5,0.5,0.5,0.5,0.5,0.5,0.5,0.5,8.5,2.5,2.5,8.5,1.5,2.5,1.5,2.5,0.5,0.5,0.5,0.5,0.5,0.5,0.5,0.5,0.5,0.5,0.5,0.5,0.5,0.5,0.5,0.5,0.5,0.5,0.5,0.5,0.5,0.5,0.5,0.5,
-83.0908341,-97.81671299,176.2059711,1.5,2.5,0.5,0.5,1.5,2.5,0.5,0.5,2.5,1.5,2.5,1.5,0.5,0.5,1.5,2.5,0.5,0.5,0.5,0.5,1.5,2.5,2.5,1.5,2.5,1.5,2.5,1.5,1.5,2.5,2.5,1.5,1.5,2.5,0.5,0.5,0.5,0.5,0.5,0.5,2.5,1.5,2.5,1.5,1.5,2.5,0.5,0.5,0.5,0.5,0.5,0.5,2.5,1.5,1.5,2.5,0.5,0.5,0.5,0.5,0.5,0.5,0.5,0.5,6.5,2.5,2.5,6.5,1.5,2.5,1.5,2.5,0.5,0.5,0.5,0.5,0.5,0.5,0.5,0.5,0.5,0.5,0.5,0.5,0.5,0.5,0.5,0.5,0.5,0.5,0.5,0.5,0.5,0.5,0.5,0.5,
29.69392281,32.8981236,178.0573655,1.5,2.5,0.5,0.5,1.5,2.5,0.5,0.5,2.5,1.5,2.5,1.5,0.5,0.5,1.5,2.5,0.5,0.5,0.5,0.5,2.5,1.5,2.5,1.5,2.5,1.5,2.5,1.5,0.5,0.5,0.5,0.5,0.5,0.5,0.5,0.5,0.5,0.5,0.5,0.5,0.5,0.5,0.5,0.5,0.5,0.5,0.5,0.5,0.5,0.5,0.5,0.5,0.5,0.5,0.5,0.5,0.5,0.5,0.5,0.5,0.5,0.5,0.5,0.5,0.5,0.5,0.5,0.5,0.5,0.5,0.5,0.5,0.5,0.5,0.5,0.5,0.5,0.5,0.5,0.5,0.5,0.5,0.5,0.5,0.5,0.5,0.5,0.5,0.5,0.5,0.5,0.5,0.5,0.5,0.5,0.5,
-31.23272539,64.05819519,-72.73533023,1.5,2.5,0.5,0.5,0.5,0.5,0.5,0.5,2.5,1.5,1.5,2.5,0.5,0.5,1.5,2.5,0.5,0.5,0.5,0.5,0.5,0.5,1.5,2.5,0.5,0.5,0.5,0.5,1.5,2.5,1.5,2.5,0.5,0.5,0.5,0.5,0.5,0.5,0.5,0.5,1.5,2.5,0.5,0.5,0.5,0.5,0.5,0.5,0.5,0.5,0.5,0.5,2.5,1.5,2.5,1.5,7.5,2.5,2.5,7.5,1.5,2.5,1.5,2.5,0.5,0.5,0.5,0.5,0.5,0.5,0.5,0.5,0.5,0.5,0.5,0.5,0.5,0.5,0.5,0.5,0.5,0.5,0.5,0.5,0.5,0.5,0.5,0.5,0.5,0.5,0.5,0.5,0.5,0.5,0.5,0.5,
-65.42311499,30.28911454,194.2267885,1.5,2.5,0.5,0.5,0.5,0.5,0.5,0.5,2.5,1.5,1.5,2.5,1.5,2.5,2.5,1.5,2.5,1.5,2.5,1.5,0.5,0.5,1.5,2.5,0.5,0.5,0.5,0.5,1.5,2.5,1.5,2.5,0.5,0.5,0.5,0.5,0.5,0.5,0.5,0.5,1.5,2.5,0.5,0.5,0.5,0.5,0.5,0.5,0.5,0.5,0.5,0.5,1.5,2.5,0.5,0.5,0.5,0.5,0.5,0.5,0.5,0.5,0.5,0.5,0.5,0.5,0.5,0.5,0.5,0.5,0.5,0.5,1.5,2.5,0.5,0.5,8.5,2.5,7.5,8.5,1.5,2.5,1.5,2.5,0.5,0.5,0.5,0.5,0.5,0.5,0.5,0.5,0.5,0.5,0.5,0.5,
68.45746796,82.21498468,-144.4419986,1.5,2.5,0.5,0.5,1.5,2.5,0.5,0.5,2.5,1.5,2.5,1.5,1.5,2.5,2.5,1.5,2.5,1.5,2.5,1.5,0.5,0.5,1.5,2.5,0.5,0.5,0.5,0.5,1.5,2.5,2.5,1.5,2.5,1.5,8.5,2.5,1.5,2.5,1.5,2.5,0.5,0.5,0.5,0.5,0.5,0.5,0.5,0.5,0.5,0.5,0.5,0.5,0.5,0.5,0.5,0.5,0.5,0.5,0.5,0.5,0.5,0.5,0.5,0.5,0.5,0.5,0.5,0.5,0.5,0.5,0.5,0.5,0.5,0.5,0.5,0.5,0.5,0.5,0.5,0.5,0.5,0.5,0.5,0.5,0.5,0.5,0.5,0.5,0.5,0.5,0.5,0.5,0.5,0.5,0.5,0.5,
88.09953245,27.56320194,69.13629988,1.5,2.5,0.5,0.5,0.5,0.5,0.5,0.5,2.5,1.5,1.5,2.5,0.5,0.5,1.5,2.5,0.5,0.5,0.5,0.5,0.5,0.5,1.5,2.5,0.5,0.5,0.5,0.5,1.5,2.5,1.5,2.5,0.5,0.5,0.5,0.5,0.5,0.5,0.5,0.5,1.5,2.5,0.5,0.5,0.5,0.5,0.5,0.5,0.5,0.5,0.5,0.5,2.5,1.5,2.5,1.5,8.5,2.5,2.5,8.5,1.5,2.5,1.5,2.5,0.5,0.5,0.5,0.5,0.5,0.5,0.5,0.5,0.5,0.5,0.5,0.5,0.5,0.5,0.5,0.5,0.5,0.5,0.5,0.5,0.5,0.5,0.5,0.5,0.5,0.5,0.5,0.5,0.5,0.5,0.5,0.5,
-8.66134781,96.94184007,176.4064956,1.5,2.5,0.5,0.5,0.5,0.5,0.5,0.5,2.5,1.5,1.5,2.5,1.5,2.5,2.5,1.5,2.5,1.5,2.5,1.5,0.5,0.5,1.5,2.5,0.5,0.5,0.5,0.5,1.5,2.5,1.5,2.5,0.5,0.5,0.5,0.5,0.5,0.5,0.5,0.5,1.5,2.5,0.5,0.5,0.5,0.5,0.5,0.5,0.5,0.5,0.5,0.5,1.5,2.5,0.5,0.5,0.5,0.5,0.5,0.5,0.5,0.5,0.5,0.5,0.5,0.5,0.5,0.5,0.5,0.5,0.5,0.5,1.5,2.5,0.5,0.5,6.5,2.5,6.5,1.5,1.5,2.5,1.5,2.5,0.5,0.5,0.5,0.5,0.5,0.5,0.5,0.5,0.5,0.5,0.5,0.5,
-45.62507663,16.08798637,-133.7236486,1.5,2.5,0.5,0.5,0.5,0.5,0.5,0.5,2.5,1.5,1.5,2.5,0.5,0.5,1.5,2.5,0.5,0.5,0.5,0.5,1.5,2.5,2.5,1.5,2.5,1.5,2.5,1.5,1.5,2.5,1.5,2.5,0.5,0.5,0.5,0.5,0.5,0.5,0.5,0.5,1.5,2.5,0.5,0.5,0.5,0.5,0.5,0.5,0.5,0.5,0.5,0.5,2.5,1.5,2.5,1.5,8.5,2.5,2.5,8.5,1.5,2.5,1.5,2.5,0.5,0.5,0.5,0.5,0.5,0.5,0.5,0.5,0.5,0.5,0.5,0.5,0.5,0.5,0.5,0.5,0.5,0.5,0.5,0.5,0.5,0.5,0.5,0.5,0.5,0.5,0.5,0.5,0.5,0.5,0.5,0.5,
45.05268175,-90.47807685,-160.2026132,1.5,2.5,0.5,0.5,0.5,0.5,0.5,0.5,2.5,1.5,1.5,2.5,1.5,2.5,2.5,1.5,2.5,1.5,2.5,1.5,0.5,0.5,1.5,2.5,0.5,0.5,0.5,0.5,1.5,2.5,1.5,2.5,0.5,0.5,0.5,0.5,0.5,0.5,0.5,0.5,1.5,2.5,0.5,0.5,0.5,0.5,0.5,0.5,0.5,0.5,0.5,0.5,1.5,2.5,0.5,0.5,0.5,0.5,0.5,0.5,0.5,0.5,0.5,0.5,0.5,0.5,0.5,0.5,0.5,0.5,0.5,0.5,2.5,1.5,1.5,2.5,0.5,0.5,0.5,0.5,0.5,0.5,0.5,0.5,8.5,2.5,1.5,2.5,1.5,2.5,1.5,2.5,1.5,2.5,6.5,2.5,
-85.69227519,55.55151675,144.7186986,1.5,2.5,0.5,0.5,0.5,0.5,0.5,0.5,2.5,1.5,1.5,2.5,1.5,2.5,2.5,1.5,2.5,1.5,2.5,1.5,0.5,0.5,1.5,2.5,0.5,0.5,0.5,0.5,1.5,2.5,1.5,2.5,0.5,0.5,0.5,0.5,0.5,0.5,0.5,0.5,1.5,2.5,0.5,0.5,0.5,0.5,0.5,0.5,0.5,0.5,0.5,0.5,1.5,2.5,0.5,0.5,0.5,0.5,0.5,0.5,0.5,0.5,0.5,0.5,0.5,0.5,0.5,0.5,0.5,0.5,0.5,0.5,2.5,1.5,1.5,2.5,0.5,0.5,0.5,0.5,0.5,0.5,0.5,0.5,8.5,2.5,1.5,2.5,1.5,2.5,1.5,2.5,1.5,2.5,8.5,2.5,
-40.25876887,42.34614893,10.89192373,1.5,2.5,0.5,0.5,0.5,0.5,0.5,0.5,2.5,1.5,1.5,2.5,0.5,0.5,1.5,2.5,0.5,0.5,0.5,0.5,0.5,0.5,1.5,2.5,0.5,0.5,0.5,0.5,1.5,2.5,1.5,2.5,0.5,0.5,0.5,0.5,0.5,0.5,0.5,0.5,1.5,2.5,0.5,0.5,0.5,0.5,0.5,0.5,0.5,0.5,0.5,0.5,1.5,2.5,0.5,0.5,0.5,0.5,0.5,0.5,0.5,0.5,0.5,0.5,0.5,0.5,0.5,0.5,0.5,0.5,0.5,0.5,2.5,1.5,2.5,1.5,8.5,2.5,8.5,2.5,1.5,2.5,1.5,2.5,0.5,0.5,0.5,0.5,0.5,0.5,0.5,0.5,0.5,0.5,0.5,0.5,
13.24027559,96.99460095,120.7161151,1.5,2.5,0.5,0.5,1.5,2.5,0.5,0.5,2.5,1.5,2.5,1.5,0.5,0.5,1.5,2.5,0.5,0.5,0.5,0.5,1.5,2.5,2.5,1.5,2.5,1.5,2.5,1.5,1.5,2.5,2.5,1.5,1.5,2.5,0.5,0.5,0.5,0.5,0.5,0.5,2.5,1.5,2.5,1.5,1.5,2.5,0.5,0.5,0.5,0.5,0.5,0.5,2.5,1.5,1.5,2.5,0.5,0.5,0.5,0.5,0.5,0.5,0.5,0.5,6.5,2.5,2.5,6.5,1.5,2.5,1.5,2.5,0.5,0.5,0.5,0.5,0.5,0.5,0.5,0.5,0.5,0.5,0.5,0.5,0.5,0.5,0.5,0.5,0.5,0.5,0.5,0.5,0.5,0.5,0.5,0.5,
-71.03726453,-36.62213748,10.95900513,1.5,2.5,0.5,0.5,0.5,0.5,0.5,0.5,2.5,1.5,1.5,2.5,0.5,0.5,1.5,2.5,0.5,0.5,0.5,0.5,0.5,0.5,1.5,2.5,0.5,0.5,0.5,0.5,1.5,2.5,1.5,2.5,0.5,0.5,0.5,0.5,0.5,0.5,0.5,0.5,1.5,2.5,0.5,0.5,0.5,0.5,0.5,0.5,0.5,0.5,0.5,0.5,1.5,2.5,0.5,0.5,0.5,0.5,0.5,0.5,0.5,0.5,0.5,0.5,0.5,0.5,0.5,0.5,0.5,0.5,0.5,0.5,2.5,1.5,2.5,1.5,8.5,2.5,8.5,2.5,1.5,2.5,1.5,2.5,0.5,0.5,0.5,0.5,0.5,0.5,0.5,0.5,0.5,0.5,0.5,0.5,
-29.8939382,28.32335953,-158.8910642,1.5,2.5,0.5,0.5,0.5,0.5,0.5,0.5,2.5,1.5,1.5,2.5,0.5,0.5,1.5,2.5,0.5,0.5,0.5,0.5,1.5,2.5,2.5,1.5,2.5,1.5,2.5,1.5,1.5,2.5,1.5,2.5,0.5,0.5,0.5,0.5,0.5,0.5,0.5,0.5,1.5,2.5,0.5,0.5,0.5,0.5,0.5,0.5,0.5,0.5,0.5,0.5,2.5,1.5,2.5,1.5,7.5,2.5,2.5,7.5,1.5,2.5,1.5,2.5,0.5,0.5,0.5,0.5,0.5,0.5,0.5,0.5,0.5,0.5,0.5,0.5,0.5,0.5,0.5,0.5,0.5,0.5,0.5,0.5,0.5,0.5,0.5,0.5,0.5,0.5,0.5,0.5,0.5,0.5,0.5,0.5,
-18.83724854,-97.51895022,164.2855036,1.5,2.5,0.5,0.5,1.5,2.5,0.5,0.5,2.5,1.5,2.5,1.5,0.5,0.5,1.5,2.5,0.5,0.5,0.5,0.5,1.5,2.5,2.5,1.5,2.5,1.5,2.5,1.5,1.5,2.5,2.5,1.5,1.5,2.5,0.5,0.5,0.5,0.5,0.5,0.5,2.5,1.5,2.5,1.5,1.5,2.5,0.5,0.5,0.5,0.5,0.5,0.5,2.5,1.5,1.5,2.5,0.5,0.5,0.5,0.5,0.5,0.5,0.5,0.5,8.5,2.5,2.5,8.5,1.5,2.5,1.5,2.5,0.5,0.5,0.5,0.5,0.5,0.5,0.5,0.5,0.5,0.5,0.5,0.5,0.5,0.5,0.5,0.5,0.5,0.5,0.5,0.5,0.5,0.5,0.5,0.5,
88.39019724,82.47414324,37.19048262,1.5,2.5,0.5,0.5,0.5,0.5,0.5,0.5,2.5,1.5,1.5,2.5,0.5,0.5,1.5,2.5,0.5,0.5,0.5,0.5,0.5,0.5,1.5,2.5,0.5,0.5,0.5,0.5,1.5,2.5,1.5,2.5,0.5,0.5,0.5,0.5,0.5,0.5,0.5,0.5,1.5,2.5,0.5,0.5,0.5,0.5,0.5,0.5,0.5,0.5,0.5,0.5,2.5,1.5,2.5,1.5,5.5,2.5,2.5,5.5,1.5,2.5,1.5,2.5,0.5,0.5,0.5,0.5,0.5,0.5,0.5,0.5,0.5,0.5,0.5,0.5,0.5,0.5,0.5,0.5,0.5,0.5,0.5,0.5,0.5,0.5,0.5,0.5,0.5,0.5,0.5,0.5,0.5,0.5,0.5,0.5,
50.38474709,73.61816784,141.805676,1.5,2.5,0.5,0.5,1.5,2.5,0.5,0.5,2.5,1.5,2.5,1.5,0.5,0.5,1.5,2.5,0.5,0.5,0.5,0.5,1.5,2.5,2.5,1.5,2.5,1.5,2.5,1.5,1.5,2.5,2.5,1.5,1.5,2.5,0.5,0.5,0.5,0.5,0.5,0.5,2.5,1.5,2.5,1.5,1.5,2.5,0.5,0.5,0.5,0.5,0.5,0.5,2.5,1.5,1.5,2.5,0.5,0.5,0.5,0.5,0.5,0.5,0.5,0.5,8.5,2.5,2.5,8.5,1.5,2.5,1.5,2.5,0.5,0.5,0.5,0.5,0.5,0.5,0.5,0.5,0.5,0.5,0.5,0.5,0.5,0.5,0.5,0.5,0.5,0.5,0.5,0.5,0.5,0.5,0.5,0.5,
5.97966766,86.5835266,195.450348,1.5,2.5,0.5,0.5,1.5,2.5,0.5,0.5,2.5,1.5,2.5,1.5,0.5,0.5,1.5,2.5,0.5,0.5,0.5,0.5,1.5,2.5,2.5,1.5,2.5,1.5,2.5,1.5,1.5,2.5,2.5,1.5,1.5,2.5,0.5,0.5,0.5,0.5,0.5,0.5,2.5,1.5,2.5,1.5,1.5,2.5,0.5,0.5,0.5,0.5,0.5,0.5,2.5,1.5,1.5,2.5,0.5,0.5,0.5,0.5,0.5,0.5,0.5,0.5,5.5,2.5,2.5,4.5,1.5,2.5,1.5,2.5,0.5,0.5,0.5,0.5,0.5,0.5,0.5,0.5,0.5,0.5,0.5,0.5,0.5,0.5,0.5,0.5,0.5,0.5,0.5,0.5,0.5,0.5,0.5,0.5,
99.3214111,-30.621445,-199.15065,1.5,2.5,0.5,0.5,0.5,0.5,0.5,0.5,2.5,1.5,1.5,2.5,1.5,2.5,2.5,1.5,2.5,1.5,2.5,1.5,0.5,0.5,1.5,2.5,0.5,0.5,0.5,0.5,1.5,2.5,1.5,2.5,0.5,0.5,0.5,0.5,0.5,0.5,0.5,0.5,1.5,2.5,0.5,0.5,0.5,0.5,0.5,0.5,0.5,0.5,0.5,0.5,1.5,2.5,0.5,0.5,0.5,0.5,0.5,0.5,0.5,0.5,0.5,0.5,0.5,0.5,0.5,0.5,0.5,0.5,0.5,0.5,2.5,1.5,1.5,2.5,0.5,0.5,0.5,0.5,0.5,0.5,0.5,0.5,8.5,2.5,1.5,2.5,1.5,2.5,1.5,2.5,1.5,2.5,6.5,2.5,
81.3358307,77.6931458,95.2137451,1.5,2.5,0.5,0.5,0.5,0.5,0.5,0.5,2.5,1.5,1.5,2.5,0.5,0.5,1.5,2.5,0.5,0.5,0.5,0.5,0.5,0.5,1.5,2.5,0.5,0.5,0.5,0.5,1.5,2.5,1.5,2.5,0.5,0.5,0.5,0.5,0.5,0.5,0.5,0.5,1.5,2.5,0.5,0.5,0.5,0.5,0.5,0.5,0.5,0.5,0.5,0.5,2.5,1.5,2.5,1.5,4.5,2.5,2.5,3.5,1.5,2.5,1.5,2.5,0.5,0.5,0.5,0.5,0.5,0.5,0.5,0.5,0.5,0.5,0.5,0.5,0.5,0.5,0.5,0.5,0.5,0.5,0.5,0.5,0.5,0.5,0.5,0.5,0.5,0.5,0.5,0.5,0.5,0.5,0.5,0.5,
-75.040916,97.8332214,120.053101,1.5,2.5,0.5,0.5,0.5,0.5,0.5,0.5,2.5,1.5,1.5,2.5,1.5,2.5,2.5,1.5,2.5,1.5,2.5,1.5,0.5,0.5,1.5,2.5,0.5,0.5,0.5,0.5,1.5,2.5,1.5,2.5,0.5,0.5,0.5,0.5,0.5,0.5,0.5,0.5,1.5,2.5,0.5,0.5,0.5,0.5,0.5,0.5,0.5,0.5,0.5,0.5,1.5,2.5,0.5,0.5,0.5,0.5,0.5,0.5,0.5,0.5,0.5,0.5,0.5,0.5,0.5,0.5,0.5,0.5,0.5,0.5,2.5,1.5,2.5,1.5,8.5,2.5,8.5,5.5,1.5,2.5,1.5,2.5,0.5,0.5,0.5,0.5,0.5,0.5,0.5,0.5,0.5,0.5,0.5,0.5,
38.1392517,96.7707825,191.695648,1.5,2.5,0.5,0.5,1.5,2.5,0.5,0.5,2.5,1.5,2.5,1.5,0.5,0.5,1.5,2.5,0.5,0.5,0.5,0.5,1.5,2.5,2.5,1.5,2.5,1.5,2.5,1.5,1.5,2.5,2.5,1.5,1.5,2.5,0.5,0.5,0.5,0.5,0.5,0.5,2.5,1.5,2.5,1.5,1.5,2.5,0.5,0.5,0.5,0.5,0.5,0.5,2.5,1.5,1.5,2.5,0.5,0.5,0.5,0.5,0.5,0.5,0.5,0.5,8.5,2.5,2.5,8.5,1.5,2.5,1.5,2.5,0.5,0.5,0.5,0.5,0.5,0.5,0.5,0.5,0.5,0.5,0.5,0.5,0.5,0.5,0.5,0.5,0.5,0.5,0.5,0.5,0.5,0.5,0.5,0.5,
90.141449,-88.583466,-171.5206,1.5,2.5,0.5,0.5,0.5,0.5,0.5,0.5,2.5,1.5,1.5,2.5,1.5,2.5,2.5,1.5,2.5,1.5,2.5,1.5,0.5,0.5,1.5,2.5,0.5,0.5,0.5,0.5,1.5,2.5,1.5,2.5,0.5,0.5,0.5,0.5,0.5,0.5,0.5,0.5,1.5,2.5,0.5,0.5,0.5,0.5,0.5,0.5,0.5,0.5,0.5,0.5,1.5,2.5,0.5,0.5,0.5,0.5,0.5,0.5,0.5,0.5,0.5,0.5,0.5,0.5,0.5,0.5,0.5,0.5,0.5,0.5,2.5,1.5,2.5,1.5,8.5,2.5,8.5,7.5,1.5,2.5,1.5,2.5,0.5,0.5,0.5,0.5,0.5,0.5,0.5,0.5,0.5,0.5,0.5,0.5,
36.1801605,-69.797844,-188.42648,1.5,2.5,0.5,0.5,0.5,0.5,0.5,0.5,2.5,1.5,1.5,2.5,1.5,2.5,2.5,1.5,2.5,1.5,2.5,1.5,0.5,0.5,1.5,2.5,0.5,0.5,0.5,0.5,1.5,2.5,1.5,2.5,0.5,0.5,0.5,0.5,0.5,0.5,0.5,0.5,1.5,2.5,0.5,0.5,0.5,0.5,0.5,0.5,0.5,0.5,0.5,0.5,1.5,2.5,0.5,0.5,0.5,0.5,0.5,0.5,0.5,0.5,0.5,0.5,0.5,0.5,0.5,0.5,0.5,0.5,0.5,0.5,1.5,2.5,0.5,0.5,8.5,2.5,7.5,6.5,1.5,2.5,1.5,2.5,0.5,0.5,0.5,0.5,0.5,0.5,0.5,0.5,0.5,0.5,0.5,0.5,
-31.810867,-67.064133,17.5039063,1.5,2.5,0.5,0.5,1.5,2.5,0.5,0.5,2.5,1.5,2.5,1.5,0.5,0.5,1.5,2.5,0.5,0.5,0.5,0.5,0.5,0.5,1.5,2.5,0.5,0.5,0.5,0.5,1.5,2.5,2.5,1.5,1.5,2.5,0.5,0.5,0.5,0.5,0.5,0.5,2.5,1.5,2.5,1.5,2.5,1.5,8.5,2.5,1.5,2.5,1.5,2.5,0.5,0.5,0.5,0.5,0.5,0.5,0.5,0.5,0.5,0.5,0.5,0.5,0.5,0.5,0.5,0.5,0.5,0.5,0.5,0.5,0.5,0.5,0.5,0.5,0.5,0.5,0.5,0.5,0.5,0.5,0.5,0.5,0.5,0.5,0.5,0.5,0.5,0.5,0.5,0.5,0.5,0.5,0.5,0.5,
87.3473358,98.9727173,49.9287415,1.5,2.5,0.5,0.5,1.5,2.5,0.5,0.5,2.5,1.5,2.5,1.5,0.5,0.5,1.5,2.5,0.5,0.5,0.5,0.5,0.5,0.5,1.5,2.5,0.5,0.5,0.5,0.5,1.5,2.5,2.5,1.5,1.5,2.5,0.5,0.5,0.5,0.5,0.5,0.5,2.5,1.5,2.5,1.5,2.5,1.5,6.5,2.5,1.5,2.5,1.5,2.5,0.5,0.5,0.5,0.5,0.5,0.5,0.5,0.5,0.5,0.5,0.5,0.5,0.5,0.5,0.5,0.5,0.5,0.5,0.5,0.5,0.5,0.5,0.5,0.5,0.5,0.5,0.5,0.5,0.5,0.5,0.5,0.5,0.5,0.5,0.5,0.5,0.5,0.5,0.5,0.5,0.5,0.5,0.5,0.5,
88.7287903,88.369873,-69.707581,1.5,2.5,0.5,0.5,0.5,0.5,0.5,0.5,2.5,1.5,1.5,2.5,0.5,0.5,1.5,2.5,0.5,0.5,0.5,0.5,0.5,0.5,1.5,2.5,0.5,0.5,0.5,0.5,2.5,1.5,0.5,0.5,0.5,0.5,0.5,0.5,0.5,0.5,0.5,0.5,0.5,0.5,0.5,0.5,0.5,0.5,0.5,0.5,0.5,0.5,0.5,0.5,0.5,0.5,0.5,0.5,0.5,0.5,0.5,0.5,0.5,0.5,0.5,0.5,0.5,0.5,0.5,0.5,0.5,0.5,0.5,0.5,0.5,0.5,0.5,0.5,0.5,0.5,0.5,0.5,0.5,0.5,0.5,0.5,0.5,0.5,0.5,0.5,0.5,0.5,0.5,0.5,0.5,0.5,0.5,0.5,
-91.78282928,7.048675537,144.7827759,2.5,1.5,1.5,2.5,0.5,0.5,0.5,0.5,2.5,1.5,1.5,2.5,1.5,2.5,2.5,1.5,2.5,1.5,2.5,1.5,0.5,0.5,1.5,2.5,0.5,0.5,0.5,0.5,1.5,2.5,1.5,2.5,0.5,0.5,0.5,0.5,0.5,0.5,0.5,0.5,1.5,2.5,0.5,0.5,0.5,0.5,0.5,0.5,0.5,0.5,0.5,0.5,1.5,2.5,0.5,0.5,0.5,0.5,0.5,0.5,0.5,0.5,0.5,0.5,0.5,0.5,0.5,0.5,0.5,0.5,0.5,0.5,2.5,1.5,1.5,2.5,0.5,0.5,0.5,0.5,0.5,0.5,0.5,0.5,8.5,2.5,1.5,2.5,1.5,2.5,1.5,2.5,1.5,2.5,7.5,2.5,
99.95005798,13.12397766,-157.5538025,1.5,2.5,0.5,0.5,0.5,0.5,0.5,0.5,2.5,1.5,1.5,2.5,1.5,2.5,2.5,1.5,2.5,1.5,2.5,1.5,0.5,0.5,1.5,2.5,0.5,0.5,0.5,0.5,1.5,2.5,1.5,2.5,0.5,0.5,0.5,0.5,0.5,0.5,0.5,0.5,1.5,2.5,0.5,0.5,0.5,0.5,0.5,0.5,0.5,0.5,0.5,0.5,1.5,2.5,0.5,0.5,0.5,0.5,0.5,0.5,0.5,0.5,0.5,0.5,0.5,0.5,0.5,0.5,0.5,0.5,0.5,0.5,2.5,1.5,1.5,2.5,0.5,0.5,0.5,0.5,0.5,0.5,0.5,0.5,8.5,2.5,1.5,2.5,1.5,2.5,1.5,2.5,1.5,2.5,6.5,2.5,
-61.79573441,76.38470459,184.4666748,1.5,2.5,0.5,0.5,0.5,0.5,0.5,0.5,2.5,1.5,1.5,2.5,1.5,2.5,2.5,1.5,2.5,1.5,2.5,1.5,0.5,0.5,1.5,2.5,0.5,0.5,0.5,0.5,1.5,2.5,1.5,2.5,0.5,0.5,0.5,0.5,0.5,0.5,0.5,0.5,1.5,2.5,0.5,0.5,0.5,0.5,0.5,0.5,0.5,0.5,0.5,0.5,1.5,2.5,0.5,0.5,0.5,0.5,0.5,0.5,0.5,0.5,0.5,0.5,0.5,0.5,0.5,0.5,0.5,0.5,0.5,0.5,2.5,1.5,1.5,2.5,0.5,0.5,0.5,0.5,0.5,0.5,0.5,0.5,8.5,2.5,1.5,2.5,1.5,2.5,1.5,2.5,1.5,2.5,5.5,2.5,
77.63418579,69.32403564,-189.2391052,1.5,2.5,0.5,0.5,0.5,0.5,0.5,0.5,2.5,1.5,1.5,2.5,1.5,2.5,2.5,1.5,2.5,1.5,2.5,1.5,0.5,0.5,1.5,2.5,0.5,0.5,0.5,0.5,1.5,2.5,1.5,2.5,0.5,0.5,0.5,0.5,0.5,0.5,0.5,0.5,1.5,2.5,0.5,0.5,0.5,0.5,0.5,0.5,0.5,0.5,0.5,0.5,1.5,2.5,0.5,0.5,0.5,0.5,0.5,0.5,0.5,0.5,0.5,0.5,0.5,0.5,0.5,0.5,0.5,0.5,0.5,0.5,1.5,2.5,0.5,0.5,6.5,2.5,6.5,1.5,1.5,2.5,1.5,2.5,0.5,0.5,0.5,0.5,0.5,0.5,0.5,0.5,0.5,0.5,0.5,0.5,
-99.11252594,94.56787109,38.27259827,1.5,2.5,0.5,0.5,0.5,0.5,0.5,0.5,2.5,1.5,1.5,2.5,0.5,0.5,1.5,2.5,0.5,0.5,0.5,0.5,0.5,0.5,1.5,2.5,0.5,0.5,0.5,0.5,1.5,2.5,1.5,2.5,0.5,0.5,0.5,0.5,0.5,0.5,0.5,0.5,1.5,2.5,0.5,0.5,0.5,0.5,0.5,0.5,0.5,0.5,0.5,0.5,1.5,2.5,0.5,0.5,0.5,0.5,0.5,0.5,0.5,0.5,0.5,0.5,0.5,0.5,0.5,0.5,0.5,0.5,0.5,0.5,2.5,1.5,2.5,1.5,8.5,2.5,8.5,5.5,1.5,2.5,1.5,2.5,0.5,0.5,0.5,0.5,0.5,0.5,0.5,0.5,0.5,0.5,0.5,0.5,
-64.83704376,17.80181122,-59.4929657,1.5,2.5,0.5,0.5,0.5,0.5,0.5,0.5,2.5,1.5,1.5,2.5,0.5,0.5,1.5,2.5,0.5,0.5,0.5,0.5,0.5,0.5,1.5,2.5,0.5,0.5,0.5,0.5,1.5,2.5,1.5,2.5,0.5,0.5,0.5,0.5,0.5,0.5,0.5,0.5,1.5,2.5,0.5,0.5,0.5,0.5,0.5,0.5,0.5,0.5,0.5,0.5,2.5,1.5,2.5,1.5,8.5,2.5,2.5,8.5,1.5,2.5,1.5,2.5,0.5,0.5,0.5,0.5,0.5,0.5,0.5,0.5,0.5,0.5,0.5,0.5,0.5,0.5,0.5,0.5,0.5,0.5,0.5,0.5,0.5,0.5,0.5,0.5,0.5,0.5,0.5,0.5,0.5,0.5,0.5,0.5,
-90.02479553,91.29826355,104.9444275,1.5,2.5,0.5,0.5,0.5,0.5,0.5,0.5,2.5,1.5,1.5,2.5,1.5,2.5,2.5,1.5,2.5,1.5,2.5,1.5,0.5,0.5,1.5,2.5,0.5,0.5,0.5,0.5,1.5,2.5,1.5,2.5,0.5,0.5,0.5,0.5,0.5,0.5,0.5,0.5,1.5,2.5,0.5,0.5,0.5,0.5,0.5,0.5,0.5,0.5,0.5,0.5,1.5,2.5,0.5,0.5,0.5,0.5,0.5,0.5,0.5,0.5,0.5,0.5,0.5,0.5,0.5,0.5,0.5,0.5,0.5,0.5,2.5,1.5,2.5,1.5,8.5,2.5,8.5,5.5,1.5,2.5,1.5,2.5,0.5,0.5,0.5,0.5,0.5,0.5,0.5,0.5,0.5,0.5,0.5,0.5,
7.105949402,71.57687378,-115.4480896,1.5,2.5,0.5,0.5,1.5,2.5,0.5,0.5,2.5,1.5,2.5,1.5,1.5,2.5,2.5,1.5,2.5,1.5,2.5,1.5,0.5,0.5,1.5,2.5,0.5,0.5,0.5,0.5,1.5,2.5,2.5,1.5,2.5,1.5,5.5,2.5,1.5,2.5,1.5,2.5,0.5,0.5,0.5,0.5,0.5,0.5,0.5,0.5,0.5,0.5,0.5,0.5,0.5,0.5,0.5,0.5,0.5,0.5,0.5,0.5,0.5,0.5,0.5,0.5,0.5,0.5,0.5,0.5,0.5,0.5,0.5,0.5,0.5,0.5,0.5,0.5,0.5,0.5,0.5,0.5,0.5,0.5,0.5,0.5,0.5,0.5,0.5,0.5,0.5,0.5,0.5,0.5,0.5,0.5,0.5,0.5,
-57.45791626,74.74807739,156.3013,1.5,2.5,0.5,0.5,0.5,0.5,0.5,0.5,2.5,1.5,1.5,2.5,1.5,2.5,2.5,1.5,2.5,1.5,2.5,1.5,0.5,0.5,1.5,2.5,0.5,0.5,0.5,0.5,1.5,2.5,1.5,2.5,0.5,0.5,0.5,0.5,0.5,0.5,0.5,0.5,1.5,2.5,0.5,0.5,0.5,0.5,0.5,0.5,0.5,0.5,0.5,0.5,1.5,2.5,0.5,0.5,0.5,0.5,0.5,0.5,0.5,0.5,0.5,0.5,0.5,0.5,0.5,0.5,0.5,0.5,0.5,0.5,2.5,1.5,1.5,2.5,0.5,0.5,0.5,0.5,0.5,0.5,0.5,0.5,8.5,2.5,1.5,2.5,1.5,2.5,1.5,2.5,1.5,2.5,7.5,2.5,
55.6330719,99.24867249,116.0896301,1.5,2.5,0.5,0.5,1.5,2.5,0.5,0.5,2.5,1.5,2.5,1.5,0.5,0.5,1.5,2.5,0.5,0.5,0.5,0.5,1.5,2.5,2.5,1.5,2.5,1.5,2.5,1.5,1.5,2.5,2.5,1.5,1.5,2.5,0.5,0.5,0.5,0.5,0.5,0.5,2.5,1.5,2.5,1.5,1.5,2.5,0.5,0.5,0.5,0.5,0.5,0.5,2.5,1.5,1.5,2.5,0.5,0.5,0.5,0.5,0.5,0.5,0.5,0.5,8.5,2.5,2.5,8.5,1.5,2.5,1.5,2.5,0.5,0.5,0.5,0.5,0.5,0.5,0.5,0.5,0.5,0.5,0.5,0.5,0.5,0.5,0.5,0.5,0.5,0.5,0.5,0.5,0.5,0.5,0.5,0.5,
-92.93804169,44.33407593,112.138855,1.5,2.5,0.5,0.5,0.5,0.5,0.5,0.5,2.5,1.5,1.5,2.5,1.5,2.5,2.5,1.5,2.5,1.5,2.5,1.5,0.5,0.5,1.5,2.5,0.5,0.5,0.5,0.5,1.5,2.5,1.5,2.5,0.5,0.5,0.5,0.5,0.5,0.5,0.5,0.5,1.5,2.5,0.5,0.5,0.5,0.5,0.5,0.5,0.5,0.5,0.5,0.5,1.5,2.5,0.5,0.5,0.5,0.5,0.5,0.5,0.5,0.5,0.5,0.5,0.5,0.5,0.5,0.5,0.5,0.5,0.5,0.5,2.5,1.5,2.5,1.5,8.5,2.5,8.5,8.5,1.5,2.5,1.5,2.5,0.5,0.5,0.5,0.5,0.5,0.5,0.5,0.5,0.5,0.5,0.5,0.5,
-59.86092758,78.22155762,195.3917847,1.5,2.5,0.5,0.5,0.5,0.5,0.5,0.5,2.5,1.5,1.5,2.5,1.5,2.5,2.5,1.5,2.5,1.5,2.5,1.5,0.5,0.5,1.5,2.5,0.5,0.5,0.5,0.5,1.5,2.5,1.5,2.5,0.5,0.5,0.5,0.5,0.5,0.5,0.5,0.5,1.5,2.5,0.5,0.5,0.5,0.5,0.5,0.5,0.5,0.5,0.5,0.5,1.5,2.5,0.5,0.5,0.5,0.5,0.5,0.5,0.5,0.5,0.5,0.5,0.5,0.5,0.5,0.5,0.5,0.5,0.5,0.5,2.5,1.5,1.5,2.5,0.5,0.5,0.5,0.5,0.5,0.5,0.5,0.5,8.5,2.5,1.5,2.5,1.5,2.5,1.5,2.5,1.5,2.5,2.5,2.5,
54.22813416,58.48770142,-156.1725922,1.5,2.5,0.5,0.5,1.5,2.5,0.5,0.5,2.5,1.5,2.5,1.5,1.5,2.5,2.5,1.5,2.5,1.5,2.5,1.5,0.5,0.5,1.5,2.5,0.5,0.5,0.5,0.5,1.5,2.5,2.5,1.5,2.5,1.5,8.5,2.5,1.5,2.5,1.5,2.5,0.5,0.5,0.5,0.5,0.5,0.5,0.5,0.5,0.5,0.5,0.5,0.5,0.5,0.5,0.5,0.5,0.5,0.5,0.5,0.5,0.5,0.5,0.5,0.5,0.5,0.5,0.5,0.5,0.5,0.5,0.5,0.5,0.5,0.5,0.5,0.5,0.5,0.5,0.5,0.5,0.5,0.5,0.5,0.5,0.5,0.5,0.5,0.5,0.5,0.5,0.5,0.5,0.5,0.5,0.5,0.5,
-55.99806213,-84.15542603,199.8968506,1.5,2.5,0.5,0.5,1.5,2.5,0.5,0.5,2.5,1.5,2.5,1.5,0.5,0.5,1.5,2.5,0.5,0.5,0.5,0.5,1.5,2.5,2.5,1.5,2.5,1.5,2.5,1.5,1.5,2.5,2.5,1.5,1.5,2.5,0.5,0.5,0.5,0.5,0.5,0.5,2.5,1.5,2.5,1.5,1.5,2.5,0.5,0.5,0.5,0.5,0.5,0.5,2.5,1.5,1.5,2.5,0.5,0.5,0.5,0.5,0.5,0.5,0.5,0.5,7.5,2.5,2.5,7.5,1.5,2.5,1.5,2.5,0.5,0.5,0.5,0.5,0.5,0.5,0.5,0.5,0.5,0.5,0.5,0.5,0.5,0.5,0.5,0.5,0.5,0.5,0.5,0.5,0.5,0.5,0.5,0.5,
38.08317566,-98.58211517,-176.0701752,1.5,2.5,0.5,0.5,0.5,0.5,0.5,0.5,2.5,1.5,1.5,2.5,1.5,2.5,2.5,1.5,2.5,1.5,2.5,1.5,0.5,0.5,1.5,2.5,0.5,0.5,0.5,0.5,1.5,2.5,1.5,2.5,0.5,0.5,0.5,0.5,0.5,0.5,0.5,0.5,1.5,2.5,0.5,0.5,0.5,0.5,0.5,0.5,0.5,0.5,0.5,0.5,1.5,2.5,0.5,0.5,0.5,0.5,0.5,0.5,0.5,0.5,0.5,0.5,0.5,0.5,0.5,0.5,0.5,0.5,0.5,0.5,1.5,2.5,0.5,0.5,8.5,2.5,8.5,3.5,1.5,2.5,1.5,2.5,0.5,0.5,0.5,0.5,0.5,0.5,0.5,0.5,0.5,0.5,0.5,0.5,
-78.5340271,-95.56864166,80.65203857,1.5,2.5,0.5,0.5,1.5,2.5,0.5,0.5,2.5,1.5,2.5,1.5,0.5,0.5,1.5,2.5,0.5,0.5,0.5,0.5,0.5,0.5,1.5,2.5,0.5,0.5,0.5,0.5,1.5,2.5,2.5,1.5,1.5,2.5,0.5,0.5,0.5,0.5,0.5,0.5,2.5,1.5,2.5,1.5,2.5,1.5,8.5,2.5,1.5,2.5,1.5,2.5,0.5,0.5,0.5,0.5,0.5,0.5,0.5,0.5,0.5,0.5,0.5,0.5,0.5,0.5,0.5,0.5,0.5,0.5,0.5,0.5,0.5,0.5,0.5,0.5,0.5,0.5,0.5,0.5,0.5,0.5,0.5,0.5,0.5,0.5,0.5,0.5,0.5,0.5,0.5,0.5,0.5,0.5,0.5,0.5,
-91.17500305,70.67936707,195.072052,1.5,2.5,0.5,0.5,0.5,0.5,0.5,0.5,2.5,1.5,1.5,2.5,1.5,2.5,2.5,1.5,2.5,1.5,2.5,1.5,0.5,0.5,1.5,2.5,0.5,0.5,0.5,0.5,1.5,2.5,1.5,2.5,0.5,0.5,0.5,0.5,0.5,0.5,0.5,0.5,1.5,2.5,0.5,0.5,0.5,0.5,0.5,0.5,0.5,0.5,0.5,0.5,1.5,2.5,0.5,0.5,0.5,0.5,0.5,0.5,0.5,0.5,0.5,0.5,0.5,0.5,0.5,0.5,0.5,0.5,0.5,0.5,2.5,1.5,1.5,2.5,0.5,0.5,0.5,0.5,0.5,0.5,0.5,0.5,8.5,2.5,1.5,2.5,1.5,2.5,1.5,2.5,1.5,2.5,7.5,2.5,
73.51039124,12.34781647,108.5605164,1.5,2.5,0.5,0.5,0.5,0.5,0.5,0.5,2.5,1.5,1.5,2.5,0.5,0.5,1.5,2.5,0.5,0.5,0.5,0.5,1.5,2.5,2.5,1.5,2.5,1.5,2.5,1.5,1.5,2.5,1.5,2.5,0.5,0.5,0.5,0.5,0.5,0.5,0.5,0.5,1.5,2.5,0.5,0.5,0.5,0.5,0.5,0.5,0.5,0.5,0.5,0.5,2.5,1.5,2.5,1.5,8.5,2.5,2.5,8.5,1.5,2.5,1.5,2.5,0.5,0.5,0.5,0.5,0.5,0.5,0.5,0.5,0.5,0.5,0.5,0.5,0.5,0.5,0.5,0.5,0.5,0.5,0.5,0.5,0.5,0.5,0.5,0.5,0.5,0.5,0.5,0.5,0.5,0.5,0.5,0.5,
-59.13910294,2.044425964,62.13348389,2.5,1.5,1.5,2.5,0.5,0.5,0.5,0.5,2.5,1.5,1.5,2.5,0.5,0.5,1.5,2.5,0.5,0.5,0.5,0.5,0.5,0.5,1.5,2.5,0.5,0.5,0.5,0.5,1.5,2.5,1.5,2.5,0.5,0.5,0.5,0.5,0.5,0.5,0.5,0.5,1.5,2.5,0.5,0.5,0.5,0.5,0.5,0.5,0.5,0.5,0.5,0.5,1.5,2.5,0.5,0.5,0.5,0.5,0.5,0.5,0.5,0.5,0.5,0.5,0.5,0.5,0.5,0.5,0.5,0.5,0.5,0.5,2.5,1.5,1.5,2.5,0.5,0.5,0.5,0.5,0.5,0.5,0.5,0.5,7.5,2.5,1.5,2.5,1.5,2.5,1.5,2.5,1.5,2.5,7.5,2.5,
-69.4889679,59.45191956,197.1816406,1.5,2.5,0.5,0.5,0.5,0.5,0.5,0.5,2.5,1.5,1.5,2.5,1.5,2.5,2.5,1.5,2.5,1.5,2.5,1.5,0.5,0.5,1.5,2.5,0.5,0.5,0.5,0.5,1.5,2.5,1.5,2.5,0.5,0.5,0.5,0.5,0.5,0.5,0.5,0.5,1.5,2.5,0.5,0.5,0.5,0.5,0.5,0.5,0.5,0.5,0.5,0.5,1.5,2.5,0.5,0.5,0.5,0.5,0.5,0.5,0.5,0.5,0.5,0.5,0.5,0.5,0.5,0.5,0.5,0.5,0.5,0.5,2.5,1.5,1.5,2.5,0.5,0.5,0.5,0.5,0.5,0.5,0.5,0.5,8.5,2.5,1.5,2.5,1.5,2.5,2.5,1.5,0.5,0.5,0.5,0.5,
41.34346008,-54.93378067,-37.70083618,1.5,2.5,0.5,0.5,0.5,0.5,0.5,0.5,2.5,1.5,1.5,2.5,0.5,0.5,1.5,2.5,0.5,0.5,0.5,0.5,0.5,0.5,1.5,2.5,0.5,0.5,0.5,0.5,1.5,2.5,1.5,2.5,0.5,0.5,0.5,0.5,0.5,0.5,0.5,0.5,1.5,2.5,0.5,0.5,0.5,0.5,0.5,0.5,0.5,0.5,0.5,0.5,1.5,2.5,0.5,0.5,0.5,0.5,0.5,0.5,0.5,0.5,0.5,0.5,0.5,0.5,0.5,0.5,0.5,0.5,0.5,0.5,2.5,1.5,2.5,1.5,8.5,2.5,8.5,4.5,1.5,2.5,1.5,2.5,0.5,0.5,0.5,0.5,0.5,0.5,0.5,0.5,0.5,0.5,0.5,0.5,
44.95376587,66.25941467,-178.4515533,1.5,2.5,0.5,0.5,1.5,2.5,0.5,0.5,2.5,1.5,2.5,1.5,1.5,2.5,2.5,1.5,2.5,1.5,2.5,1.5,0.5,0.5,1.5,2.5,0.5,0.5,0.5,0.5,1.5,2.5,2.5,1.5,2.5,1.5,8.5,2.5,1.5,2.5,1.5,2.5,0.5,0.5,0.5,0.5,0.5,0.5,0.5,0.5,0.5,0.5,0.5,0.5,0.5,0.5,0.5,0.5,0.5,0.5,0.5,0.5,0.5,0.5,0.5,0.5,0.5,0.5,0.5,0.5,0.5,0.5,0.5,0.5,0.5,0.5,0.5,0.5,0.5,0.5,0.5,0.5,0.5,0.5,0.5,0.5,0.5,0.5,0.5,0.5,0.5,0.5,0.5,0.5,0.5,0.5,0.5,0.5,
-23.7973175,83.77706909,-37.22531128,1.5,2.5,0.5,0.5,0.5,0.5,0.5,0.5,2.5,1.5,1.5,2.5,0.5,0.5,1.5,2.5,0.5,0.5,0.5,0.5,0.5,0.5,1.5,2.5,0.5,0.5,0.5,0.5,1.5,2.5,1.5,2.5,0.5,0.5,0.5,0.5,0.5,0.5,0.5,0.5,1.5,2.5,0.5,0.5,0.5,0.5,0.5,0.5,0.5,0.5,0.5,0.5,2.5,1.5,2.5,1.5,7.5,2.5,2.5,7.5,1.5,2.5,1.5,2.5,0.5,0.5,0.5,0.5,0.5,0.5,0.5,0.5,0.5,0.5,0.5,0.5,0.5,0.5,0.5,0.5,0.5,0.5,0.5,0.5,0.5,0.5,0.5,0.5,0.5,0.5,0.5,0.5,0.5,0.5,0.5,0.5,
-80.42649841,-12.31316376,152.7659912,1.5,2.5,0.5,0.5,0.5,0.5,0.5,0.5,2.5,1.5,1.5,2.5,1.5,2.5,2.5,1.5,2.5,1.5,2.5,1.5,0.5,0.5,1.5,2.5,0.5,0.5,0.5,0.5,1.5,2.5,1.5,2.5,0.5,0.5,0.5,0.5,0.5,0.5,0.5,0.5,1.5,2.5,0.5,0.5,0.5,0.5,0.5,0.5,0.5,0.5,0.5,0.5,1.5,2.5,0.5,0.5,0.5,0.5,0.5,0.5,0.5,0.5,0.5,0.5,0.5,0.5,0.5,0.5,0.5,0.5,0.5,0.5,1.5,2.5,0.5,0.5,8.5,2.5,6.5,8.5,1.5,2.5,1.5,2.5,0.5,0.5,0.5,0.5,0.5,0.5,0.5,0.5,0.5,0.5,0.5,0.5,
6.645965576,99.85639954,-183.1008759,1.5,2.5,0.5,0.5,1.5,2.5,0.5,0.5,2.5,1.5,2.5,1.5,1.5,2.5,2.5,1.5,2.5,1.5,2.5,1.5,0.5,0.5,1.5,2.5,0.5,0.5,0.5,0.5,1.5,2.5,2.5,1.5,2.5,1.5,5.5,2.5,1.5,2.5,1.5,2.5,0.5,0.5,0.5,0.5,0.5,0.5,0.5,0.5,0.5,0.5,0.5,0.5,0.5,0.5,0.5,0.5,0.5,0.5,0.5,0.5,0.5,0.5,0.5,0.5,0.5,0.5,0.5,0.5,0.5,0.5,0.5,0.5,0.5,0.5,0.5,0.5,0.5,0.5,0.5,0.5,0.5,0.5,0.5,0.5,0.5,0.5,0.5,0.5,0.5,0.5,0.5,0.5,0.5,0.5,0.5,0.5,
12.48728943,40.76098633,139.3677368,1.5,2.5,0.5,0.5,1.5,2.5,0.5,0.5,2.5,1.5,2.5,1.5,0.5,0.5,1.5,2.5,0.5,0.5,0.5,0.5,1.5,2.5,2.5,1.5,2.5,1.5,2.5,1.5,1.5,2.5,2.5,1.5,1.5,2.5,0.5,0.5,0.5,0.5,0.5,0.5,2.5,1.5,2.5,1.5,1.5,2.5,0.5,0.5,0.5,0.5,0.5,0.5,2.5,1.5,1.5,2.5,0.5,0.5,0.5,0.5,0.5,0.5,0.5,0.5,6.5,2.5,2.5,6.5,1.5,2.5,1.5,2.5,0.5,0.5,0.5,0.5,0.5,0.5,0.5,0.5,0.5,0.5,0.5,0.5,0.5,0.5,0.5,0.5,0.5,0.5,0.5,0.5,0.5,0.5,0.5,0.5,
44.03269958,97.62417603,-165.5804443,1.5,2.5,0.5,0.5,1.5,2.5,0.5,0.5,2.5,1.5,2.5,1.5,1.5,2.5,2.5,1.5,2.5,1.5,2.5,1.5,0.5,0.5,1.5,2.5,0.5,0.5,0.5,0.5,1.5,2.5,2.5,1.5,2.5,1.5,8.5,2.5,1.5,2.5,1.5,2.5,0.5,0.5,0.5,0.5,0.5,0.5,0.5,0.5,0.5,0.5,0.5,0.5,0.5,0.5,0.5,0.5,0.5,0.5,0.5,0.5,0.5,0.5,0.5,0.5,0.5,0.5,0.5,0.5,0.5,0.5,0.5,0.5,0.5,0.5,0.5,0.5,0.5,0.5,0.5,0.5,0.5,0.5,0.5,0.5,0.5,0.5,0.5,0.5,0.5,0.5,0.5,0.5,0.5,0.5,0.5,0.5,
98.01856995,98.76785278,-123.6025314,1.5,2.5,0.5,0.5,1.5,2.5,0.5,0.5,2.5,1.5,2.5,1.5,1.5,2.5,2.5,1.5,2.5,1.5,1.5,2.5,0.5,0.5,1.5,2.5,0.5,0.5,0.5,0.5,2.5,1.5,0.5,0.5,0.5,0.5,0.5,0.5,0.5,0.5,0.5,0.5,0.5,0.5,0.5,0.5,0.5,0.5,0.5,0.5,0.5,0.5,0.5,0.5,0.5,0.5,0.5,0.5,0.5,0.5,0.5,0.5,0.5,0.5,0.5,0.5,0.5,0.5,0.5,0.5,0.5,0.5,0.5,0.5,0.5,0.5,0.5,0.5,0.5,0.5,0.5,0.5,0.5,0.5,0.5,0.5,0.5,0.5,0.5,0.5,0.5,0.5,0.5,0.5,0.5,0.5,0.5,0.5,
36.19943237,96.18721008,195.3893433,1.5,2.5,0.5,0.5,1.5,2.5,0.5,0.5,2.5,1.5,2.5,1.5,0.5,0.5,1.5,2.5,0.5,0.5,0.5,0.5,1.5,2.5,2.5,1.5,2.5,1.5,2.5,1.5,1.5,2.5,2.5,1.5,1.5,2.5,0.5,0.5,0.5,0.5,0.5,0.5,2.5,1.5,2.5,1.5,1.5,2.5,0.5,0.5,0.5,0.5,0.5,0.5,2.5,1.5,1.5,2.5,0.5,0.5,0.5,0.5,0.5,0.5,0.5,0.5,8.5,2.5,2.5,8.5,1.5,2.5,1.5,2.5,0.5,0.5,0.5,0.5,0.5,0.5,0.5,0.5,0.5,0.5,0.5,0.5,0.5,0.5,0.5,0.5,0.5,0.5,0.5,0.5,0.5,0.5,0.5,0.5,
-65.24572754,93.2013092,182.5618591,1.5,2.5,0.5,0.5,0.5,0.5,0.5,0.5,2.5,1.5,1.5,2.5,1.5,2.5,2.5,1.5,2.5,1.5,2.5,1.5,0.5,0.5,1.5,2.5,0.5,0.5,0.5,0.5,1.5,2.5,1.5,2.5,0.5,0.5,0.5,0.5,0.5,0.5,0.5,0.5,1.5,2.5,0.5,0.5,0.5,0.5,0.5,0.5,0.5,0.5,0.5,0.5,1.5,2.5,0.5,0.5,0.5,0.5,0.5,0.5,0.5,0.5,0.5,0.5,0.5,0.5,0.5,0.5,0.5,0.5,0.5,0.5,2.5,1.5,1.5,2.5,0.5,0.5,0.5,0.5,0.5,0.5,0.5,0.5,8.5,2.5,1.5,2.5,1.5,2.5,1.5,2.5,1.5,2.5,7.5,2.5,
26.40946198,87.62942505,-50.1496582,1.5,2.5,0.5,0.5,1.5,2.5,0.5,0.5,2.5,1.5,2.5,1.5,0.5,0.5,1.5,2.5,0.5,0.5,0.5,0.5,0.5,0.5,1.5,2.5,0.5,0.5,0.5,0.5,1.5,2.5,2.5,1.5,2.5,1.5,7.5,2.5,1.5,2.5,1.5,2.5,0.5,0.5,0.5,0.5,0.5,0.5,0.5,0.5,0.5,0.5,0.5,0.5,0.5,0.5,0.5,0.5,0.5,0.5,0.5,0.5,0.5,0.5,0.5,0.5,0.5,0.5,0.5,0.5,0.5,0.5,0.5,0.5,0.5,0.5,0.5,0.5,0.5,0.5,0.5,0.5,0.5,0.5,0.5,0.5,0.5,0.5,0.5,0.5,0.5,0.5,0.5,0.5,0.5,0.5,0.5,0.5,
90.48123169,98.52781677,-109.1704102,1.5,2.5,0.5,0.5,1.5,2.5,0.5,0.5,2.5,1.5,2.5,1.5,1.5,2.5,2.5,1.5,2.5,1.5,2.5,1.5,0.5,0.5,1.5,2.5,0.5,0.5,0.5,0.5,1.5,2.5,2.5,1.5,2.5,1.5,8.5,2.5,1.5,2.5,1.5,2.5,0.5,0.5,0.5,0.5,0.5,0.5,0.5,0.5,0.5,0.5,0.5,0.5,0.5,0.5,0.5,0.5,0.5,0.5,0.5,0.5,0.5,0.5,0.5,0.5,0.5,0.5,0.5,0.5,0.5,0.5,0.5,0.5,0.5,0.5,0.5,0.5,0.5,0.5,0.5,0.5,0.5,0.5,0.5,0.5,0.5,0.5,0.5,0.5,0.5,0.5,0.5,0.5,0.5,0.5,0.5,0.5,
26.06156158,56.63656616,46.67437744,1.5,2.5,0.5,0.5,1.5,2.5,0.5,0.5,2.5,1.5,2.5,1.5,0.5,0.5,1.5,2.5,0.5,0.5,0.5,0.5,0.5,0.5,1.5,2.5,0.5,0.5,0.5,0.5,1.5,2.5,2.5,1.5,1.5,2.5,0.5,0.5,0.5,0.5,0.5,0.5,2.5,1.5,2.5,1.5,2.5,1.5,7.5,2.5,1.5,2.5,1.5,2.5,0.5,0.5,0.5,0.5,0.5,0.5,0.5,0.5,0.5,0.5,0.5,0.5,0.5,0.5,0.5,0.5,0.5,0.5,0.5,0.5,0.5,0.5,0.5,0.5,0.5,0.5,0.5,0.5,0.5,0.5,0.5,0.5,0.5,0.5,0.5,0.5,0.5,0.5,0.5,0.5,0.5,0.5,0.5,0.5,
-22.29359436,76.90509033,-59.13679504,1.5,2.5,0.5,0.5,0.5,0.5,0.5,0.5,2.5,1.5,1.5,2.5,0.5,0.5,1.5,2.5,0.5,0.5,0.5,0.5,0.5,0.5,1.5,2.5,0.5,0.5,0.5,0.5,1.5,2.5,1.5,2.5,0.5,0.5,0.5,0.5,0.5,0.5,0.5,0.5,1.5,2.5,0.5,0.5,0.5,0.5,0.5,0.5,0.5,0.5,0.5,0.5,2.5,1.5,2.5,1.5,7.5,2.5,2.5,7.5,1.5,2.5,1.5,2.5,0.5,0.5,0.5,0.5,0.5,0.5,0.5,0.5,0.5,0.5,0.5,0.5,0.5,0.5,0.5,0.5,0.5,0.5,0.5,0.5,0.5,0.5,0.5,0.5,0.5,0.5,0.5,0.5,0.5,0.5,0.5,0.5,
55.26704407,83.85179138,-175.769455,1.5,2.5,0.5,0.5,1.5,2.5,0.5,0.5,2.5,1.5,2.5,1.5,1.5,2.5,2.5,1.5,2.5,1.5,2.5,1.5,0.5,0.5,1.5,2.5,0.5,0.5,0.5,0.5,1.5,2.5,2.5,1.5,2.5,1.5,8.5,2.5,1.5,2.5,1.5,2.5,0.5,0.5,0.5,0.5,0.5,0.5,0.5,0.5,0.5,0.5,0.5,0.5,0.5,0.5,0.5,0.5,0.5,0.5,0.5,0.5,0.5,0.5,0.5,0.5,0.5,0.5,0.5,0.5,0.5,0.5,0.5,0.5,0.5,0.5,0.5,0.5,0.5,0.5,0.5,0.5,0.5,0.5,0.5,0.5,0.5,0.5,0.5,0.5,0.5,0.5,0.5,0.5,0.5,0.5,0.5,0.5,
-93.22424316,21.41766357,86.18994141,1.5,2.5,0.5,0.5,0.5,0.5,0.5,0.5,2.5,1.5,1.5,2.5,0.5,0.5,1.5,2.5,0.5,0.5,0.5,0.5,0.5,0.5,1.5,2.5,0.5,0.5,0.5,0.5,1.5,2.5,1.5,2.5,0.5,0.5,0.5,0.5,0.5,0.5,0.5,0.5,1.5,2.5,0.5,0.5,0.5,0.5,0.5,0.5,0.5,0.5,0.5,0.5,1.5,2.5,0.5,0.5,0.5,0.5,0.5,0.5,0.5,0.5,0.5,0.5,0.5,0.5,0.5,0.5,0.5,0.5,0.5,0.5,2.5,1.5,2.5,1.5,8.5,2.5,8.5,8.5,1.5,2.5,1.5,2.5,0.5,0.5,0.5,0.5,0.5,0.5,0.5,0.5,0.5,0.5,0.5,0.5,
26.92809296,46.62294006,103.4262085,1.5,2.5,0.5,0.5,1.5,2.5,0.5,0.5,2.5,1.5,2.5,1.5,0.5,0.5,1.5,2.5,0.5,0.5,0.5,0.5,1.5,2.5,2.5,1.5,2.5,1.5,2.5,1.5,1.5,2.5,2.5,1.5,1.5,2.5,0.5,0.5,0.5,0.5,0.5,0.5,2.5,1.5,2.5,1.5,1.5,2.5,0.5,0.5,0.5,0.5,0.5,0.5,2.5,1.5,1.5,2.5,0.5,0.5,0.5,0.5,0.5,0.5,0.5,0.5,7.5,2.5,2.5,7.5,1.5,2.5,1.5,2.5,0.5,0.5,0.5,0.5,0.5,0.5,0.5,0.5,0.5,0.5,0.5,0.5,0.5,0.5,0.5,0.5,0.5,0.5,0.5,0.5,0.5,0.5,0.5,0.5,
87.32165527,65.47727966,38.90557861,1.5,2.5,0.5,0.5,0.5,0.5,0.5,0.5,2.5,1.5,1.5,2.5,0.5,0.5,1.5,2.5,0.5,0.5,0.5,0.5,0.5,0.5,1.5,2.5,0.5,0.5,0.5,0.5,1.5,2.5,1.5,2.5,0.5,0.5,0.5,0.5,0.5,0.5,0.5,0.5,1.5,2.5,0.5,0.5,0.5,0.5,0.5,0.5,0.5,0.5,0.5,0.5,2.5,1.5,2.5,1.5,7.5,2.5,2.5,7.5,1.5,2.5,1.5,2.5,0.5,0.5,0.5,0.5,0.5,0.5,0.5,0.5,0.5,0.5,0.5,0.5,0.5,0.5,0.5,0.5,0.5,0.5,0.5,0.5,0.5,0.5,0.5,0.5,0.5,0.5,0.5,0.5,0.5,0.5,0.5,0.5,
98.85365295,95.91125488,-38.4044342,1.5,2.5,0.5,0.5,0.5,0.5,0.5,0.5,2.5,1.5,1.5,2.5,0.5,0.5,1.5,2.5,0.5,0.5,0.5,0.5,0.5,0.5,1.5,2.5,0.5,0.5,0.5,0.5,1.5,2.5,1.5,2.5,0.5,0.5,0.5,0.5,0.5,0.5,0.5,0.5,1.5,2.5,0.5,0.5,0.5,0.5,0.5,0.5,0.5,0.5,0.5,0.5,1.5,2.5,0.5,0.5,0.5,0.5,0.5,0.5,0.5,0.5,0.5,0.5,0.5,0.5,0.5,0.5,0.5,0.5,0.5,0.5,2.5,1.5,2.5,1.5,3.5,2.5,3.5,1.5,1.5,2.5,1.5,2.5,0.5,0.5,0.5,0.5,0.5,0.5,0.5,0.5,0.5,0.5,0.5,0.5,
-29.5173111,86.93240356,185.1166687,1.5,2.5,0.5,0.5,0.5,0.5,0.5,0.5,2.5,1.5,1.5,2.5,1.5,2.5,2.5,1.5,2.5,1.5,2.5,1.5,0.5,0.5,1.5,2.5,0.5,0.5,0.5,0.5,1.5,2.5,1.5,2.5,0.5,0.5,0.5,0.5,0.5,0.5,0.5,0.5,1.5,2.5,0.5,0.5,0.5,0.5,0.5,0.5,0.5,0.5,0.5,0.5,1.5,2.5,0.5,0.5,0.5,0.5,0.5,0.5,0.5,0.5,0.5,0.5,0.5,0.5,0.5,0.5,0.5,0.5,0.5,0.5,1.5,2.5,0.5,0.5,7.5,2.5,7.5,6.5,1.5,2.5,1.5,2.5,0.5,0.5,0.5,0.5,0.5,0.5,0.5,0.5,0.5,0.5,0.5,0.5,
-73.47186279,-94.42110443,187.7671204,1.5,2.5,0.5,0.5,1.5,2.5,0.5,0.5,2.5,1.5,2.5,1.5,0.5,0.5,1.5,2.5,0.5,0.5,0.5,0.5,1.5,2.5,2.5,1.5,2.5,1.5,2.5,1.5,1.5,2.5,2.5,1.5,1.5,2.5,0.5,0.5,0.5,0.5,0.5,0.5,2.5,1.5,2.5,1.5,1.5,2.5,0.5,0.5,0.5,0.5,0.5,0.5,2.5,1.5,1.5,2.5,0.5,0.5,0.5,0.5,0.5,0.5,0.5,0.5,7.5,2.5,2.5,7.5,1.5,2.5,1.5,2.5,0.5,0.5,0.5,0.5,0.5,0.5,0.5,0.5,0.5,0.5,0.5,0.5,0.5,0.5,0.5,0.5,0.5,0.5,0.5,0.5,0.5,0.5,0.5,0.5,
-82.68688202,82.68942261,162.2870789,1.5,2.5,0.5,0.5,0.5,0.5,0.5,0.5,2.5,1.5,1.5,2.5,1.5,2.5,2.5,1.5,2.5,1.5,2.5,1.5,0.5,0.5,1.5,2.5,0.5,0.5,0.5,0.5,1.5,2.5,1.5,2.5,0.5,0.5,0.5,0.5,0.5,0.5,0.5,0.5,1.5,2.5,0.5,0.5,0.5,0.5,0.5,0.5,0.5,0.5,0.5,0.5,1.5,2.5,0.5,0.5,0.5,0.5,0.5,0.5,0.5,0.5,0.5,0.5,0.5,0.5,0.5,0.5,0.5,0.5,0.5,0.5,2.5,1.5,2.5,1.5,8.5,2.5,8.5,7.5,1.5,2.5,1.5,2.5,0.5,0.5,0.5,0.5,0.5,0.5,0.5,0.5,0.5,0.5,0.5,0.5,
-95.38718414,16.24446106,196.9542542,1.5,2.5,0.5,0.5,0.5,0.5,0.5,0.5,2.5,1.5,1.5,2.5,1.5,2.5,2.5,1.5,2.5,1.5,2.5,1.5,0.5,0.5,1.5,2.5,0.5,0.5,0.5,0.5,1.5,2.5,1.5,2.5,0.5,0.5,0.5,0.5,0.5,0.5,0.5,0.5,1.5,2.5,0.5,0.5,0.5,0.5,0.5,0.5,0.5,0.5,0.5,0.5,1.5,2.5,0.5,0.5,0.5,0.5,0.5,0.5,0.5,0.5,0.5,0.5,0.5,0.5,0.5,0.5,0.5,0.5,0.5,0.5,2.5,1.5,1.5,2.5,0.5,0.5,0.5,0.5,0.5,0.5,0.5,0.5,8.5,2.5,1.5,2.5,1.5,2.5,1.5,2.5,1.5,2.5,5.5,2.5,
96.09368896,66.13908386,-23.5977478,1.5,2.5,0.5,0.5,0.5,0.5,0.5,0.5,2.5,1.5,1.5,2.5,0.5,0.5,1.5,2.5,0.5,0.5,0.5,0.5,0.5,0.5,1.5,2.5,0.5,0.5,0.5,0.5,1.5,2.5,1.5,2.5,0.5,0.5,0.5,0.5,0.5,0.5,0.5,0.5,1.5,2.5,0.5,0.5,0.5,0.5,0.5,0.5,0.5,0.5,0.5,0.5,1.5,2.5,0.5,0.5,0.5,0.5,0.5,0.5,0.5,0.5,0.5,0.5,0.5,0.5,0.5,0.5,0.5,0.5,0.5,0.5,2.5,1.5,2.5,1.5,7.5,2.5,7.5,1.5,1.5,2.5,1.5,2.5,0.5,0.5,0.5,0.5,0.5,0.5,0.5,0.5,0.5,0.5,0.5,0.5,
-18.3351593,51.81391907,49.36399841,1.5,2.5,0.5,0.5,0.5,0.5,0.5,0.5,2.5,1.5,1.5,2.5,0.5,0.5,1.5,2.5,0.5,0.5,0.5,0.5,0.5,0.5,1.5,2.5,0.5,0.5,0.5,0.5,1.5,2.5,1.5,2.5,0.5,0.5,0.5,0.5,0.5,0.5,0.5,0.5,1.5,2.5,0.5,0.5,0.5,0.5,0.5,0.5,0.5,0.5,0.5,0.5,1.5,2.5,0.5,0.5,0.5,0.5,0.5,0.5,0.5,0.5,0.5,0.5,0.5,0.5,0.5,0.5,0.5,0.5,0.5,0.5,2.5,1.5,2.5,1.5,7.5,2.5,7.5,2.5,1.5,2.5,1.5,2.5,0.5,0.5,0.5,0.5,0.5,0.5,0.5,0.5,0.5,0.5,0.5,0.5,
84.14212036,98.56422424,-87.44225311,1.5,2.5,0.5,0.5,1.5,2.5,0.5,0.5,2.5,1.5,2.5,1.5,0.5,0.5,1.5,2.5,0.5,0.5,0.5,0.5,0.5,0.5,1.5,2.5,0.5,0.5,0.5,0.5,1.5,2.5,2.5,1.5,2.5,1.5,8.5,2.5,1.5,2.5,1.5,2.5,0.5,0.5,0.5,0.5,0.5,0.5,0.5,0.5,0.5,0.5,0.5,0.5,0.5,0.5,0.5,0.5,0.5,0.5,0.5,0.5,0.5,0.5,0.5,0.5,0.5,0.5,0.5,0.5,0.5,0.5,0.5,0.5,0.5,0.5,0.5,0.5,0.5,0.5,0.5,0.5,0.5,0.5,0.5,0.5,0.5,0.5,0.5,0.5,0.5,0.5,0.5,0.5,0.5,0.5,0.5,0.5,
-93.4889679,69.76499939,195.4693909,1.5,2.5,0.5,0.5,0.5,0.5,0.5,0.5,2.5,1.5,1.5,2.5,1.5,2.5,2.5,1.5,2.5,1.5,2.5,1.5,0.5,0.5,1.5,2.5,0.5,0.5,0.5,0.5,1.5,2.5,1.5,2.5,0.5,0.5,0.5,0.5,0.5,0.5,0.5,0.5,1.5,2.5,0.5,0.5,0.5,0.5,0.5,0.5,0.5,0.5,0.5,0.5,1.5,2.5,0.5,0.5,0.5,0.5,0.5,0.5,0.5,0.5,0.5,0.5,0.5,0.5,0.5,0.5,0.5,0.5,0.5,0.5,2.5,1.5,1.5,2.5,0.5,0.5,0.5,0.5,0.5,0.5,0.5,0.5,8.5,2.5,1.5,2.5,1.5,2.5,1.5,2.5,1.5,2.5,7.5,2.5,
-65.81230927,92.12927246,128.7912292,1.5,2.5,0.5,0.5,0.5,0.5,0.5,0.5,2.5,1.5,1.5,2.5,1.5,2.5,2.5,1.5,2.5,1.5,2.5,1.5,0.5,0.5,1.5,2.5,0.5,0.5,0.5,0.5,1.5,2.5,1.5,2.5,0.5,0.5,0.5,0.5,0.5,0.5,0.5,0.5,1.5,2.5,0.5,0.5,0.5,0.5,0.5,0.5,0.5,0.5,0.5,0.5,1.5,2.5,0.5,0.5,0.5,0.5,0.5,0.5,0.5,0.5,0.5,0.5,0.5,0.5,0.5,0.5,0.5,0.5,0.5,0.5,2.5,1.5,2.5,1.5,8.5,2.5,8.5,5.5,1.5,2.5,1.5,2.5,0.5,0.5,0.5,0.5,0.5,0.5,0.5,0.5,0.5,0.5,0.5,0.5,
28.82691956,70.69960022,-178.2660675,1.5,2.5,0.5,0.5,1.5,2.5,0.5,0.5,2.5,1.5,2.5,1.5,1.5,2.5,2.5,1.5,2.5,1.5,2.5,1.5,0.5,0.5,1.5,2.5,0.5,0.5,0.5,0.5,1.5,2.5,2.5,1.5,2.5,1.5,7.5,2.5,1.5,2.5,1.5,2.5,0.5,0.5,0.5,0.5,0.5,0.5,0.5,0.5,0.5,0.5,0.5,0.5,0.5,0.5,0.5,0.5,0.5,0.5,0.5,0.5,0.5,0.5,0.5,0.5,0.5,0.5,0.5,0.5,0.5,0.5,0.5,0.5,0.5,0.5,0.5,0.5,0.5,0.5,0.5,0.5,0.5,0.5,0.5,0.5,0.5,0.5,0.5,0.5,0.5,0.5,0.5,0.5,0.5,0.5,0.5,0.5,
-40.94306183,98.89102173,37.0967865,1.5,2.5,0.5,0.5,0.5,0.5,0.5,0.5,2.5,1.5,1.5,2.5,0.5,0.5,1.5,2.5,0.5,0.5,0.5,0.5,0.5,0.5,1.5,2.5,0.5,0.5,0.5,0.5,1.5,2.5,1.5,2.5,0.5,0.5,0.5,0.5,0.5,0.5,0.5,0.5,1.5,2.5,0.5,0.5,0.5,0.5,0.5,0.5,0.5,0.5,0.5,0.5,1.5,2.5,0.5,0.5,0.5,0.5,0.5,0.5,0.5,0.5,0.5,0.5,0.5,0.5,0.5,0.5,0.5,0.5,0.5,0.5,2.5,1.5,2.5,1.5,8.5,2.5,8.5,1.5,1.5,2.5,1.5,2.5,0.5,0.5,0.5,0.5,0.5,0.5,0.5,0.5,0.5,0.5,0.5,0.5,
-34.02236176,99.60011292,-69.25260925,1.5,2.5,0.5,0.5,0.5,0.5,0.5,0.5,2.5,1.5,1.5,2.5,0.5,0.5,1.5,2.5,0.5,0.5,0.5,0.5,0.5,0.5,1.5,2.5,0.5,0.5,0.5,0.5,1.5,2.5,1.5,2.5,0.5,0.5,0.5,0.5,0.5,0.5,0.5,0.5,1.5,2.5,0.5,0.5,0.5,0.5,0.5,0.5,0.5,0.5,0.5,0.5,2.5,1.5,2.5,1.5,8.5,2.5,2.5,8.5,1.5,2.5,1.5,2.5,0.5,0.5,0.5,0.5,0.5,0.5,0.5,0.5,0.5,0.5,0.5,0.5,0.5,0.5,0.5,0.5,0.5,0.5,0.5,0.5,0.5,0.5,0.5,0.5,0.5,0.5,0.5,0.5,0.5,0.5,0.5,0.5,
72.02511597,99.60697937,146.8046265,1.5,2.5,0.5,0.5,1.5,2.5,0.5,0.5,2.5,1.5,2.5,1.5,0.5,0.5,1.5,2.5,0.5,0.5,0.5,0.5,1.5,2.5,2.5,1.5,2.5,1.5,2.5,1.5,1.5,2.5,2.5,1.5,1.5,2.5,0.5,0.5,0.5,0.5,0.5,0.5,2.5,1.5,2.5,1.5,1.5,2.5,0.5,0.5,0.5,0.5,0.5,0.5,2.5,1.5,1.5,2.5,0.5,0.5,0.5,0.5,0.5,0.5,0.5,0.5,8.5,2.5,2.5,8.5,1.5,2.5,1.5,2.5,0.5,0.5,0.5,0.5,0.5,0.5,0.5,0.5,0.5,0.5,0.5,0.5,0.5,0.5,0.5,0.5,0.5,0.5,0.5,0.5,0.5,0.5,0.5,0.5,
-61.93325043,87.56451416,186.2380066,1.5,2.5,0.5,0.5,0.5,0.5,0.5,0.5,2.5,1.5,1.5,2.5,1.5,2.5,2.5,1.5,2.5,1.5,2.5,1.5,0.5,0.5,1.5,2.5,0.5,0.5,0.5,0.5,1.5,2.5,1.5,2.5,0.5,0.5,0.5,0.5,0.5,0.5,0.5,0.5,1.5,2.5,0.5,0.5,0.5,0.5,0.5,0.5,0.5,0.5,0.5,0.5,1.5,2.5,0.5,0.5,0.5,0.5,0.5,0.5,0.5,0.5,0.5,0.5,0.5,0.5,0.5,0.5,0.5,0.5,0.5,0.5,2.5,1.5,1.5,2.5,0.5,0.5,0.5,0.5,0.5,0.5,0.5,0.5,8.5,2.5,1.5,2.5,1.5,2.5,1.5,2.5,1.5,2.5,6.5,2.5,
89.14851379,85.83570862,14.37908936,1.5,2.5,0.5,0.5,0.5,0.5,0.5,0.5,2.5,1.5,1.5,2.5,0.5,0.5,1.5,2.5,0.5,0.5,0.5,0.5,0.5,0.5,1.5,2.5,0.5,0.5,0.5,0.5,1.5,2.5,1.5,2.5,0.5,0.5,0.5,0.5,0.5,0.5,0.5,0.5,1.5,2.5,0.5,0.5,0.5,0.5,0.5,0.5,0.5,0.5,0.5,0.5,2.5,1.5,2.5,1.5,4.5,2.5,2.5,3.5,1.5,2.5,1.5,2.5,0.5,0.5,0.5,0.5,0.5,0.5,0.5,0.5,0.5,0.5,0.5,0.5,0.5,0.5,0.5,0.5,0.5,0.5,0.5,0.5,0.5,0.5,0.5,0.5,0.5,0.5,0.5,0.5,0.5,0.5,0.5,0.5,
96.66392517,99.20095825,-190.9001007,1.5,2.5,0.5,0.5,1.5,2.5,0.5,0.5,2.5,1.5,2.5,1.5,1.5,2.5,2.5,1.5,2.5,1.5,2.5,1.5,0.5,0.5,1.5,2.5,0.5,0.5,0.5,0.5,1.5,2.5,2.5,1.5,2.5,1.5,8.5,2.5,1.5,2.5,1.5,2.5,0.5,0.5,0.5,0.5,0.5,0.5,0.5,0.5,0.5,0.5,0.5,0.5,0.5,0.5,0.5,0.5,0.5,0.5,0.5,0.5,0.5,0.5,0.5,0.5,0.5,0.5,0.5,0.5,0.5,0.5,0.5,0.5,0.5,0.5,0.5,0.5,0.5,0.5,0.5,0.5,0.5,0.5,0.5,0.5,0.5,0.5,0.5,0.5,0.5,0.5,0.5,0.5,0.5,0.5,0.5,0.5,
-99.46720886,96.46636963,74.65267944,1.5,2.5,0.5,0.5,0.5,0.5,0.5,0.5,2.5,1.5,1.5,2.5,0.5,0.5,1.5,2.5,0.5,0.5,0.5,0.5,0.5,0.5,1.5,2.5,0.5,0.5,0.5,0.5,1.5,2.5,1.5,2.5,0.5,0.5,0.5,0.5,0.5,0.5,0.5,0.5,1.5,2.5,0.5,0.5,0.5,0.5,0.5,0.5,0.5,0.5,0.5,0.5,1.5,2.5,0.5,0.5,0.5,0.5,0.5,0.5,0.5,0.5,0.5,0.5,0.5,0.5,0.5,0.5,0.5,0.5,0.5,0.5,2.5,1.5,2.5,1.5,8.5,2.5,8.5,5.5,1.5,2.5,1.5,2.5,0.5,0.5,0.5,0.5,0.5,0.5,0.5,0.5,0.5,0.5,0.5,0.5,
15.40338898,87.1362915,137.4234314,1.5,2.5,0.5,0.5,1.5,2.5,0.5,0.5,2.5,1.5,2.5,1.5,0.5,0.5,1.5,2.5,0.5,0.5,0.5,0.5,1.5,2.5,2.5,1.5,2.5,1.5,2.5,1.5,1.5,2.5,2.5,1.5,1.5,2.5,0.5,0.5,0.5,0.5,0.5,0.5,2.5,1.5,2.5,1.5,1.5,2.5,0.5,0.5,0.5,0.5,0.5,0.5,2.5,1.5,1.5,2.5,0.5,0.5,0.5,0.5,0.5,0.5,0.5,0.5,6.5,2.5,2.5,6.5,1.5,2.5,1.5,2.5,0.5,0.5,0.5,0.5,0.5,0.5,0.5,0.5,0.5,0.5,0.5,0.5,0.5,0.5,0.5,0.5,0.5,0.5,0.5,0.5,0.5,0.5,0.5,0.5,
-12.53310394,91.58905029,-39.5221405,1.5,2.5,0.5,0.5,0.5,0.5,0.5,0.5,2.5,1.5,1.5,2.5,0.5,0.5,1.5,2.5,0.5,0.5,0.5,0.5,0.5,0.5,1.5,2.5,0.5,0.5,0.5,0.5,1.5,2.5,1.5,2.5,0.5,0.5,0.5,0.5,0.5,0.5,0.5,0.5,1.5,2.5,0.5,0.5,0.5,0.5,0.5,0.5,0.5,0.5,0.5,0.5,2.5,1.5,2.5,1.5,6.5,2.5,2.5,6.5,1.5,2.5,1.5,2.5,0.5,0.5,0.5,0.5,0.5,0.5,0.5,0.5,0.5,0.5,0.5,0.5,0.5,0.5,0.5,0.5,0.5,0.5,0.5,0.5,0.5,0.5,0.5,0.5,0.5,0.5,0.5,0.5,0.5,0.5,0.5,0.5,
44.1572113,98.69676208,-91.72897339,1.5,2.5,0.5,0.5,1.5,2.5,0.5,0.5,2.5,1.5,2.5,1.5,0.5,0.5,1.5,2.5,0.5,0.5,0.5,0.5,0.5,0.5,1.5,2.5,0.5,0.5,0.5,0.5,1.5,2.5,2.5,1.5,2.5,1.5,8.5,2.5,1.5,2.5,1.5,2.5,0.5,0.5,0.5,0.5,0.5,0.5,0.5,0.5,0.5,0.5,0.5,0.5,0.5,0.5,0.5,0.5,0.5,0.5,0.5,0.5,0.5,0.5,0.5,0.5,0.5,0.5,0.5,0.5,0.5,0.5,0.5,0.5,0.5,0.5,0.5,0.5,0.5,0.5,0.5,0.5,0.5,0.5,0.5,0.5,0.5,0.5,0.5,0.5,0.5,0.5,0.5,0.5,0.5,0.5,0.5,0.5,
45.87879944,51.61654663,-67.67205811,1.5,2.5,0.5,0.5,1.5,2.5,0.5,0.5,2.5,1.5,2.5,1.5,0.5,0.5,1.5,2.5,0.5,0.5,0.5,0.5,0.5,0.5,1.5,2.5,0.5,0.5,0.5,0.5,1.5,2.5,2.5,1.5,2.5,1.5,8.5,2.5,1.5,2.5,1.5,2.5,0.5,0.5,0.5,0.5,0.5,0.5,0.5,0.5,0.5,0.5,0.5,0.5,0.5,0.5,0.5,0.5,0.5,0.5,0.5,0.5,0.5,0.5,0.5,0.5,0.5,0.5,0.5,0.5,0.5,0.5,0.5,0.5,0.5,0.5,0.5,0.5,0.5,0.5,0.5,0.5,0.5,0.5,0.5,0.5,0.5,0.5,0.5,0.5,0.5,0.5,0.5,0.5,0.5,0.5,0.5,0.5,
26.56674194,88.80581665,118.8005981,1.5,2.5,0.5,0.5,1.5,2.5,0.5,0.5,2.5,1.5,2.5,1.5,0.5,0.5,1.5,2.5,0.5,0.5,0.5,0.5,1.5,2.5,2.5,1.5,2.5,1.5,2.5,1.5,1.5,2.5,2.5,1.5,1.5,2.5,0.5,0.5,0.5,0.5,0.5,0.5,2.5,1.5,2.5,1.5,1.5,2.5,0.5,0.5,0.5,0.5,0.5,0.5,2.5,1.5,1.5,2.5,0.5,0.5,0.5,0.5,0.5,0.5,0.5,0.5,7.5,2.5,2.5,7.5,1.5,2.5,1.5,2.5,0.5,0.5,0.5,0.5,0.5,0.5,0.5,0.5,0.5,0.5,0.5,0.5,0.5,0.5,0.5,0.5,0.5,0.5,0.5,0.5,0.5,0.5,0.5,0.5,
61.35235596,42.94284058,-6.571548462,1.5,2.5,0.5,0.5,0.5,0.5,0.5,0.5,2.5,1.5,1.5,2.5,0.5,0.5,1.5,2.5,0.5,0.5,0.5,0.5,0.5,0.5,1.5,2.5,0.5,0.5,0.5,0.5,1.5,2.5,1.5,2.5,0.5,0.5,0.5,0.5,0.5,0.5,0.5,0.5,1.5,2.5,0.5,0.5,0.5,0.5,0.5,0.5,0.5,0.5,0.5,0.5,1.5,2.5,0.5,0.5,0.5,0.5,0.5,0.5,0.5,0.5,0.5,0.5,0.5,0.5,0.5,0.5,0.5,0.5,0.5,0.5,2.5,1.5,2.5,1.5,7.5,2.5,7.5,1.5,1.5,2.5,1.5,2.5,0.5,0.5,0.5,0.5,0.5,0.5,0.5,0.5,0.5,0.5,0.5,0.5,
-20.81220245,86.09487915,187.894043,1.5,2.5,0.5,0.5,0.5,0.5,0.5,0.5,2.5,1.5,1.5,2.5,1.5,2.5,2.5,1.5,2.5,1.5,2.5,1.5,0.5,0.5,1.5,2.5,0.5,0.5,0.5,0.5,1.5,2.5,1.5,2.5,0.5,0.5,0.5,0.5,0.5,0.5,0.5,0.5,1.5,2.5,0.5,0.5,0.5,0.5,0.5,0.5,0.5,0.5,0.5,0.5,1.5,2.5,0.5,0.5,0.5,0.5,0.5,0.5,0.5,0.5,0.5,0.5,0.5,0.5,0.5,0.5,0.5,0.5,0.5,0.5,1.5,2.5,0.5,0.5,7.5,2.5,7.5,4.5,1.5,2.5,1.5,2.5,0.5,0.5,0.5,0.5,0.5,0.5,0.5,0.5,0.5,0.5,0.5,0.5,
-72.90483093,90.80934143,-187.8042603,1.5,2.5,0.5,0.5,0.5,0.5,0.5,0.5,2.5,1.5,1.5,2.5,0.5,0.5,1.5,2.5,0.5,0.5,0.5,0.5,1.5,2.5,2.5,1.5,2.5,1.5,2.5,1.5,1.5,2.5,1.5,2.5,0.5,0.5,0.5,0.5,0.5,0.5,0.5,0.5,1.5,2.5,0.5,0.5,0.5,0.5,0.5,0.5,0.5,0.5,0.5,0.5,2.5,1.5,2.5,1.5,8.5,2.5,2.5,8.5,1.5,2.5,1.5,2.5,0.5,0.5,0.5,0.5,0.5,0.5,0.5,0.5,0.5,0.5,0.5,0.5,0.5,0.5,0.5,0.5,0.5,0.5,0.5,0.5,0.5,0.5,0.5,0.5,0.5,0.5,0.5,0.5,0.5,0.5,0.5,0.5,
87.44090271,19.1639328,129.6138,1.5,2.5,0.5,0.5,0.5,0.5,0.5,0.5,2.5,1.5,1.5,2.5,0.5,0.5,1.5,2.5,0.5,0.5,0.5,0.5,1.5,2.5,2.5,1.5,2.5,1.5,2.5,1.5,1.5,2.5,1.5,2.5,0.5,0.5,0.5,0.5,0.5,0.5,0.5,0.5,1.5,2.5,0.5,0.5,0.5,0.5,0.5,0.5,0.5,0.5,0.5,0.5,2.5,1.5,2.5,1.5,8.5,2.5,2.5,8.5,1.5,2.5,1.5,2.5,0.5,0.5,0.5,0.5,0.5,0.5,0.5,0.5,0.5,0.5,0.5,0.5,0.5,0.5,0.5,0.5,0.5,0.5,0.5,0.5,0.5,0.5,0.5,0.5,0.5,0.5,0.5,0.5,0.5,0.5,0.5,0.5,
-85.2828064,70.76855469,-70.72360229,1.5,2.5,0.5,0.5,0.5,0.5,0.5,0.5,2.5,1.5,1.5,2.5,0.5,0.5,1.5,2.5,0.5,0.5,0.5,0.5,0.5,0.5,1.5,2.5,0.5,0.5,0.5,0.5,1.5,2.5,1.5,2.5,0.5,0.5,0.5,0.5,0.5,0.5,0.5,0.5,1.5,2.5,0.5,0.5,0.5,0.5,0.5,0.5,0.5,0.5,0.5,0.5,2.5,1.5,2.5,1.5,8.5,2.5,2.5,8.5,1.5,2.5,1.5,2.5,0.5,0.5,0.5,0.5,0.5,0.5,0.5,0.5,0.5,0.5,0.5,0.5,0.5,0.5,0.5,0.5,0.5,0.5,0.5,0.5,0.5,0.5,0.5,0.5,0.5,0.5,0.5,0.5,0.5,0.5,0.5,0.5,
-82.62241364,56.82681274,-114.5689468,1.5,2.5,0.5,0.5,0.5,0.5,0.5,0.5,2.5,1.5,1.5,2.5,0.5,0.5,1.5,2.5,0.5,0.5,0.5,0.5,1.5,2.5,2.5,1.5,2.5,1.5,2.5,1.5,1.5,2.5,1.5,2.5,0.5,0.5,0.5,0.5,0.5,0.5,0.5,0.5,1.5,2.5,0.5,0.5,0.5,0.5,0.5,0.5,0.5,0.5,0.5,0.5,2.5,1.5,2.5,1.5,8.5,2.5,2.5,8.5,1.5,2.5,1.5,2.5,0.5,0.5,0.5,0.5,0.5,0.5,0.5,0.5,0.5,0.5,0.5,0.5,0.5,0.5,0.5,0.5,0.5,0.5,0.5,0.5,0.5,0.5,0.5,0.5,0.5,0.5,0.5,0.5,0.5,0.5,0.5,0.5,
43.94490051,67.19058228,25.62237549,1.5,2.5,0.5,0.5,1.5,2.5,0.5,0.5,2.5,1.5,2.5,1.5,0.5,0.5,1.5,2.5,0.5,0.5,0.5,0.5,0.5,0.5,1.5,2.5,0.5,0.5,0.5,0.5,1.5,2.5,2.5,1.5,1.5,2.5,0.5,0.5,0.5,0.5,0.5,0.5,2.5,1.5,2.5,1.5,2.5,1.5,7.5,2.5,1.5,2.5,1.5,2.5,0.5,0.5,0.5,0.5,0.5,0.5,0.5,0.5,0.5,0.5,0.5,0.5,0.5,0.5,0.5,0.5,0.5,0.5,0.5,0.5,0.5,0.5,0.5,0.5,0.5,0.5,0.5,0.5,0.5,0.5,0.5,0.5,0.5,0.5,0.5,0.5,0.5,0.5,0.5,0.5,0.5,0.5,0.5,0.5,
-13.48855591,86.31414795,-137.4672241,1.5,2.5,0.5,0.5,0.5,0.5,0.5,0.5,2.5,1.5,1.5,2.5,0.5,0.5,1.5,2.5,0.5,0.5,0.5,0.5,1.5,2.5,2.5,1.5,2.5,1.5,2.5,1.5,1.5,2.5,1.5,2.5,0.5,0.5,0.5,0.5,0.5,0.5,0.5,0.5,1.5,2.5,0.5,0.5,0.5,0.5,0.5,0.5,0.5,0.5,0.5,0.5,2.5,1.5,2.5,1.5,6.5,2.5,2.5,6.5,1.5,2.5,1.5,2.5,0.5,0.5,0.5,0.5,0.5,0.5,0.5,0.5,0.5,0.5,0.5,0.5,0.5,0.5,0.5,0.5,0.5,0.5,0.5,0.5,0.5,0.5,0.5,0.5,0.5,0.5,0.5,0.5,0.5,0.5,0.5,0.5,
-43.61903,-19.31266785,110.391571,1.5,2.5,0.5,0.5,0.5,0.5,0.5,0.5,2.5,1.5,1.5,2.5,1.5,2.5,2.5,1.5,2.5,1.5,2.5,1.5,0.5,0.5,1.5,2.5,0.5,0.5,0.5,0.5,1.5,2.5,1.5,2.5,0.5,0.5,0.5,0.5,0.5,0.5,0.5,0.5,1.5,2.5,0.5,0.5,0.5,0.5,0.5,0.5,0.5,0.5,0.5,0.5,1.5,2.5,0.5,0.5,0.5,0.5,0.5,0.5,0.5,0.5,0.5,0.5,0.5,0.5,0.5,0.5,0.5,0.5,0.5,0.5,1.5,2.5,0.5,0.5,7.5,2.5,7.5,5.5,1.5,2.5,1.5,2.5,0.5,0.5,0.5,0.5,0.5,0.5,0.5,0.5,0.5,0.5,0.5,0.5,
19.75417328,60.79275513,120.6549988,1.5,2.5,0.5,0.5,1.5,2.5,0.5,0.5,2.5,1.5,2.5,1.5,0.5,0.5,1.5,2.5,0.5,0.5,0.5,0.5,1.5,2.5,2.5,1.5,2.5,1.5,2.5,1.5,1.5,2.5,2.5,1.5,1.5,2.5,0.5,0.5,0.5,0.5,0.5,0.5,2.5,1.5,2.5,1.5,1.5,2.5,0.5,0.5,0.5,0.5,0.5,0.5,2.5,1.5,1.5,2.5,0.5,0.5,0.5,0.5,0.5,0.5,0.5,0.5,7.5,2.5,2.5,7.5,1.5,2.5,1.5,2.5,0.5,0.5,0.5,0.5,0.5,0.5,0.5,0.5,0.5,0.5,0.5,0.5,0.5,0.5,0.5,0.5,0.5,0.5,0.5,0.5,0.5,0.5,0.5,0.5,
92.52748108,81.73522949,-195.8688202,1.5,2.5,0.5,0.5,0.5,0.5,0.5,0.5,2.5,1.5,1.5,2.5,1.5,2.5,2.5,1.5,2.5,1.5,2.5,1.5,0.5,0.5,1.5,2.5,0.5,0.5,0.5,0.5,1.5,2.5,1.5,2.5,0.5,0.5,0.5,0.5,0.5,0.5,0.5,0.5,1.5,2.5,0.5,0.5,0.5,0.5,0.5,0.5,0.5,0.5,0.5,0.5,1.5,2.5,0.5,0.5,0.5,0.5,0.5,0.5,0.5,0.5,0.5,0.5,0.5,0.5,0.5,0.5,0.5,0.5,0.5,0.5,1.5,2.5,0.5,0.5,6.5,2.5,6.5,1.5,1.5,2.5,1.5,2.5,0.5,0.5,0.5,0.5,0.5,0.5,0.5,0.5,0.5,0.5,0.5,0.5,
2.666236877,92.96955872,70.00445557,1.5,2.5,0.5,0.5,1.5,2.5,0.5,0.5,2.5,1.5,2.5,1.5,0.5,0.5,1.5,2.5,0.5,0.5,0.5,0.5,0.5,0.5,1.5,2.5,0.5,0.5,0.5,0.5,1.5,2.5,2.5,1.5,2.5,1.5,4.5,2.5,1.5,2.5,1.5,2.5,0.5,0.5,0.5,0.5,0.5,0.5,0.5,0.5,0.5,0.5,0.5,0.5,0.5,0.5,0.5,0.5,0.5,0.5,0.5,0.5,0.5,0.5,0.5,0.5,0.5,0.5,0.5,0.5,0.5,0.5,0.5,0.5,0.5,0.5,0.5,0.5,0.5,0.5,0.5,0.5,0.5,0.5,0.5,0.5,0.5,0.5,0.5,0.5,0.5,0.5,0.5,0.5,0.5,0.5,0.5,0.5,
13.40651703,86.43632507,-73.22783661,1.5,2.5,0.5,0.5,1.5,2.5,0.5,0.5,2.5,1.5,2.5,1.5,0.5,0.5,1.5,2.5,0.5,0.5,0.5,0.5,0.5,0.5,1.5,2.5,0.5,0.5,0.5,0.5,1.5,2.5,2.5,1.5,2.5,1.5,6.5,2.5,1.5,2.5,1.5,2.5,0.5,0.5,0.5,0.5,0.5,0.5,0.5,0.5,0.5,0.5,0.5,0.5,0.5,0.5,0.5,0.5,0.5,0.5,0.5,0.5,0.5,0.5,0.5,0.5,0.5,0.5,0.5,0.5,0.5,0.5,0.5,0.5,0.5,0.5,0.5,0.5,0.5,0.5,0.5,0.5,0.5,0.5,0.5,0.5,0.5,0.5,0.5,0.5,0.5,0.5,0.5,0.5,0.5,0.5,0.5,0.5,
93.4094696,96.34083557,143.339447,1.5,2.5,0.5,0.5,1.5,2.5,0.5,0.5,2.5,1.5,2.5,1.5,0.5,0.5,1.5,2.5,0.5,0.5,0.5,0.5,1.5,2.5,2.5,1.5,2.5,1.5,2.5,1.5,1.5,2.5,2.5,1.5,1.5,2.5,0.5,0.5,0.5,0.5,0.5,0.5,2.5,1.5,2.5,1.5,1.5,2.5,0.5,0.5,0.5,0.5,0.5,0.5,2.5,1.5,1.5,2.5,0.5,0.5,0.5,0.5,0.5,0.5,0.5,0.5,8.5,2.5,2.5,8.5,1.5,2.5,1.5,2.5,0.5,0.5,0.5,0.5,0.5,0.5,0.5,0.5,0.5,0.5,0.5,0.5,0.5,0.5,0.5,0.5,0.5,0.5,0.5,0.5,0.5,0.5,0.5,0.5,